indice_original,data,particao,ordem
6951,2022-06-06,treino,0
430,2002-09-09,treino,1
4335,2015-03-22,treino,2
6382,2020-11-12,treino,3
7076,2022-10-10,treino,4
8236,2026-05-01,treino,5
3017,2011-07-06,treino,6
6532,2021-04-11,treino,7
6245,2020-06-28,treino,8
5763,2019-03-03,treino,9
2554,2009-12-13,treino,10
5318,2017-12-11,treino,11
240,2001-12-12,treino,12
783,2004-02-07,treino,13
1354,2006-06-10,treino,14
3833,2013-10-24,treino,15
977,2005-01-28,treino,16
809,2004-03-14,treino,17
2168,2008-10-11,treino,18
3881,2013-12-13,treino,19
1599,2007-03-02,treino,20
2663,2010-07-11,treino,21
3475,2012-10-21,treino,22
7588,2024-03-13,treino,23
1620,2007-03-24,treino,24
3131,2011-10-29,treino,25
1482,2006-10-19,treino,26
2146,2008-09-19,treino,27
1801,2007-09-27,treino,28
2095,2008-07-30,treino,29
6654,2021-08-12,treino,30
1357,2006-06-13,treino,31
5597,2018-09-17,treino,32
5269,2017-10-23,treino,33
3202,2012-01-09,treino,34
4932,2016-11-12,treino,35
7020,2022-08-15,treino,36
2899,2011-03-05,treino,37
3504,2012-11-19,treino,38
3355,2012-06-22,treino,39
4140,2014-09-04,treino,40
7846,2024-11-26,treino,41
7369,2023-07-30,treino,42
2328,2009-03-25,treino,43
29,2001-02-20,treino,44
4951,2016-12-01,treino,45
7982,2025-04-11,treino,46
1092,2005-05-27,treino,47
124,2001-07-29,treino,48
4480,2015-08-17,treino,49
7001,2022-07-27,treino,50
3350,2012-06-17,treino,51
5180,2017-07-25,treino,52
2298,2009-02-23,treino,53
5397,2018-02-28,treino,54
1553,2007-01-12,treino,55
7147,2022-12-20,treino,56
598,2003-06-30,treino,57
5824,2019-05-03,treino,58
1416,2006-08-11,treino,59
4094,2014-07-18,treino,60
4373,2015-04-29,treino,61
7009,2022-08-04,treino,62
5882,2019-06-30,treino,63
2197,2008-11-09,treino,64
4421,2015-06-17,treino,65
4774,2016-06-07,treino,66
7384,2023-08-14,treino,67
2887,2011-02-21,treino,68
4139,2014-09-03,treino,69
808,2004-03-13,treino,70
5799,2019-04-08,treino,71
958,2005-01-08,treino,72
2619,2010-05-28,treino,73
4959,2016-12-09,treino,74
810,2004-03-15,treino,75
834,2004-04-13,treino,76
5520,2018-07-02,treino,77
2423,2009-06-28,treino,78
2858,2011-01-23,treino,79
1235,2006-01-15,treino,80
1225,2006-01-05,treino,81
5538,2018-07-20,treino,82
6026,2019-11-22,treino,83
6841,2022-02-15,treino,84
7620,2024-04-14,treino,85
3080,2011-09-07,treino,86
6224,2020-06-07,treino,87
6249,2020-07-02,treino,88
2988,2011-06-07,treino,89
5823,2019-05-02,treino,90
1657,2007-04-30,treino,91
7207,2023-02-18,treino,92
7189,2023-01-31,treino,93
452,2002-10-06,treino,94
5072,2017-04-08,treino,95
2609,2010-05-14,treino,96
422,2002-08-31,treino,97
1220,2005-12-31,treino,98
4454,2015-07-22,treino,99
4801,2016-07-04,treino,100
7896,2025-01-15,treino,101
3567,2013-01-21,treino,102
102,2001-05-08,treino,103
2418,2009-06-23,treino,104
5198,2017-08-12,treino,105
4750,2016-05-14,treino,106
1580,2007-02-11,treino,107
3043,2011-08-01,treino,108
2206,2008-11-18,treino,109
170,2001-09-13,treino,110
6266,2020-07-19,treino,111
135,2001-08-09,treino,112
3608,2013-03-03,treino,113
4776,2016-06-09,treino,114
1310,2006-04-09,treino,115
7613,2024-04-07,treino,116
2284,2009-02-06,treino,117
4641,2016-01-26,treino,118
2685,2010-08-02,treino,119
4251,2014-12-27,treino,120
4847,2016-08-19,treino,121
1935,2008-02-12,treino,122
7429,2023-09-28,treino,123
3044,2011-08-02,treino,124
3032,2011-07-21,treino,125
807,2004-03-12,treino,126
2045,2008-06-10,treino,127
3148,2011-11-15,treino,128
462,2002-10-18,treino,129
1956,2008-03-05,treino,130
2445,2009-08-24,treino,131
4076,2014-06-30,treino,132
799,2004-02-29,treino,133
2402,2009-06-07,treino,134
5546,2018-07-28,treino,135
1073,2005-05-07,treino,136
7350,2023-07-11,treino,137
144,2001-08-18,treino,138
5706,2019-01-04,treino,139
1340,2006-05-26,treino,140
3078,2011-09-05,treino,141
3482,2012-10-28,treino,142
2091,2008-07-26,treino,143
5266,2017-10-20,treino,144
7282,2023-05-04,treino,145
7623,2024-04-17,treino,146
5125,2017-05-31,treino,147
5037,2017-03-04,treino,148
3133,2011-10-31,treino,149
2650,2010-06-28,treino,150
4764,2016-05-28,treino,151
1003,2005-02-24,treino,152
6548,2021-04-27,treino,153
4772,2016-06-05,treino,154
555,2003-05-01,treino,155
3357,2012-06-24,treino,156
7121,2022-11-24,treino,157
1485,2006-10-22,treino,158
6054,2019-12-20,treino,159
1272,2006-02-22,treino,160
1411,2006-08-06,treino,161
7462,2023-10-31,treino,162
7736,2024-08-08,treino,163
1471,2006-10-07,treino,164
6662,2021-08-20,treino,165
6624,2021-07-12,treino,166
3473,2012-10-19,treino,167
5020,2017-02-15,treino,168
4886,2016-09-27,treino,169
8196,2026-02-04,treino,170
7134,2022-12-07,treino,171
3127,2011-10-24,treino,172
981,2005-02-01,treino,173
7175,2023-01-17,treino,174
3101,2011-09-28,treino,175
7466,2023-11-04,treino,176
1268,2006-02-18,treino,177
2462,2009-09-10,treino,178
3532,2012-12-17,treino,179
268,2002-01-17,treino,180
654,2003-09-17,treino,181
2897,2011-03-03,treino,182
5876,2019-06-24,treino,183
3142,2011-11-09,treino,184
5192,2017-08-06,treino,185
4306,2015-02-21,treino,186
589,2003-06-21,treino,187
495,2002-12-06,treino,188
3025,2011-07-14,treino,189
3092,2011-09-19,treino,190
4640,2016-01-25,treino,191
4248,2014-12-23,treino,192
5327,2017-12-20,treino,193
6797,2022-01-02,treino,194
6967,2022-06-22,treino,195
1808,2007-10-04,treino,196
7279,2023-05-01,treino,197
3274,2012-03-30,treino,198
3859,2013-11-19,treino,199
4751,2016-05-15,treino,200
677,2003-10-13,treino,201
4958,2016-12-08,treino,202
5698,2018-12-27,treino,203
5414,2018-03-17,treino,204
6805,2022-01-10,treino,205
4945,2016-11-25,treino,206
7335,2023-06-26,treino,207
2432,2009-07-22,treino,208
6825,2022-01-30,treino,209
4262,2015-01-07,treino,210
551,2003-04-27,treino,211
4347,2015-04-03,treino,212
3034,2011-07-23,treino,213
2836,2011-01-01,treino,214
1611,2007-03-15,treino,215
4507,2015-09-13,treino,216
7181,2023-01-23,treino,217
2847,2011-01-12,treino,218
3592,2013-02-15,treino,219
5209,2017-08-23,treino,220
2929,2011-04-08,treino,221
4189,2014-10-25,treino,222
4824,2016-07-27,treino,223
605,2003-07-11,treino,224
3479,2012-10-25,treino,225
5563,2018-08-14,treino,226
1468,2006-10-04,treino,227
6248,2020-07-01,treino,228
7903,2025-01-22,treino,229
4180,2014-10-15,treino,230
4035,2014-05-20,treino,231
7835,2024-11-15,treino,232
843,2004-04-24,treino,233
2155,2008-09-28,treino,234
7246,2023-03-29,treino,235
8101,2025-08-08,treino,236
2077,2008-07-12,treino,237
4331,2015-03-18,treino,238
4981,2017-01-06,treino,239
4056,2014-06-10,treino,240
5044,2017-03-11,treino,241
584,2003-06-16,treino,242
7690,2024-06-23,treino,243
3000,2011-06-19,treino,244
4701,2016-03-26,treino,245
3393,2012-07-30,treino,246
4816,2016-07-19,treino,247
7080,2022-10-14,treino,248
5418,2018-03-21,treino,249
5141,2017-06-16,treino,250
7179,2023-01-21,treino,251
7563,2024-02-16,treino,252
7897,2025-01-16,treino,253
8146,2025-09-27,treino,254
2550,2009-12-09,treino,255
5972,2019-09-29,treino,256
344,2002-04-21,treino,257
6729,2021-10-26,treino,258
4902,2016-10-13,treino,259
3649,2013-04-15,treino,260
7945,2025-03-05,treino,261
871,2004-06-12,treino,262
6562,2021-05-11,treino,263
4207,2014-11-12,treino,264
5707,2019-01-05,treino,265
90,2001-04-26,treino,266
7317,2023-06-08,treino,267
4474,2015-08-11,treino,268
8026,2025-05-25,treino,269
6066,2020-01-01,treino,270
5501,2018-06-13,treino,271
2117,2008-08-21,treino,272
4486,2015-08-23,treino,273
8269,2026-06-21,treino,274
4848,2016-08-20,treino,275
3937,2014-02-09,treino,276
947,2004-12-28,treino,277
4338,2015-03-25,treino,278
3528,2012-12-13,treino,279
4490,2015-08-27,treino,280
883,2004-06-25,treino,281
4901,2016-10-12,treino,282
4292,2015-02-07,treino,283
4907,2016-10-18,treino,284
3172,2011-12-09,treino,285
7795,2024-10-06,treino,286
7763,2024-09-04,treino,287
6259,2020-07-12,treino,288
5662,2018-11-21,treino,289
5050,2017-03-17,treino,290
5647,2018-11-06,treino,291
6069,2020-01-04,treino,292
5944,2019-09-01,treino,293
2415,2009-06-20,treino,294
7693,2024-06-26,treino,295
6428,2020-12-28,treino,296
5922,2019-08-10,treino,297
6703,2021-09-30,treino,298
6314,2020-09-05,treino,299
3204,2012-01-11,treino,300
2398,2009-06-03,treino,301
2209,2008-11-21,treino,302
1710,2007-06-26,treino,303
104,2001-05-10,treino,304
7259,2023-04-11,treino,305
1186,2005-09-05,treino,306
7507,2023-12-16,treino,307
8125,2025-09-01,treino,308
6093,2020-01-28,treino,309
6449,2021-01-18,treino,310
8235,2026-04-30,treino,311
151,2001-08-25,treino,312
915,2004-11-24,treino,313
1305,2006-03-30,treino,314
4775,2016-06-08,treino,315
5471,2018-05-14,treino,316
7617,2024-04-11,treino,317
6165,2020-04-09,treino,318
4985,2017-01-11,treino,319
5593,2018-09-13,treino,320
2796,2010-11-22,treino,321
7913,2025-02-01,treino,322
1398,2006-07-24,treino,323
2519,2009-11-08,treino,324
183,2001-09-26,treino,325
4609,2015-12-25,treino,326
6764,2021-11-30,treino,327
3358,2012-06-25,treino,328
2417,2009-06-22,treino,329
471,2002-10-28,treino,330
967,2005-01-18,treino,331
5653,2018-11-12,treino,332
5584,2018-09-04,treino,333
2656,2010-07-04,treino,334
209,2001-10-24,treino,335
1961,2008-03-14,treino,336
896,2004-11-05,treino,337
6426,2020-12-26,treino,338
2860,2011-01-25,treino,339
5577,2018-08-28,treino,340
1773,2007-08-30,treino,341
8164,2025-12-24,treino,342
2299,2009-02-24,treino,343
1209,2005-12-20,treino,344
7829,2024-11-09,treino,345
4827,2016-07-30,treino,346
8305,2026-08-05,treino,347
1270,2006-02-20,treino,348
1251,2006-01-31,treino,349
4128,2014-08-22,treino,350
5253,2017-10-07,treino,351
3542,2012-12-27,treino,352
5102,2017-05-08,treino,353
5153,2017-06-28,treino,354
292,2002-02-15,treino,355
3315,2012-05-10,treino,356
1051,2005-04-14,treino,357
6130,2020-03-05,treino,358
3647,2013-04-13,treino,359
272,2002-01-23,treino,360
2042,2008-06-07,treino,361
5583,2018-09-03,treino,362
6521,2021-03-31,treino,363
4190,2014-10-26,treino,364
3322,2012-05-17,treino,365
1086,2005-05-20,treino,366
3978,2014-03-22,treino,367
4608,2015-12-24,treino,368
4651,2016-02-05,treino,369
6071,2020-01-06,treino,370
3362,2012-06-29,treino,371
3934,2014-02-06,treino,372
5389,2018-02-20,treino,373
5710,2019-01-08,treino,374
5717,2019-01-16,treino,375
5292,2017-11-15,treino,376
3106,2011-10-03,treino,377
4779,2016-06-12,treino,378
613,2003-07-20,treino,379
6494,2021-03-04,treino,380
4157,2014-09-21,treino,381
5361,2018-01-23,treino,382
5669,2018-11-28,treino,383
5775,2019-03-15,treino,384
1748,2007-08-04,treino,385
7634,2024-04-28,treino,386
6486,2021-02-24,treino,387
3879,2013-12-11,treino,388
3742,2013-07-22,treino,389
5296,2017-11-19,treino,390
2662,2010-07-10,treino,391
5712,2019-01-10,treino,392
6023,2019-11-19,treino,393
2154,2008-09-27,treino,394
1344,2006-05-30,treino,395
8178,2026-01-07,treino,396
6419,2020-12-19,treino,397
2991,2011-06-10,treino,398
952,2005-01-02,treino,399
7514,2023-12-25,treino,400
1504,2006-11-15,treino,401
5591,2018-09-11,treino,402
1806,2007-10-02,treino,403
3418,2012-08-24,treino,404
1121,2005-07-01,treino,405
4782,2016-06-15,treino,406
7703,2024-07-06,treino,407
5095,2017-05-01,treino,408
5473,2018-05-16,treino,409
6141,2020-03-16,treino,410
5114,2017-05-20,treino,411
5515,2018-06-27,treino,412
7960,2025-03-20,treino,413
416,2002-08-25,treino,414
5012,2017-02-07,treino,415
2431,2009-07-21,treino,416
5621,2018-10-11,treino,417
564,2003-05-16,treino,418
2526,2009-11-15,treino,419
5446,2018-04-19,treino,420
1224,2006-01-04,treino,421
142,2001-08-16,treino,422
4194,2014-10-30,treino,423
1490,2006-10-28,treino,424
7878,2024-12-28,treino,425
6271,2020-07-24,treino,426
3621,2013-03-16,treino,427
5768,2019-03-08,treino,428
2653,2010-07-01,treino,429
2004,2008-04-26,treino,430
1194,2005-12-05,treino,431
3298,2012-04-23,treino,432
5214,2017-08-28,treino,433
4398,2015-05-24,treino,434
1756,2007-08-12,treino,435
497,2003-01-10,treino,436
2995,2011-06-14,treino,437
6434,2021-01-03,treino,438
870,2004-06-10,treino,439
912,2004-11-21,treino,440
721,2003-11-26,treino,441
8170,2025-12-30,treino,442
6171,2020-04-15,treino,443
4591,2015-12-06,treino,444
1496,2006-11-03,treino,445
6761,2021-11-27,treino,446
1520,2006-12-03,treino,447
5419,2018-03-22,treino,448
2746,2010-10-03,treino,449
3805,2013-09-24,treino,450
314,2002-03-15,treino,451
3761,2013-08-10,treino,452
6818,2022-01-23,treino,453
108,2001-05-19,treino,454
1754,2007-08-10,treino,455
5946,2019-09-03,treino,456
1351,2006-06-06,treino,457
4781,2016-06-14,treino,458
4692,2016-03-17,treino,459
8295,2026-07-25,treino,460
1973,2008-03-26,treino,461
336,2002-04-11,treino,462
2764,2010-10-21,treino,463
5458,2018-05-01,treino,464
5968,2019-09-25,treino,465
6698,2021-09-25,treino,466
4043,2014-05-28,treino,467
5738,2019-02-06,treino,468
3265,2012-03-20,treino,469
3686,2013-05-24,treino,470
2809,2010-12-05,treino,471
724,2003-11-29,treino,472
765,2004-01-18,treino,473
4590,2015-12-05,treino,474
4210,2014-11-15,treino,475
4950,2016-11-30,treino,476
307,2002-03-08,treino,477
1278,2006-03-03,treino,478
348,2002-04-25,treino,479
5728,2019-01-27,treino,480
6597,2021-06-15,treino,481
4417,2015-06-13,treino,482
7675,2024-06-08,treino,483
1791,2007-09-17,treino,484
4409,2015-06-05,treino,485
4582,2015-11-27,treino,486
4078,2014-07-02,treino,487
7349,2023-07-10,treino,488
2053,2008-06-18,treino,489
6187,2020-05-01,treino,490
3428,2012-09-04,treino,491
71,2001-04-07,treino,492
6572,2021-05-21,treino,493
2759,2010-10-16,treino,494
4370,2015-04-26,treino,495
5827,2019-05-06,treino,496
4983,2017-01-08,treino,497
4374,2015-04-30,treino,498
7535,2024-01-18,treino,499
6623,2021-07-11,treino,500
1260,2006-02-09,treino,501
1666,2007-05-09,treino,502
8185,2026-01-15,treino,503
4309,2015-02-24,treino,504
4502,2015-09-08,treino,505
7453,2023-10-22,treino,506
2167,2008-10-10,treino,507
8058,2025-06-26,treino,508
2533,2009-11-22,treino,509
1695,2007-06-11,treino,510
2892,2011-02-26,treino,511
1095,2005-05-30,treino,512
6380,2020-11-10,treino,513
6207,2020-05-21,treino,514
6389,2020-11-19,treino,515
1630,2007-04-03,treino,516
5316,2017-12-09,treino,517
1881,2007-12-20,treino,518
6956,2022-06-11,treino,519
5686,2018-12-15,treino,520
1612,2007-03-16,treino,521
978,2005-01-29,treino,522
1413,2006-08-08,treino,523
6029,2019-11-25,treino,524
6790,2021-12-26,treino,525
848,2004-05-01,treino,526
7172,2023-01-14,treino,527
6773,2021-12-09,treino,528
6510,2021-03-20,treino,529
2877,2011-02-11,treino,530
2271,2009-01-23,treino,531
2392,2009-05-28,treino,532
6686,2021-09-13,treino,533
1830,2007-10-26,treino,534
3070,2011-08-28,treino,535
5679,2018-12-08,treino,536
47,2001-03-10,treino,537
7789,2024-09-30,treino,538
4610,2015-12-26,treino,539
1350,2006-06-05,treino,540
7884,2025-01-03,treino,541
3889,2013-12-22,treino,542
446,2002-09-27,treino,543
2248,2008-12-30,treino,544
1743,2007-07-30,treino,545
844,2004-04-25,treino,546
4222,2014-11-27,treino,547
6707,2021-10-04,treino,548
6682,2021-09-09,treino,549
3527,2012-12-12,treino,550
2440,2009-08-19,treino,551
8091,2025-07-29,treino,552
678,2003-10-14,treino,553
3780,2013-08-29,treino,554
3956,2014-02-28,treino,555
4761,2016-05-25,treino,556
1294,2006-03-19,treino,557
5035,2017-03-02,treino,558
4195,2014-10-31,treino,559
4793,2016-06-26,treino,560
7912,2025-01-31,treino,561
8099,2025-08-06,treino,562
5062,2017-03-29,treino,563
1112,2005-06-16,treino,564
3611,2013-03-06,treino,565
776,2004-01-30,treino,566
8005,2025-05-04,treino,567
2231,2008-12-13,treino,568
2228,2008-12-10,treino,569
2153,2008-09-26,treino,570
5766,2019-03-06,treino,571
6221,2020-06-04,treino,572
3411,2012-08-17,treino,573
7663,2024-05-27,treino,574
1366,2006-06-22,treino,575
1469,2006-10-05,treino,576
1851,2007-11-20,treino,577
1963,2008-03-16,treino,578
8145,2025-09-26,treino,579
5077,2017-04-13,treino,580
7694,2024-06-27,treino,581
1289,2006-03-14,treino,582
485,2002-11-12,treino,583
2239,2008-12-21,treino,584
4315,2015-03-02,treino,585
7202,2023-02-13,treino,586
5510,2018-06-22,treino,587
6503,2021-03-13,treino,588
30,2001-02-21,treino,589
4252,2014-12-28,treino,590
1879,2007-12-18,treino,591
6147,2020-03-22,treino,592
7230,2023-03-13,treino,593
5386,2018-02-17,treino,594
6018,2019-11-14,treino,595
5478,2018-05-21,treino,596
7931,2025-02-19,treino,597
1036,2005-03-30,treino,598
636,2003-08-18,treino,599
8180,2026-01-10,treino,600
4348,2015-04-04,treino,601
1083,2005-05-17,treino,602
2615,2010-05-20,treino,603
861,2004-05-21,treino,604
5371,2018-02-02,treino,605
903,2004-11-12,treino,606
4085,2014-07-09,treino,607
109,2001-05-20,treino,608
8134,2025-09-13,treino,609
8023,2025-05-22,treino,610
3620,2013-03-15,treino,611
5605,2018-09-25,treino,612
7101,2022-11-04,treino,613
4004,2014-04-19,treino,614
6226,2020-06-09,treino,615
1831,2007-10-27,treino,616
6735,2021-11-01,treino,617
3424,2012-08-31,treino,618
782,2004-02-06,treino,619
563,2003-05-15,treino,620
4412,2015-06-08,treino,621
5187,2017-08-01,treino,622
5656,2018-11-15,treino,623
3985,2014-03-29,treino,624
7886,2025-01-05,treino,625
6324,2020-09-15,treino,626
1825,2007-10-21,treino,627
2617,2010-05-26,treino,628
5845,2019-05-24,treino,629
1094,2005-05-29,treino,630
5950,2019-09-07,treino,631
4299,2015-02-14,treino,632
4710,2016-04-04,treino,633
5156,2017-07-01,treino,634
4031,2014-05-16,treino,635
6575,2021-05-24,treino,636
6782,2021-12-18,treino,637
6752,2021-11-18,treino,638
1654,2007-04-27,treino,639
6928,2022-05-14,treino,640
7758,2024-08-30,treino,641
2323,2009-03-20,treino,642
2413,2009-06-18,treino,643
6495,2021-03-05,treino,644
2654,2010-07-02,treino,645
3352,2012-06-19,treino,646
3477,2012-10-23,treino,647
2678,2010-07-26,treino,648
5518,2018-06-30,treino,649
5521,2018-07-03,treino,650
3590,2013-02-13,treino,651
7642,2024-05-06,treino,652
7203,2023-02-14,treino,653
178,2001-09-21,treino,654
7908,2025-01-27,treino,655
7432,2023-10-01,treino,656
1534,2006-12-20,treino,657
5890,2019-07-08,treino,658
1204,2005-12-15,treino,659
2202,2008-11-14,treino,660
3794,2013-09-13,treino,661
6867,2022-03-13,treino,662
6538,2021-04-17,treino,663
7090,2022-10-24,treino,664
4367,2015-04-23,treino,665
975,2005-01-26,treino,666
4747,2016-05-11,treino,667
1770,2007-08-27,treino,668
829,2004-04-08,treino,669
941,2004-12-22,treino,670
3520,2012-12-05,treino,671
2486,2009-10-04,treino,672
627,2003-08-05,treino,673
7250,2023-04-02,treino,674
4987,2017-01-13,treino,675
925,2004-12-05,treino,676
3033,2011-07-22,treino,677
295,2002-02-18,treino,678
1052,2005-04-15,treino,679
6827,2022-02-01,treino,680
2707,2010-08-25,treino,681
6653,2021-08-11,treino,682
7589,2024-03-14,treino,683
4808,2016-07-11,treino,684
5837,2019-05-16,treino,685
2789,2010-11-15,treino,686
944,2004-12-25,treino,687
6734,2021-10-31,treino,688
7017,2022-08-12,treino,689
8001,2025-04-30,treino,690
12,2001-01-30,treino,691
1117,2005-06-21,treino,692
7219,2023-03-02,treino,693
2690,2010-08-08,treino,694
3918,2014-01-20,treino,695
3469,2012-10-15,treino,696
5213,2017-08-27,treino,697
1319,2006-04-20,treino,698
779,2004-02-03,treino,699
8229,2026-04-18,treino,700
7746,2024-08-18,treino,701
4467,2015-08-04,treino,702
7044,2022-09-08,treino,703
5382,2018-02-13,treino,704
433,2002-09-12,treino,705
653,2003-09-16,treino,706
2477,2009-09-25,treino,707
5030,2017-02-25,treino,708
7899,2025-01-18,treino,709
4937,2016-11-17,treino,710
5106,2017-05-12,treino,711
4885,2016-09-26,treino,712
3396,2012-08-02,treino,713
8213,2026-03-08,treino,714
7297,2023-05-19,treino,715
2886,2011-02-20,treino,716
3135,2011-11-02,treino,717
6826,2022-01-31,treino,718
3463,2012-10-09,treino,719
6180,2020-04-24,treino,720
3305,2012-04-30,treino,721
3317,2012-05-12,treino,722
5894,2019-07-12,treino,723
2904,2011-03-11,treino,724
570,2003-05-22,treino,725
1448,2006-09-13,treino,726
8309,2026-08-09,treino,727
4753,2016-05-17,treino,728
6361,2020-10-22,treino,729
4695,2016-03-20,treino,730
6964,2022-06-19,treino,731
1745,2007-08-01,treino,732
2741,2010-09-28,treino,733
1590,2007-02-21,treino,734
3226,2012-02-02,treino,735
8047,2025-06-15,treino,736
2236,2008-12-18,treino,737
287,2002-02-10,treino,738
1738,2007-07-24,treino,739
5322,2017-12-15,treino,740
7476,2023-11-15,treino,741
3813,2013-10-03,treino,742
8252,2026-05-24,treino,743
5057,2017-03-24,treino,744
4060,2014-06-14,treino,745
4908,2016-10-19,treino,746
2827,2010-12-23,treino,747
1684,2007-05-29,treino,748
7152,2022-12-25,treino,749
1338,2006-05-20,treino,750
4857,2016-08-29,treino,751
2742,2010-09-29,treino,752
993,2005-02-14,treino,753
6942,2022-05-28,treino,754
650,2003-09-12,treino,755
4730,2016-04-24,treino,756
2902,2011-03-08,treino,757
2258,2009-01-09,treino,758
6041,2019-12-07,treino,759
6135,2020-03-10,treino,760
2986,2011-06-05,treino,761
5143,2017-06-18,treino,762
2121,2008-08-25,treino,763
6968,2022-06-23,treino,764
6899,2022-04-15,treino,765
4661,2016-02-15,treino,766
1564,2007-01-23,treino,767
6473,2021-02-11,treino,768
4920,2016-10-31,treino,769
2584,2010-04-19,treino,770
6929,2022-05-15,treino,771
2185,2008-10-28,treino,772
3196,2012-01-03,treino,773
708,2003-11-13,treino,774
1231,2006-01-11,treino,775
6370,2020-10-31,treino,776
1258,2006-02-07,treino,777
2254,2009-01-05,treino,778
1951,2008-02-29,treino,779
7871,2024-12-21,treino,780
113,2001-05-24,treino,781
7177,2023-01-19,treino,782
2509,2009-10-29,treino,783
7309,2023-05-31,treino,784
4313,2015-02-28,treino,785
3296,2012-04-21,treino,786
2548,2009-12-07,treino,787
3781,2013-08-30,treino,788
507,2003-02-03,treino,789
4635,2016-01-20,treino,790
4336,2015-03-23,treino,791
7544,2024-01-27,treino,792
6912,2022-04-28,treino,793
5729,2019-01-28,treino,794
6312,2020-09-03,treino,795
4503,2015-09-09,treino,796
2850,2011-01-15,treino,797
4956,2016-12-06,treino,798
4514,2015-09-20,treino,799
7966,2025-03-26,treino,800
350,2002-04-27,treino,801
5013,2017-02-08,treino,802
2906,2011-03-13,treino,803
4601,2015-12-17,treino,804
4740,2016-05-04,treino,805
2505,2009-10-25,treino,806
2620,2010-05-29,treino,807
4587,2015-12-02,treino,808
1114,2005-06-18,treino,809
2846,2011-01-11,treino,810
5987,2019-10-14,treino,811
298,2002-02-21,treino,812
1675,2007-05-20,treino,813
6720,2021-10-17,treino,814
8021,2025-05-20,treino,815
8043,2025-06-11,treino,816
6462,2021-01-31,treino,817
7780,2024-09-21,treino,818
4002,2014-04-17,treino,819
4074,2014-06-28,treino,820
229,2001-11-27,treino,821
76,2001-04-12,treino,822
103,2001-05-09,treino,823
5887,2019-07-05,treino,824
1722,2007-07-08,treino,825
5462,2018-05-05,treino,826
2103,2008-08-07,treino,827
6661,2021-08-19,treino,828
3997,2014-04-11,treino,829
4166,2014-09-30,treino,830
4102,2014-07-26,treino,831
5498,2018-06-10,treino,832
6743,2021-11-09,treino,833
5668,2018-11-27,treino,834
1614,2007-03-18,treino,835
607,2003-07-13,treino,836
7442,2023-10-11,treino,837
4999,2017-01-25,treino,838
1093,2005-05-28,treino,839
3487,2012-11-02,treino,840
2622,2010-05-31,treino,841
6855,2022-03-01,treino,842
8249,2026-05-16,treino,843
8036,2025-06-04,treino,844
203,2001-10-18,treino,845
2387,2009-05-23,treino,846
5815,2019-04-24,treino,847
4872,2016-09-13,treino,848
837,2004-04-16,treino,849
2934,2011-04-13,treino,850
5090,2017-04-26,treino,851
2435,2009-07-25,treino,852
1230,2006-01-10,treino,853
6438,2021-01-07,treino,854
5720,2019-01-19,treino,855
1609,2007-03-12,treino,856
7921,2025-02-09,treino,857
5402,2018-03-05,treino,858
7635,2024-04-29,treino,859
4994,2017-01-20,treino,860
4856,2016-08-28,treino,861
2732,2010-09-19,treino,862
7395,2023-08-25,treino,863
5901,2019-07-20,treino,864
6511,2021-03-21,treino,865
6846,2022-02-20,treino,866
7922,2025-02-10,treino,867
5049,2017-03-16,treino,868
8296,2026-07-26,treino,869
7784,2024-09-25,treino,870
6468,2021-02-06,treino,871
5221,2017-09-04,treino,872
6552,2021-05-01,treino,873
4317,2015-03-04,treino,874
657,2003-09-20,treino,875
790,2004-02-15,treino,876
4766,2016-05-30,treino,877
5155,2017-06-30,treino,878
6976,2022-07-01,treino,879
5957,2019-09-14,treino,880
2561,2009-12-27,treino,881
2640,2010-06-18,treino,882
1359,2006-06-15,treino,883
6356,2020-10-17,treino,884
6225,2020-06-08,treino,885
2347,2009-04-13,treino,886
5781,2019-03-21,treino,887
4229,2014-12-04,treino,888
2781,2010-11-07,treino,889
7481,2023-11-20,treino,890
6228,2020-06-11,treino,891
6440,2021-01-09,treino,892
3844,2013-11-04,treino,893
6412,2020-12-12,treino,894
7393,2023-08-23,treino,895
5692,2018-12-21,treino,896
615,2003-07-22,treino,897
2575,2010-04-10,treino,898
6481,2021-02-19,treino,899
2314,2009-03-11,treino,900
3340,2012-06-07,treino,901
1705,2007-06-21,treino,902
6011,2019-11-07,treino,903
5649,2018-11-08,treino,904
7220,2023-03-03,treino,905
1780,2007-09-06,treino,906
4393,2015-05-19,treino,907
803,2004-03-06,treino,908
857,2004-05-15,treino,909
6306,2020-08-28,treino,910
7661,2024-05-25,treino,911
990,2005-02-10,treino,912
5702,2018-12-31,treino,913
4475,2015-08-12,treino,914
6648,2021-08-06,treino,915
5990,2019-10-17,treino,916
219,2001-11-04,treino,917
5494,2018-06-06,treino,918
1288,2006-03-13,treino,919
3163,2011-11-30,treino,920
582,2003-06-14,treino,921
2618,2010-05-27,treino,922
43,2001-03-06,treino,923
1234,2006-01-14,treino,924
5976,2019-10-03,treino,925
6140,2020-03-15,treino,926
6277,2020-07-30,treino,927
6409,2020-12-09,treino,928
8182,2026-01-12,treino,929
1892,2007-12-31,treino,930
7643,2024-05-07,treino,931
7406,2023-09-05,treino,932
8129,2025-09-05,treino,933
7631,2024-04-25,treino,934
6993,2022-07-19,treino,935
1071,2005-05-05,treino,936
718,2003-11-23,treino,937
2364,2009-04-30,treino,938
1505,2006-11-16,treino,939
7217,2023-02-28,treino,940
670,2003-10-03,treino,941
4877,2016-09-18,treino,942
2952,2011-05-02,treino,943
7363,2023-07-24,treino,944
6770,2021-12-06,treino,945
4914,2016-10-25,treino,946
897,2004-11-06,treino,947
4304,2015-02-19,treino,948
6811,2022-01-16,treino,949
2666,2010-07-14,treino,950
3193,2011-12-31,treino,951
2890,2011-02-24,treino,952
7825,2024-11-05,treino,953
1530,2006-12-15,treino,954
4301,2015-02-16,treino,955
7074,2022-10-08,treino,956
5091,2017-04-27,treino,957
6757,2021-11-23,treino,958
39,2001-03-02,treino,959
4041,2014-05-26,treino,960
7285,2023-05-07,treino,961
7139,2022-12-12,treino,962
6466,2021-02-04,treino,963
1874,2007-12-13,treino,964
2370,2009-05-06,treino,965
1769,2007-08-26,treino,966
6164,2020-04-08,treino,967
220,2001-11-05,treino,968
1983,2008-04-05,treino,969
531,2003-04-05,treino,970
6101,2020-02-05,treino,971
6398,2020-11-28,treino,972
7934,2025-02-22,treino,973
2881,2011-02-15,treino,974
81,2001-04-17,treino,975
684,2003-10-20,treino,976
6888,2022-04-04,treino,977
5434,2018-04-07,treino,978
2163,2008-10-06,treino,979
731,2003-12-07,treino,980
3406,2012-08-12,treino,981
2339,2009-04-05,treino,982
7229,2023-03-12,treino,983
2232,2008-12-14,treino,984
8118,2025-08-25,treino,985
5660,2018-11-19,treino,986
7981,2025-04-10,treino,987
5375,2018-02-06,treino,988
7632,2024-04-26,treino,989
3901,2014-01-03,treino,990
6894,2022-04-10,treino,991
6868,2022-03-14,treino,992
2705,2010-08-23,treino,993
1255,2006-02-04,treino,994
2104,2008-08-08,treino,995
4564,2015-11-09,treino,996
6934,2022-05-20,treino,997
4778,2016-06-11,treino,998
898,2004-11-07,treino,999
428,2002-09-07,treino,1000
7881,2024-12-31,treino,1001
4038,2014-05-23,treino,1002
6632,2021-07-20,treino,1003
3484,2012-10-30,treino,1004
7664,2024-05-28,treino,1005
1222,2006-01-02,treino,1006
6639,2021-07-27,treino,1007
3869,2013-11-29,treino,1008
6087,2020-01-22,treino,1009
5457,2018-04-30,treino,1010
3739,2013-07-19,treino,1011
6403,2020-12-03,treino,1012
1621,2007-03-25,treino,1013
7561,2024-02-14,treino,1014
3164,2011-12-01,treino,1015
4352,2015-04-08,treino,1016
6758,2021-11-24,treino,1017
1096,2005-05-31,treino,1018
2715,2010-09-02,treino,1019
2072,2008-07-07,treino,1020
7647,2024-05-11,treino,1021
5552,2018-08-03,treino,1022
4326,2015-03-13,treino,1023
5735,2019-02-03,treino,1024
7133,2022-12-06,treino,1025
2588,2010-04-23,treino,1026
3710,2013-06-18,treino,1027
3458,2012-10-04,treino,1028
1788,2007-09-14,treino,1029
7077,2022-10-11,treino,1030
4883,2016-09-24,treino,1031
528,2003-04-02,treino,1032
4325,2015-03-12,treino,1033
192,2001-10-05,treino,1034
5936,2019-08-24,treino,1035
1126,2005-07-06,treino,1036
3852,2013-11-12,treino,1037
3787,2013-09-05,treino,1038
6603,2021-06-21,treino,1039
7580,2024-03-05,treino,1040
304,2002-03-05,treino,1041
6787,2021-12-23,treino,1042
1292,2006-03-17,treino,1043
70,2001-04-06,treino,1044
4952,2016-12-02,treino,1045
3353,2012-06-20,treino,1046
4834,2016-08-06,treino,1047
2687,2010-08-05,treino,1048
4296,2015-02-11,treino,1049
7939,2025-02-27,treino,1050
4159,2014-09-23,treino,1051
831,2004-04-10,treino,1052
4280,2015-01-26,treino,1053
1456,2006-09-21,treino,1054
2607,2010-05-12,treino,1055
6878,2022-03-24,treino,1056
238,2001-12-10,treino,1057
92,2001-04-28,treino,1058
2977,2011-05-27,treino,1059
5866,2019-06-14,treino,1060
6578,2021-05-27,treino,1061
5830,2019-05-09,treino,1062
4656,2016-02-10,treino,1063
5120,2017-05-26,treino,1064
4942,2016-11-22,treino,1065
6243,2020-06-26,treino,1066
5958,2019-09-15,treino,1067
1001,2005-02-22,treino,1068
4386,2015-05-12,treino,1069
8107,2025-08-14,treino,1070
2377,2009-05-13,treino,1071
4739,2016-05-03,treino,1072
3982,2014-03-26,treino,1073
3552,2013-01-06,treino,1074
6973,2022-06-28,treino,1075
3360,2012-06-27,treino,1076
3246,2012-03-01,treino,1077
5133,2017-06-08,treino,1078
1532,2006-12-17,treino,1079
2410,2009-06-15,treino,1080
5144,2017-06-19,treino,1081
411,2002-07-17,treino,1082
6086,2020-01-21,treino,1083
6608,2021-06-26,treino,1084
8114,2025-08-21,treino,1085
3827,2013-10-18,treino,1086
2805,2010-12-01,treino,1087
7819,2024-10-30,treino,1088
6239,2020-06-22,treino,1089
3082,2011-09-09,treino,1090
4696,2016-03-21,treino,1091
1736,2007-07-22,treino,1092
4382,2015-05-08,treino,1093
5329,2017-12-22,treino,1094
7725,2024-07-28,treino,1095
6701,2021-09-28,treino,1096
7103,2022-11-06,treino,1097
3779,2013-08-28,treino,1098
633,2003-08-11,treino,1099
3021,2011-07-10,treino,1100
498,2003-01-14,treino,1101
2985,2011-06-04,treino,1102
2463,2009-09-11,treino,1103
4763,2016-05-27,treino,1104
637,2003-08-22,treino,1105
720,2003-11-25,treino,1106
5933,2019-08-21,treino,1107
288,2002-02-11,treino,1108
757,2004-01-09,treino,1109
6437,2021-01-06,treino,1110
3782,2013-08-31,treino,1111
3089,2011-09-16,treino,1112
5785,2019-03-25,treino,1113
6771,2021-12-07,treino,1114
5201,2017-08-15,treino,1115
449,2002-10-01,treino,1116
596,2003-06-28,treino,1117
7248,2023-03-31,treino,1118
6379,2020-11-09,treino,1119
1068,2005-05-02,treino,1120
1942,2008-02-19,treino,1121
1647,2007-04-20,treino,1122
494,2002-12-01,treino,1123
3443,2012-09-19,treino,1124
6444,2021-01-13,treino,1125
2700,2010-08-18,treino,1126
1700,2007-06-16,treino,1127
6817,2022-01-22,treino,1128
6786,2021-12-22,treino,1129
5026,2017-02-21,treino,1130
6549,2021-04-28,treino,1131
2942,2011-04-22,treino,1132
7451,2023-10-20,treino,1133
3861,2013-11-21,treino,1134
2518,2009-11-07,treino,1135
2123,2008-08-27,treino,1136
4392,2015-05-18,treino,1137
86,2001-04-22,treino,1138
3497,2012-11-12,treino,1139
2308,2009-03-05,treino,1140
2677,2010-07-25,treino,1141
6433,2021-01-02,treino,1142
3870,2013-11-30,treino,1143
7356,2023-07-17,treino,1144
2594,2010-04-29,treino,1145
4087,2014-07-11,treino,1146
3058,2011-08-16,treino,1147
1029,2005-03-23,treino,1148
136,2001-08-10,treino,1149
2876,2011-02-10,treino,1150
5858,2019-06-06,treino,1151
3856,2013-11-16,treino,1152
2144,2008-09-17,treino,1153
4279,2015-01-25,treino,1154
6685,2021-09-12,treino,1155
6100,2020-02-04,treino,1156
3433,2012-09-09,treino,1157
1200,2005-12-11,treino,1158
2025,2008-05-18,treino,1159
621,2003-07-28,treino,1160
7700,2024-07-03,treino,1161
3460,2012-10-06,treino,1162
566,2003-05-18,treino,1163
8238,2026-05-03,treino,1164
1837,2007-11-02,treino,1165
1334,2006-05-08,treino,1166
5694,2018-12-23,treino,1167
8049,2025-06-17,treino,1168
2099,2008-08-03,treino,1169
6022,2019-11-18,treino,1170
5277,2017-10-31,treino,1171
3790,2013-09-08,treino,1172
6341,2020-10-02,treino,1173
1688,2007-06-03,treino,1174
7801,2024-10-12,treino,1175
745,2003-12-26,treino,1176
5804,2019-04-13,treino,1177
4047,2014-06-01,treino,1178
3515,2012-11-30,treino,1179
2187,2008-10-30,treino,1180
195,2001-10-08,treino,1181
1152,2005-08-02,treino,1182
7512,2023-12-23,treino,1183
5594,2018-09-14,treino,1184
802,2004-03-03,treino,1185
3666,2013-05-03,treino,1186
5202,2017-08-16,treino,1187
2350,2009-04-16,treino,1188
4439,2015-07-06,treino,1189
6223,2020-06-06,treino,1190
7666,2024-05-30,treino,1191
5492,2018-06-04,treino,1192
2068,2008-07-03,treino,1193
2907,2011-03-14,treino,1194
3955,2014-02-27,treino,1195
6547,2021-04-26,treino,1196
644,2003-09-01,treino,1197
7486,2023-11-25,treino,1198
6524,2021-04-03,treino,1199
6780,2021-12-16,treino,1200
4680,2016-03-05,treino,1201
6012,2019-11-08,treino,1202
4655,2016-02-09,treino,1203
120,2001-07-24,treino,1204
1777,2007-09-03,treino,1205
2981,2011-05-31,treino,1206
4523,2015-09-29,treino,1207
3074,2011-09-01,treino,1208
7864,2024-12-14,treino,1209
5064,2017-03-31,treino,1210
7387,2023-08-17,treino,1211
3035,2011-07-24,treino,1212
2135,2008-09-08,treino,1213
5888,2019-07-06,treino,1214
5176,2017-07-21,treino,1215
4316,2015-03-03,treino,1216
134,2001-08-08,treino,1217
7479,2023-11-18,treino,1218
4366,2015-04-22,treino,1219
4603,2015-12-19,treino,1220
4500,2015-09-06,treino,1221
3256,2012-03-11,treino,1222
1162,2005-08-12,treino,1223
2559,2009-12-25,treino,1224
62,2001-03-25,treino,1225
3601,2013-02-24,treino,1226
7609,2024-04-03,treino,1227
7364,2023-07-25,treino,1228
4559,2015-11-04,treino,1229
1642,2007-04-15,treino,1230
6795,2021-12-31,treino,1231
6721,2021-10-18,treino,1232
2467,2009-09-15,treino,1233
679,2003-10-15,treino,1234
4734,2016-04-28,treino,1235
741,2003-12-21,treino,1236
1211,2005-12-22,treino,1237
2170,2008-10-13,treino,1238
6399,2020-11-29,treino,1239
3944,2014-02-16,treino,1240
5803,2019-04-12,treino,1241
6500,2021-03-10,treino,1242
2900,2011-03-06,treino,1243
3258,2012-03-13,treino,1244
567,2003-05-19,treino,1245
1873,2007-12-12,treino,1246
648,2003-09-10,treino,1247
2596,2010-05-01,treino,1248
1717,2007-07-03,treino,1249
7013,2022-08-08,treino,1250
2843,2011-01-08,treino,1251
1392,2006-07-18,treino,1252
6372,2020-11-02,treino,1253
5137,2017-06-12,treino,1254
6589,2021-06-07,treino,1255
5650,2018-11-09,treino,1256
6483,2021-02-21,treino,1257
6315,2020-09-06,treino,1258
489,2002-11-24,treino,1259
493,2002-11-30,treino,1260
690,2003-10-26,treino,1261
5942,2019-08-30,treino,1262
602,2003-07-05,treino,1263
1911,2008-01-19,treino,1264
5840,2019-05-19,treino,1265
2880,2011-02-14,treino,1266
4290,2015-02-05,treino,1267
6014,2019-11-10,treino,1268
6033,2019-11-29,treino,1269
3757,2013-08-06,treino,1270
7456,2023-10-25,treino,1271
5813,2019-04-22,treino,1272
2366,2009-05-02,treino,1273
8261,2026-06-10,treino,1274
1187,2005-09-06,treino,1275
274,2002-01-25,treino,1276
5516,2018-06-28,treino,1277
5831,2019-05-10,treino,1278
1361,2006-06-17,treino,1279
4162,2014-09-26,treino,1280
1526,2006-12-11,treino,1281
7905,2025-01-24,treino,1282
6446,2021-01-15,treino,1283
337,2002-04-12,treino,1284
1551,2007-01-10,treino,1285
330,2002-04-05,treino,1286
7962,2025-03-22,treino,1287
1337,2006-05-17,treino,1288
5705,2019-01-03,treino,1289
945,2004-12-26,treino,1290
6660,2021-08-18,treino,1291
2250,2009-01-01,treino,1292
6664,2021-08-22,treino,1293
801,2004-03-02,treino,1294
4253,2014-12-29,treino,1295
2346,2009-04-12,treino,1296
68,2001-03-31,treino,1297
6215,2020-05-29,treino,1298
6032,2019-11-28,treino,1299
2784,2010-11-10,treino,1300
1598,2007-03-01,treino,1301
4456,2015-07-24,treino,1302
4993,2017-01-19,treino,1303
5505,2018-06-17,treino,1304
1503,2006-11-14,treino,1305
7493,2023-12-02,treino,1306
150,2001-08-24,treino,1307
2804,2010-11-30,treino,1308
4606,2015-12-22,treino,1309
2086,2008-07-21,treino,1310
3751,2013-07-31,treino,1311
7718,2024-07-21,treino,1312
2259,2009-01-10,treino,1313
6319,2020-09-10,treino,1314
4216,2014-11-21,treino,1315
6537,2021-04-16,treino,1316
4071,2014-06-25,treino,1317
859,2004-05-19,treino,1318
6410,2020-12-10,treino,1319
8078,2025-07-16,treino,1320
3891,2013-12-24,treino,1321
6352,2020-10-13,treino,1322
6257,2020-07-10,treino,1323
4953,2016-12-03,treino,1324
6301,2020-08-23,treino,1325
366,2002-05-18,treino,1326
1432,2006-08-28,treino,1327
4553,2015-10-29,treino,1328
5945,2019-09-02,treino,1329
3578,2013-02-01,treino,1330
1779,2007-09-05,treino,1331
6464,2021-02-02,treino,1332
5862,2019-06-10,treino,1333
4420,2015-06-16,treino,1334
1818,2007-10-14,treino,1335
5425,2018-03-28,treino,1336
841,2004-04-20,treino,1337
2704,2010-08-22,treino,1338
1189,2005-09-08,treino,1339
175,2001-09-18,treino,1340
4693,2016-03-18,treino,1341
7964,2025-03-24,treino,1342
617,2003-07-24,treino,1343
2093,2008-07-28,treino,1344
3308,2012-05-03,treino,1345
6161,2020-04-05,treino,1346
3491,2012-11-06,treino,1347
3721,2013-07-01,treino,1348
6911,2022-04-27,treino,1349
82,2001-04-18,treino,1350
3235,2012-02-19,treino,1351
3208,2012-01-15,treino,1352
816,2004-03-21,treino,1353
1030,2005-03-24,treino,1354
6832,2022-02-06,treino,1355
300,2002-02-23,treino,1356
4714,2016-04-08,treino,1357
1472,2006-10-08,treino,1358
283,2002-02-06,treino,1359
2028,2008-05-21,treino,1360
4560,2015-11-05,treino,1361
5196,2017-08-10,treino,1362
6716,2021-10-13,treino,1363
2915,2011-03-22,treino,1364
1813,2007-10-09,treino,1365
1271,2006-02-21,treino,1366
5790,2019-03-30,treino,1367
4119,2014-08-13,treino,1368
5278,2017-11-01,treino,1369
7618,2024-04-12,treino,1370
5378,2018-02-09,treino,1371
4058,2014-06-12,treino,1372
3150,2011-11-17,treino,1373
820,2004-03-25,treino,1374
2313,2009-03-10,treino,1375
2008,2008-04-30,treino,1376
5317,2017-12-10,treino,1377
2642,2010-06-20,treino,1378
4562,2015-11-07,treino,1379
4075,2014-06-29,treino,1380
7716,2024-07-19,treino,1381
2305,2009-03-02,treino,1382
4527,2015-10-03,treino,1383
6107,2020-02-11,treino,1384
99,2001-05-05,treino,1385
4967,2016-12-22,treino,1386
744,2003-12-25,treino,1387
8126,2025-09-02,treino,1388
7832,2024-11-12,treino,1389
5140,2017-06-15,treino,1390
480,2002-11-06,treino,1391
5614,2018-10-04,treino,1392
3849,2013-11-09,treino,1393
8200,2026-02-13,treino,1394
5991,2019-10-18,treino,1395
1157,2005-08-07,treino,1396
7089,2022-10-23,treino,1397
5485,2018-05-28,treino,1398
6256,2020-07-09,treino,1399
1437,2006-09-02,treino,1400
2414,2009-06-19,treino,1401
3554,2013-01-08,treino,1402
6551,2021-04-30,treino,1403
402,2002-06-29,treino,1404
5762,2019-03-02,treino,1405
2195,2008-11-07,treino,1406
949,2004-12-30,treino,1407
2600,2010-05-05,treino,1408
2067,2008-07-02,treino,1409
8161,2025-12-20,treino,1410
5939,2019-08-27,treino,1411
668,2003-10-01,treino,1412
218,2001-11-03,treino,1413
3366,2012-07-03,treino,1414
8147,2025-09-28,treino,1415
1962,2008-03-15,treino,1416
4990,2017-01-16,treino,1417
6186,2020-04-30,treino,1418
2213,2008-11-25,treino,1419
2633,2010-06-11,treino,1420
7950,2025-03-10,treino,1421
1659,2007-05-02,treino,1422
5483,2018-05-26,treino,1423
5684,2018-12-13,treino,1424
7195,2023-02-06,treino,1425
7275,2023-04-27,treino,1426
2145,2008-09-18,treino,1427
777,2004-02-01,treino,1428
2434,2009-07-24,treino,1429
3066,2011-08-24,treino,1430
6252,2020-07-05,treino,1431
4707,2016-04-01,treino,1432
6084,2020-01-19,treino,1433
4607,2015-12-23,treino,1434
4840,2016-08-12,treino,1435
5151,2017-06-26,treino,1436
1491,2006-10-29,treino,1437
3545,2012-12-30,treino,1438
3153,2011-11-20,treino,1439
6681,2021-09-08,treino,1440
4100,2014-07-24,treino,1441
5224,2017-09-07,treino,1442
6350,2020-10-11,treino,1443
4905,2016-10-16,treino,1444
3641,2013-04-07,treino,1445
517,2003-03-22,treino,1446
6497,2021-03-07,treino,1447
7212,2023-02-23,treino,1448
7129,2022-12-02,treino,1449
5821,2019-04-30,treino,1450
1597,2007-02-28,treino,1451
8090,2025-07-28,treino,1452
1415,2006-08-10,treino,1453
568,2003-05-20,treino,1454
360,2002-05-11,treino,1455
6759,2021-11-25,treino,1456
7467,2023-11-05,treino,1457
5525,2018-07-07,treino,1458
4838,2016-08-10,treino,1459
3100,2011-09-27,treino,1460
7135,2022-12-08,treino,1461
759,2004-01-11,treino,1462
3548,2013-01-02,treino,1463
4631,2016-01-16,treino,1464
7959,2025-03-19,treino,1465
8158,2025-10-09,treino,1466
6869,2022-03-15,treino,1467
5817,2019-04-26,treino,1468
214,2001-10-30,treino,1469
3662,2013-04-29,treino,1470
2438,2009-07-31,treino,1471
3765,2013-08-14,treino,1472
6151,2020-03-26,treino,1473
1164,2005-08-14,treino,1474
5146,2017-06-21,treino,1475
5407,2018-03-10,treino,1476
7314,2023-06-05,treino,1477
4329,2015-03-16,treino,1478
1473,2006-10-09,treino,1479
7401,2023-08-31,treino,1480
2244,2008-12-26,treino,1481
725,2003-11-30,treino,1482
4819,2016-07-22,treino,1483
3560,2013-01-14,treino,1484
3951,2014-02-23,treino,1485
49,2001-03-12,treino,1486
6635,2021-07-23,treino,1487
7155,2022-12-28,treino,1488
3130,2011-10-28,treino,1489
887,2004-06-29,treino,1490
7403,2023-09-02,treino,1491
4674,2016-02-28,treino,1492
2893,2011-02-27,treino,1493
5860,2019-06-08,treino,1494
7646,2024-05-10,treino,1495
516,2003-03-21,treino,1496
3168,2011-12-05,treino,1497
2949,2011-04-29,treino,1498
1424,2006-08-20,treino,1499
139,2001-08-13,treino,1500
5938,2019-08-26,treino,1501
1924,2008-02-01,treino,1502
2378,2009-05-14,treino,1503
7430,2023-09-29,treino,1504
3197,2012-01-04,treino,1505
4844,2016-08-16,treino,1506
112,2001-05-23,treino,1507
3195,2012-01-02,treino,1508
6155,2020-03-30,treino,1509
463,2002-10-19,treino,1510
5234,2017-09-17,treino,1511
1233,2006-01-13,treino,1512
3250,2012-03-05,treino,1513
594,2003-06-26,treino,1514
5147,2017-06-22,treino,1515
3855,2013-11-15,treino,1516
5404,2018-03-07,treino,1517
450,2002-10-04,treino,1518
7431,2023-09-30,treino,1519
3277,2012-04-02,treino,1520
7379,2023-08-09,treino,1521
4960,2016-12-11,treino,1522
312,2002-03-13,treino,1523
5426,2018-03-29,treino,1524
6291,2020-08-13,treino,1525
4927,2016-11-07,treino,1526
5130,2017-06-05,treino,1527
7648,2024-05-12,treino,1528
5714,2019-01-12,treino,1529
451,2002-10-05,treino,1530
3166,2011-12-03,treino,1531
3731,2013-07-11,treino,1532
6460,2021-01-29,treino,1533
6837,2022-02-11,treino,1534
3626,2013-03-21,treino,1535
890,2004-07-02,treino,1536
6634,2021-07-22,treino,1537
2763,2010-10-20,treino,1538
658,2003-09-21,treino,1539
1506,2006-11-17,treino,1540
4029,2014-05-14,treino,1541
6554,2021-05-03,treino,1542
4812,2016-07-15,treino,1543
7924,2025-02-12,treino,1544
999,2005-02-20,treino,1545
389,2002-06-12,treino,1546
3407,2012-08-13,treino,1547
2330,2009-03-27,treino,1548
1476,2006-10-12,treino,1549
2240,2008-12-22,treino,1550
7608,2024-04-02,treino,1551
7619,2024-04-13,treino,1552
5814,2019-04-23,treino,1553
7055,2022-09-19,treino,1554
4250,2014-12-25,treino,1555
7130,2022-12-03,treino,1556
3922,2014-01-24,treino,1557
2972,2011-05-22,treino,1558
3386,2012-07-23,treino,1559
2775,2010-11-01,treino,1560
1923,2008-01-31,treino,1561
758,2004-01-10,treino,1562
700,2003-11-05,treino,1563
7405,2023-09-04,treino,1564
1293,2006-03-18,treino,1565
7465,2023-11-03,treino,1566
2873,2011-02-07,treino,1567
7075,2022-10-09,treino,1568
2535,2009-11-24,treino,1569
7107,2022-11-10,treino,1570
1907,2008-01-15,treino,1571
5850,2019-05-29,treino,1572
5893,2019-07-11,treino,1573
368,2002-05-20,treino,1574
1937,2008-02-14,treino,1575
4462,2015-07-30,treino,1576
1151,2005-08-01,treino,1577
8112,2025-08-19,treino,1578
5394,2018-02-25,treino,1579
5925,2019-08-13,treino,1580
6568,2021-05-17,treino,1581
4529,2015-10-05,treino,1582
3010,2011-06-29,treino,1583
5227,2017-09-10,treino,1584
8258,2026-06-01,treino,1585
191,2001-10-04,treino,1586
5606,2018-09-26,treino,1587
4678,2016-03-03,treino,1588
174,2001-09-17,treino,1589
1903,2008-01-11,treino,1590
1099,2005-06-03,treino,1591
5627,2018-10-17,treino,1592
3646,2013-04-12,treino,1593
3408,2012-08-14,treino,1594
1538,2006-12-28,treino,1595
2292,2009-02-17,treino,1596
7368,2023-07-29,treino,1597
1363,2006-06-19,treino,1598
7578,2024-03-03,treino,1599
4915,2016-10-26,treino,1600
680,2003-10-16,treino,1601
5321,2017-12-14,treino,1602
3664,2013-05-01,treino,1603
1661,2007-05-04,treino,1604
508,2003-02-06,treino,1605
166,2001-09-09,treino,1606
5841,2019-05-20,treino,1607
1006,2005-02-27,treino,1608
5923,2019-08-11,treino,1609
5723,2019-01-22,treino,1610
3494,2012-11-09,treino,1611
6105,2020-02-09,treino,1612
2536,2009-11-25,treino,1613
1104,2005-06-08,treino,1614
3875,2013-12-07,treino,1615
7860,2024-12-10,treino,1616
1752,2007-08-08,treino,1617
6679,2021-09-06,treino,1618
2916,2011-03-23,treino,1619
5595,2018-09-15,treino,1620
152,2001-08-26,treino,1621
3907,2014-01-09,treino,1622
7729,2024-08-01,treino,1623
2552,2009-12-11,treino,1624
2773,2010-10-30,treino,1625
4246,2014-12-21,treino,1626
3551,2013-01-05,treino,1627
3722,2013-07-02,treino,1628
4622,2016-01-07,treino,1629
7141,2022-12-14,treino,1630
7949,2025-03-09,treino,1631
1822,2007-10-18,treino,1632
4086,2014-07-10,treino,1633
5661,2018-11-20,treino,1634
7640,2024-05-04,treino,1635
5096,2017-05-02,treino,1636
5385,2018-02-16,treino,1637
309,2002-03-10,treino,1638
5086,2017-04-22,treino,1639
3599,2013-02-22,treino,1640
3622,2013-03-17,treino,1641
6080,2020-01-15,treino,1642
3450,2012-09-26,treino,1643
205,2001-10-20,treino,1644
1135,2005-07-15,treino,1645
2749,2010-10-06,treino,1646
3613,2013-03-08,treino,1647
305,2002-03-06,treino,1648
1849,2007-11-14,treino,1649
4489,2015-08-26,treino,1650
1988,2008-04-10,treino,1651
3240,2012-02-24,treino,1652
2798,2010-11-24,treino,1653
5366,2018-01-28,treino,1654
3109,2011-10-06,treino,1655
4059,2014-06-13,treino,1656
1987,2008-04-09,treino,1657
5910,2019-07-29,treino,1658
383,2002-06-05,treino,1659
3388,2012-07-25,treino,1660
6792,2021-12-28,treino,1661
2727,2010-09-14,treino,1662
5832,2019-05-11,treino,1663
4376,2015-05-02,treino,1664
6925,2022-05-11,treino,1665
4201,2014-11-06,treino,1666
3832,2013-10-23,treino,1667
6913,2022-04-29,treino,1668
8055,2025-06-23,treino,1669
7822,2024-11-02,treino,1670
5071,2017-04-07,treino,1671
278,2002-02-01,treino,1672
3252,2012-03-07,treino,1673
2480,2009-09-28,treino,1674
289,2002-02-12,treino,1675
4557,2015-11-02,treino,1676
3075,2011-09-02,treino,1677
6765,2021-12-01,treino,1678
5284,2017-11-07,treino,1679
4464,2015-08-01,treino,1680
5067,2017-04-03,treino,1681
8007,2025-05-06,treino,1682
5992,2019-10-19,treino,1683
4264,2015-01-09,treino,1684
5395,2018-02-26,treino,1685
270,2002-01-19,treino,1686
5474,2018-05-17,treino,1687
5559,2018-08-10,treino,1688
6106,2020-02-10,treino,1689
6586,2021-06-04,treino,1690
3218,2012-01-25,treino,1691
1391,2006-07-17,treino,1692
3975,2014-03-19,treino,1693
4664,2016-02-18,treino,1694
5212,2017-08-26,treino,1695
7194,2023-02-05,treino,1696
83,2001-04-19,treino,1697
873,2004-06-14,treino,1698
7845,2024-11-25,treino,1699
5312,2017-12-05,treino,1700
7108,2022-11-11,treino,1701
7970,2025-03-30,treino,1702
4814,2016-07-17,treino,1703
2450,2009-08-29,treino,1704
3954,2014-02-26,treino,1705
2329,2009-03-26,treino,1706
7094,2022-10-28,treino,1707
4906,2016-10-17,treino,1708
7473,2023-11-12,treino,1709
4519,2015-09-25,treino,1710
4620,2016-01-05,treino,1711
4436,2015-07-03,treino,1712
5696,2018-12-25,treino,1713
1216,2005-12-27,treino,1714
6475,2021-02-13,treino,1715
4786,2016-06-19,treino,1716
1064,2005-04-27,treino,1717
3786,2013-09-04,treino,1718
4709,2016-04-03,treino,1719
6667,2021-08-25,treino,1720
6847,2022-02-21,treino,1721
3008,2011-06-27,treino,1722
1105,2005-06-09,treino,1723
4634,2016-01-19,treino,1724
6246,2020-06-29,treino,1725
5219,2017-09-02,treino,1726
4961,2016-12-12,treino,1727
2765,2010-10-22,treino,1728
3929,2014-01-31,treino,1729
8097,2025-08-04,treino,1730
7038,2022-09-02,treino,1731
5347,2018-01-09,treino,1732
4461,2015-07-29,treino,1733
6601,2021-06-19,treino,1734
2451,2009-08-30,treino,1735
4350,2015-04-06,treino,1736
4584,2015-11-29,treino,1737
3824,2013-10-15,treino,1738
2652,2010-06-30,treino,1739
7072,2022-10-06,treino,1740
8188,2026-01-18,treino,1741
2176,2008-10-19,treino,1742
7321,2023-06-12,treino,1743
3318,2012-05-13,treino,1744
4428,2015-06-25,treino,1745
2787,2010-11-13,treino,1746
4105,2014-07-29,treino,1747
5632,2018-10-22,treino,1748
1676,2007-05-21,treino,1749
3947,2014-02-19,treino,1750
8066,2025-07-04,treino,1751
4639,2016-01-24,treino,1752
5403,2018-03-06,treino,1753
5168,2017-07-13,treino,1754
2503,2009-10-23,treino,1755
6124,2020-02-28,treino,1756
2369,2009-05-05,treino,1757
2217,2008-11-29,treino,1758
2218,2008-11-30,treino,1759
3326,2012-05-22,treino,1760
4689,2016-03-14,treino,1761
3583,2013-02-06,treino,1762
6850,2022-02-24,treino,1763
6498,2021-03-08,treino,1764
5360,2018-01-22,treino,1765
4483,2015-08-20,treino,1766
6644,2021-08-02,treino,1767
85,2001-04-21,treino,1768
2801,2010-11-27,treino,1769
3671,2013-05-08,treino,1770
3667,2013-05-04,treino,1771
2019,2008-05-12,treino,1772
5891,2019-07-09,treino,1773
2525,2009-11-14,treino,1774
6345,2020-10-06,treino,1775
4343,2015-03-30,treino,1776
6555,2021-05-04,treino,1777
6255,2020-07-08,treino,1778
7064,2022-09-28,treino,1779
2895,2011-03-01,treino,1780
8160,2025-10-11,treino,1781
7238,2023-03-21,treino,1782
3425,2012-09-01,treino,1783
6755,2021-11-21,treino,1784
8061,2025-06-29,treino,1785
4618,2016-01-03,treino,1786
4303,2015-02-18,treino,1787
5048,2017-03-15,treino,1788
2001,2008-04-23,treino,1789
6338,2020-09-29,treino,1790
869,2004-06-09,treino,1791
356,2002-05-05,treino,1792
5682,2018-12-11,treino,1793
5357,2018-01-19,treino,1794
1275,2006-02-25,treino,1795
1890,2007-12-29,treino,1796
5648,2018-11-07,treino,1797
7196,2023-02-07,treino,1798
3563,2013-01-17,treino,1799
5753,2019-02-21,treino,1800
2380,2009-05-16,treino,1801
7987,2025-04-16,treino,1802
5909,2019-07-28,treino,1803
7435,2023-10-04,treino,1804
3306,2012-05-01,treino,1805
6567,2021-05-16,treino,1806
3499,2012-11-14,treino,1807
7992,2025-04-21,treino,1808
1116,2005-06-20,treino,1809
7790,2024-10-01,treino,1810
6594,2021-06-12,treino,1811
4671,2016-02-25,treino,1812
5736,2019-02-04,treino,1813
5537,2018-07-19,treino,1814
3645,2013-04-11,treino,1815
2500,2009-10-20,treino,1816
4534,2015-10-10,treino,1817
7518,2023-12-30,treino,1818
3809,2013-09-28,treino,1819
6089,2020-01-24,treino,1820
6392,2020-11-22,treino,1821
5436,2018-04-09,treino,1822
8064,2025-07-02,treino,1823
4995,2017-01-21,treino,1824
2052,2008-06-17,treino,1825
1776,2007-09-02,treino,1826
4568,2015-11-13,treino,1827
3313,2012-05-08,treino,1828
6518,2021-03-28,treino,1829
8062,2025-06-30,treino,1830
1592,2007-02-23,treino,1831
1723,2007-07-09,treino,1832
6633,2021-07-21,treino,1833
4414,2015-06-10,treino,1834
5777,2019-03-17,treino,1835
490,2002-11-25,treino,1836
7111,2022-11-14,treino,1837
3483,2012-10-29,treino,1838
3431,2012-09-07,treino,1839
4387,2015-05-13,treino,1840
5363,2018-01-25,treino,1841
25,2001-02-16,treino,1842
7534,2024-01-17,treino,1843
2409,2009-06-14,treino,1844
3270,2012-03-26,treino,1845
1552,2007-01-11,treino,1846
7226,2023-03-09,treino,1847
8209,2026-03-03,treino,1848
3871,2013-12-02,treino,1849
3402,2012-08-08,treino,1850
979,2005-01-30,treino,1851
2655,2010-07-03,treino,1852
1847,2007-11-12,treino,1853
7749,2024-08-21,treino,1854
8106,2025-08-13,treino,1855
5100,2017-05-06,treino,1856
6304,2020-08-26,treino,1857
5562,2018-08-13,treino,1858
1102,2005-06-06,treino,1859
3276,2012-04-01,treino,1860
8228,2026-04-09,treino,1861
6298,2020-08-20,treino,1862
5903,2019-07-22,treino,1863
3996,2014-04-10,treino,1864
194,2001-10-07,treino,1865
643,2003-08-30,treino,1866
3285,2012-04-10,treino,1867
3116,2011-10-13,treino,1868
3575,2013-01-29,treino,1869
6939,2022-05-25,treino,1870
4320,2015-03-07,treino,1871
2207,2008-11-19,treino,1872
3718,2013-06-28,treino,1873
972,2005-01-23,treino,1874
719,2003-11-24,treino,1875
7575,2024-02-29,treino,1876
3896,2013-12-29,treino,1877
2803,2010-11-29,treino,1878
2566,2010-04-01,treino,1879
4025,2014-05-10,treino,1880
32,2001-02-23,treino,1881
6666,2021-08-24,treino,1882
4063,2014-06-17,treino,1883
6828,2022-02-02,treino,1884
1697,2007-06-13,treino,1885
2792,2010-11-18,treino,1886
2222,2008-12-04,treino,1887
3764,2013-08-13,treino,1888
3866,2013-11-26,treino,1889
6415,2020-12-15,treino,1890
6814,2022-01-19,treino,1891
5265,2017-10-19,treino,1892
8148,2025-09-29,treino,1893
3758,2013-08-07,treino,1894
5654,2018-11-13,treino,1895
3227,2012-02-03,treino,1896
5427,2018-03-30,treino,1897
6823,2022-01-28,treino,1898
3904,2014-01-06,treino,1899
2277,2009-01-29,treino,1900
4744,2016-05-08,treino,1901
1401,2006-07-27,treino,1902
739,2003-12-17,treino,1903
4266,2015-01-11,treino,1904
5185,2017-07-30,treino,1905
7692,2024-06-25,treino,1906
6364,2020-10-25,treino,1907
8324,2026-08-26,treino,1908
4528,2015-10-04,treino,1909
4769,2016-06-02,treino,1910
674,2003-10-10,treino,1911
4442,2015-07-09,treino,1912
3841,2013-11-01,treino,1913
1815,2007-10-11,treino,1914
5900,2019-07-19,treino,1915
8193,2026-01-30,treino,1916
7231,2023-03-14,treino,1917
7475,2023-11-14,treino,1918
2100,2008-08-04,treino,1919
7124,2022-11-27,treino,1920
2101,2008-08-05,treino,1921
4213,2014-11-18,treino,1922
7577,2024-03-02,treino,1923
1548,2007-01-07,treino,1924
4466,2015-08-03,treino,1925
3323,2012-05-18,treino,1926
5716,2019-01-15,treino,1927
355,2002-05-04,treino,1928
1461,2006-09-26,treino,1929
7502,2023-12-11,treino,1930
3220,2012-01-27,treino,1931
6055,2019-12-21,treino,1932
5484,2018-05-27,treino,1933
1751,2007-08-07,treino,1934
7417,2023-09-16,treino,1935
5283,2017-11-06,treino,1936
1772,2007-08-29,treino,1937
1196,2005-12-07,treino,1938
1878,2007-12-17,treino,1939
2668,2010-07-16,treino,1940
3171,2011-12-08,treino,1941
2016,2008-05-09,treino,1942
2005,2008-04-27,treino,1943
3893,2013-12-26,treino,1944
3237,2012-02-21,treino,1945
4424,2015-06-20,treino,1946
2078,2008-07-13,treino,1947
396,2002-06-21,treino,1948
2788,2010-11-14,treino,1949
7469,2023-11-07,treino,1950
4072,2014-06-26,treino,1951
5948,2019-09-05,treino,1952
8232,2026-04-26,treino,1953
1519,2006-12-02,treino,1954
5687,2018-12-16,treino,1955
1378,2006-07-04,treino,1956
1023,2005-03-17,treino,1957
2587,2010-04-22,treino,1958
5314,2017-12-07,treino,1959
2857,2011-01-22,treino,1960
5774,2019-03-14,treino,1961
1629,2007-04-02,treino,1962
3523,2012-12-08,treino,1963
5955,2019-09-12,treino,1964
3607,2013-03-02,treino,1965
7556,2024-02-09,treino,1966
234,2001-12-02,treino,1967
5396,2018-02-27,treino,1968
3796,2013-09-15,treino,1969
4118,2014-08-12,treino,1970
3800,2013-09-19,treino,1971
5836,2019-05-15,treino,1972
6244,2020-06-27,treino,1973
1948,2008-02-26,treino,1974
7522,2024-01-05,treino,1975
5248,2017-10-01,treino,1976
3492,2012-11-07,treino,1977
2671,2010-07-19,treino,1978
7122,2022-11-25,treino,1979
2224,2008-12-06,treino,1980
1106,2005-06-10,treino,1981
6974,2022-06-29,treino,1982
818,2004-03-23,treino,1983
7423,2023-09-22,treino,1984
6531,2021-04-10,treino,1985
8293,2026-07-23,treino,1986
888,2004-06-30,treino,1987
2437,2009-07-30,treino,1988
817,2004-03-22,treino,1989
3414,2012-08-20,treino,1990
2341,2009-04-07,treino,1991
6950,2022-06-05,treino,1992
3167,2011-12-04,treino,1993
8323,2026-08-24,treino,1994
5581,2018-09-01,treino,1995
1264,2006-02-14,treino,1996
4449,2015-07-17,treino,1997
7810,2024-10-21,treino,1998
6118,2020-02-22,treino,1999
5970,2019-09-27,treino,2000
1228,2006-01-08,treino,2001
5059,2017-03-26,treino,2002
52,2001-03-15,treino,2003
5271,2017-10-25,treino,2004
6715,2021-10-12,treino,2005
159,2001-09-02,treino,2006
5245,2017-09-28,treino,2007
1587,2007-02-18,treino,2008
1589,2007-02-20,treino,2009
4830,2016-08-02,treino,2010
4595,2015-12-11,treino,2011
5349,2018-01-11,treino,2012
3858,2013-11-18,treino,2013
4660,2016-02-14,treino,2014
2828,2010-12-24,treino,2015
436,2002-09-15,treino,2016
5664,2018-11-23,treino,2017
3878,2013-12-10,treino,2018
1588,2007-02-19,treino,2019
2780,2010-11-06,treino,2020
7378,2023-08-08,treino,2021
6253,2020-07-06,treino,2022
6237,2020-06-20,treino,2023
973,2005-01-24,treino,2024
1238,2006-01-18,treino,2025
2951,2011-05-01,treino,2026
2342,2009-04-08,treino,2027
6849,2022-02-23,treino,2028
7223,2023-03-06,treino,2029
1497,2006-11-04,treino,2030
4257,2015-01-02,treino,2031
2422,2009-06-27,treino,2032
7515,2023-12-26,treino,2033
5566,2018-08-17,treino,2034
7284,2023-05-06,treino,2035
2092,2008-07-27,treino,2036
2015,2008-05-08,treino,2037
6998,2022-07-24,treino,2038
6182,2020-04-26,treino,2039
187,2001-09-30,treino,2040
6121,2020-02-25,treino,2041
3655,2013-04-21,treino,2042
3426,2012-09-02,treino,2043
5008,2017-02-03,treino,2044
1381,2006-07-07,treino,2045
5184,2017-07-29,treino,2046
413,2002-08-20,treino,2047
3336,2012-06-01,treino,2048
3606,2013-03-01,treino,2049
7937,2025-02-25,treino,2050
6178,2020-04-22,treino,2051
8083,2025-07-21,treino,2052
256,2001-12-31,treino,2053
5304,2017-11-27,treino,2054
200,2001-10-15,treino,2055
2235,2008-12-17,treino,2056
1767,2007-08-24,treino,2057
4236,2014-12-11,treino,2058
6063,2019-12-29,treino,2059
1572,2007-02-01,treino,2060
24,2001-02-15,treino,2061
6695,2021-09-22,treino,2062
1088,2005-05-22,treino,2063
2694,2010-08-12,treino,2064
5272,2017-10-26,treino,2065
3398,2012-08-04,treino,2066
3559,2013-01-13,treino,2067
7145,2022-12-18,treino,2068
2841,2011-01-06,treino,2069
2311,2009-03-08,treino,2070
5896,2019-07-14,treino,2071
8041,2025-06-09,treino,2072
4152,2014-09-16,treino,2073
1309,2006-04-08,treino,2074
695,2003-10-31,treino,2075
4977,2017-01-02,treino,2076
3752,2013-08-01,treino,2077
1227,2006-01-07,treino,2078
1999,2008-04-21,treino,2079
276,2002-01-27,treino,2080
4715,2016-04-09,treino,2081
4928,2016-11-08,treino,2082
6711,2021-10-08,treino,2083
7525,2024-01-08,treino,2084
7034,2022-08-29,treino,2085
7976,2025-04-05,treino,2086
4117,2014-08-11,treino,2087
6615,2021-07-03,treino,2088
1137,2005-07-17,treino,2089
2767,2010-10-24,treino,2090
5688,2018-12-17,treino,2091
5359,2018-01-21,treino,2092
942,2004-12-23,treino,2093
6820,2022-01-25,treino,2094
3935,2014-02-07,treino,2095
2384,2009-05-20,treino,2096
115,2001-07-19,treino,2097
5926,2019-08-14,treino,2098
8308,2026-08-08,treino,2099
3119,2011-10-16,treino,2100
4258,2015-01-03,treino,2101
6904,2022-04-20,treino,2102
6098,2020-02-02,treino,2103
2819,2010-12-15,treino,2104
3822,2013-10-12,treino,2105
7183,2023-01-25,treino,2106
6785,2021-12-21,treino,2107
3802,2013-09-21,treino,2108
3536,2012-12-21,treino,2109
3825,2013-10-16,treino,2110
6386,2020-11-16,treino,2111
1946,2008-02-24,treino,2112
5459,2018-05-02,treino,2113
7685,2024-06-18,treino,2114
3488,2012-11-03,treino,2115
1610,2007-03-13,treino,2116
6582,2021-05-31,treino,2117
2194,2008-11-06,treino,2118
5558,2018-08-09,treino,2119
557,2003-05-04,treino,2120
5598,2018-09-18,treino,2121
1207,2005-12-18,treino,2122
4898,2016-10-09,treino,2123
5082,2017-04-18,treino,2124
1510,2006-11-21,treino,2125
3829,2013-10-20,treino,2126
3732,2013-07-12,treino,2127
5532,2018-07-14,treino,2128
3211,2012-01-18,treino,2129
3630,2013-03-25,treino,2130
5792,2019-04-01,treino,2131
6726,2021-10-23,treino,2132
266,2002-01-15,treino,2133
1140,2005-07-20,treino,2134
3162,2011-11-29,treino,2135
6027,2019-11-23,treino,2136
7779,2024-09-20,treino,2137
1909,2008-01-17,treino,2138
5081,2017-04-17,treino,2139
7213,2023-02-24,treino,2140
656,2003-09-19,treino,2141
6003,2019-10-30,treino,2142
7352,2023-07-13,treino,2143
998,2005-02-19,treino,2144
5162,2017-07-07,treino,2145
2834,2010-12-30,treino,2146
7187,2023-01-29,treino,2147
1237,2006-01-17,treino,2148
7045,2022-09-09,treino,2149
5509,2018-06-21,treino,2150
6477,2021-02-15,treino,2151
2186,2008-10-29,treino,2152
1134,2005-07-14,treino,2153
1303,2006-03-28,treino,2154
1627,2007-03-31,treino,2155
6013,2019-11-09,treino,2156
1522,2006-12-07,treino,2157
358,2002-05-07,treino,2158
138,2001-08-12,treino,2159
299,2002-02-22,treino,2160
1556,2007-01-15,treino,2161
382,2002-06-04,treino,2162
5867,2019-06-15,treino,2163
4842,2016-08-14,treino,2164
6737,2021-11-03,treino,2165
6159,2020-04-03,treino,2166
4965,2016-12-20,treino,2167
6844,2022-02-18,treino,2168
5848,2019-05-27,treino,2169
7264,2023-04-16,treino,2170
2721,2010-09-08,treino,2171
1932,2008-02-09,treino,2172
5157,2017-07-02,treino,2173
7610,2024-04-04,treino,2174
7656,2024-05-20,treino,2175
4163,2014-09-27,treino,2176
6742,2021-11-08,treino,2177
3807,2013-09-26,treino,2178
7225,2023-03-08,treino,2179
4862,2016-09-03,treino,2180
4154,2014-09-18,treino,2181
4172,2014-10-06,treino,2182
796,2004-02-25,treino,2183
2416,2009-06-21,treino,2184
785,2004-02-09,treino,2185
3158,2011-11-25,treino,2186
123,2001-07-28,treino,2187
2172,2008-10-15,treino,2188
6125,2020-02-29,treino,2189
6073,2020-01-08,treino,2190
7362,2023-07-23,treino,2191
4340,2015-03-27,treino,2192
910,2004-11-19,treino,2193
2309,2009-03-06,treino,2194
7927,2025-02-15,treino,2195
3634,2013-03-31,treino,2196
1257,2006-02-06,treino,2197
4458,2015-07-26,treino,2198
1178,2005-08-28,treino,2199
4652,2016-02-06,treino,2200
3650,2013-04-16,treino,2201
442,2002-09-23,treino,2202
6504,2021-03-14,treino,2203
1399,2006-07-25,treino,2204
1457,2006-09-22,treino,2205
5226,2017-09-09,treino,2206
1054,2005-04-17,treino,2207
3275,2012-03-31,treino,2208
7813,2024-10-24,treino,2209
3699,2013-06-07,treino,2210
3759,2013-08-08,treino,2211
929,2004-12-09,treino,2212
6004,2019-10-31,treino,2213
1829,2007-10-25,treino,2214
7167,2023-01-09,treino,2215
4221,2014-11-26,treino,2216
7764,2024-09-05,treino,2217
6813,2022-01-18,treino,2218
5635,2018-10-25,treino,2219
2011,2008-05-04,treino,2220
6432,2021-01-01,treino,2221
5770,2019-03-10,treino,2222
8113,2025-08-20,treino,2223
2606,2010-05-11,treino,2224
3264,2012-03-19,treino,2225
7082,2022-10-16,treino,2226
5638,2018-10-28,treino,2227
6,2001-01-24,treino,2228
2980,2011-05-30,treino,2229
3361,2012-06-28,treino,2230
1943,2008-02-20,treino,2231
5288,2017-11-11,treino,2232
7793,2024-10-04,treino,2233
7151,2022-12-24,treino,2234
6513,2021-03-23,treino,2235
5440,2018-04-13,treino,2236
7788,2024-09-29,treino,2237
3134,2011-11-01,treino,2238
5400,2018-03-03,treino,2239
2242,2008-12-24,treino,2240
1474,2006-10-10,treino,2241
6296,2020-08-18,treino,2242
1889,2007-12-28,treino,2243
3435,2012-09-11,treino,2244
5281,2017-11-04,treino,2245
3705,2013-06-13,treino,2246
2021,2008-05-14,treino,2247
4020,2014-05-05,treino,2248
7786,2024-09-27,treino,2249
6052,2019-12-18,treino,2250
8159,2025-10-10,treino,2251
2658,2010-07-06,treino,2252
1130,2005-07-10,treino,2253
5112,2017-05-18,treino,2254
7665,2024-05-29,treino,2255
5199,2017-08-13,treino,2256
4318,2015-03-05,treino,2257
7844,2024-11-24,treino,2258
4144,2014-09-08,treino,2259
4669,2016-02-23,treino,2260
1236,2006-01-16,treino,2261
8191,2026-01-28,treino,2262
7604,2024-03-29,treino,2263
2282,2009-02-04,treino,2264
5755,2019-02-23,treino,2265
7669,2024-06-02,treino,2266
4093,2014-07-17,treino,2267
4918,2016-10-29,treino,2268
7653,2024-05-17,treino,2269
386,2002-06-09,treino,2270
1628,2007-04-01,treino,2271
3585,2013-02-08,treino,2272
6385,2020-11-15,treino,2273
2714,2010-09-01,treino,2274
5364,2018-01-26,treino,2275
7109,2022-11-12,treino,2276
7402,2023-09-01,treino,2277
3189,2011-12-27,treino,2278
8301,2026-08-01,treino,2279
4305,2015-02-20,treino,2280
909,2004-11-18,treino,2281
6408,2020-12-08,treino,2282
1866,2007-12-05,treino,2283
1842,2007-11-07,treino,2284
2497,2009-10-17,treino,2285
6927,2022-05-13,treino,2286
5500,2018-06-12,treino,2287
5374,2018-02-05,treino,2288
4006,2014-04-21,treino,2289
2702,2010-08-20,treino,2290
6957,2022-06-12,treino,2291
331,2002-04-06,treino,2292
4970,2016-12-25,treino,2293
4996,2017-01-22,treino,2294
2459,2009-09-07,treino,2295
1774,2007-08-31,treino,2296
5282,2017-11-05,treino,2297
5623,2018-10-13,treino,2298
2686,2010-08-03,treino,2299
7131,2022-12-04,treino,2300
6870,2022-03-16,treino,2301
5914,2019-08-02,treino,2302
8290,2026-07-20,treino,2303
7565,2024-02-18,treino,2304
6480,2021-02-18,treino,2305
6049,2019-12-15,treino,2306
6381,2020-11-11,treino,2307
173,2001-09-16,treino,2308
4615,2015-12-31,treino,2309
3321,2012-05-16,treino,2310
4919,2016-10-30,treino,2311
3372,2012-07-09,treino,2312
3311,2012-05-06,treino,2313
5074,2017-04-10,treino,2314
5274,2017-10-28,treino,2315
6642,2021-07-30,treino,2316
5659,2018-11-18,treino,2317
4679,2016-03-04,treino,2318
3403,2012-08-09,treino,2319
18,2001-02-09,treino,2320
3691,2013-05-30,treino,2321
6485,2021-02-23,treino,2322
4096,2014-07-20,treino,2323
3628,2013-03-23,treino,2324
6875,2022-03-21,treino,2325
2174,2008-10-17,treino,2326
1356,2006-06-12,treino,2327
6641,2021-07-29,treino,2328
7676,2024-06-09,treino,2329
3112,2011-10-09,treino,2330
182,2001-09-25,treino,2331
6618,2021-07-06,treino,2332
7036,2022-08-31,treino,2333
1812,2007-10-08,treino,2334
6876,2022-03-22,treino,2335
6048,2019-12-14,treino,2336
1800,2007-09-26,treino,2337
2429,2009-07-19,treino,2338
6545,2021-04-24,treino,2339
6580,2021-05-29,treino,2340
7300,2023-05-22,treino,2341
5905,2019-07-24,treino,2342
7530,2024-01-13,treino,2343
5310,2017-12-03,treino,2344
8068,2025-07-06,treino,2345
4650,2016-02-04,treino,2346
1159,2005-08-09,treino,2347
1213,2005-12-24,treino,2348
1325,2006-04-26,treino,2349
5564,2018-08-15,treino,2350
4796,2016-06-29,treino,2351
1455,2006-09-20,treino,2352
4963,2016-12-15,treino,2353
6487,2021-02-25,treino,2354
1644,2007-04-17,treino,2355
2140,2008-09-13,treino,2356
4536,2015-10-12,treino,2357
4457,2015-07-25,treino,2358
6834,2022-02-08,treino,2359
4378,2015-05-04,treino,2360
729,2003-12-05,treino,2361
4357,2015-04-13,treino,2362
1936,2008-02-13,treino,2363
3793,2013-09-12,treino,2364
7900,2025-01-19,treino,2365
7291,2023-05-13,treino,2366
6050,2019-12-16,treino,2367
1110,2005-06-14,treino,2368
8277,2026-07-03,treino,2369
2998,2011-06-17,treino,2370
2394,2009-05-30,treino,2371
1185,2005-09-04,treino,2372
2007,2008-04-29,treino,2373
193,2001-10-06,treino,2374
6763,2021-11-29,treino,2375
578,2003-06-09,treino,2376
771,2004-01-25,treino,2377
2395,2009-05-31,treino,2378
1478,2006-10-14,treino,2379
1846,2007-11-11,treino,2380
7073,2022-10-07,treino,2381
4274,2015-01-19,treino,2382
3740,2013-07-20,treino,2383
4600,2015-12-16,treino,2384
5447,2018-04-20,treino,2385
5634,2018-10-24,treino,2386
2073,2008-07-08,treino,2387
8190,2026-01-20,treino,2388
1896,2008-01-04,treino,2389
7375,2023-08-05,treino,2390
3659,2013-04-26,treino,2391
2379,2009-05-15,treino,2392
1447,2006-09-12,treino,2393
342,2002-04-19,treino,2394
7463,2023-11-01,treino,2395
2527,2009-11-16,treino,2396
727,2003-12-02,treino,2397
4577,2015-11-22,treino,2398
976,2005-01-27,treino,2399
5978,2019-10-05,treino,2400
3516,2012-12-01,treino,2401
5542,2018-07-24,treino,2402
8116,2025-08-23,treino,2403
3940,2014-02-12,treino,2404
1299,2006-03-24,treino,2405
7774,2024-09-15,treino,2406
660,2003-09-23,treino,2407
1492,2006-10-30,treino,2408
5709,2019-01-07,treino,2409
5899,2019-07-18,treino,2410
6203,2020-05-17,treino,2411
2315,2009-03-12,treino,2412
7859,2024-12-09,treino,2413
7796,2024-10-07,treino,2414
1085,2005-05-19,treino,2415
7984,2025-04-13,treino,2416
6116,2020-02-20,treino,2417
3198,2012-01-05,treino,2418
5740,2019-02-08,treino,2419
7015,2022-08-10,treino,2420
67,2001-03-30,treino,2421
6728,2021-10-25,treino,2422
2269,2009-01-21,treino,2423
7059,2022-09-23,treino,2424
5103,2017-05-09,treino,2425
6673,2021-08-31,treino,2426
7047,2022-09-11,treino,2427
3447,2012-09-23,treino,2428
2367,2009-05-03,treino,2429
6923,2022-05-09,treino,2430
5663,2018-11-22,treino,2431
2512,2009-11-01,treino,2432
2723,2010-09-10,treino,2433
7200,2023-02-11,treino,2434
6273,2020-07-26,treino,2435
1143,2005-07-23,treino,2436
8033,2025-06-01,treino,2437
5028,2017-02-23,treino,2438
5828,2019-05-07,treino,2439
7251,2023-04-03,treino,2440
4728,2016-04-22,treino,2441
5255,2017-10-09,treino,2442
3789,2013-09-07,treino,2443
2220,2008-12-02,treino,2444
2331,2009-03-28,treino,2445
5167,2017-07-12,treino,2446
7998,2025-04-27,treino,2447
7427,2023-09-26,treino,2448
4088,2014-07-12,treino,2449
1967,2008-03-20,treino,2450
8214,2026-03-17,treino,2451
6627,2021-07-15,treino,2452
7817,2024-10-28,treino,2453
4365,2015-04-21,treino,2454
423,2002-09-01,treino,2455
7325,2023-06-16,treino,2456
1904,2008-01-12,treino,2457
7680,2024-06-13,treino,2458
3917,2014-01-19,treino,2459
3618,2013-03-13,treino,2460
839,2004-04-18,treino,2461
4596,2015-12-12,treino,2462
6200,2020-05-14,treino,2463
141,2001-08-15,treino,2464
6984,2022-07-09,treino,2465
1377,2006-07-03,treino,2466
3674,2013-05-11,treino,2467
7590,2024-03-15,treino,2468
8241,2026-05-08,treino,2469
4741,2016-05-05,treino,2470
3808,2013-09-27,treino,2471
1138,2005-07-18,treino,2472
2257,2009-01-08,treino,2473
5476,2018-05-19,treino,2474
1787,2007-09-13,treino,2475
3938,2014-02-10,treino,2476
6725,2021-10-22,treino,2477
7794,2024-10-05,treino,2478
459,2002-10-15,treino,2479
7740,2024-08-12,treino,2480
948,2004-12-29,treino,2481
3700,2013-06-08,treino,2482
1336,2006-05-11,treino,2483
4628,2016-01-13,treino,2484
6739,2021-11-05,treino,2485
1602,2007-03-05,treino,2486
2238,2008-12-20,treino,2487
639,2003-08-25,treino,2488
8162,2025-12-21,treino,2489
3830,2013-10-21,treino,2490
5547,2018-07-29,treino,2491
5861,2019-06-09,treino,2492
7567,2024-02-20,treino,2493
1070,2005-05-04,treino,2494
155,2001-08-29,treino,2495
2295,2009-02-20,treino,2496
5409,2018-03-12,treino,2497
4578,2015-11-23,treino,2498
1089,2005-05-24,treino,2499
2940,2011-04-20,treino,2500
7148,2022-12-21,treino,2501
4384,2015-05-10,treino,2502
930,2004-12-10,treino,2503
2909,2011-03-16,treino,2504
5461,2018-05-04,treino,2505
7766,2024-09-07,treino,2506
3247,2012-03-02,treino,2507
7688,2024-06-21,treino,2508
7407,2023-09-06,treino,2509
6216,2020-05-30,treino,2510
7499,2023-12-08,treino,2511
7301,2023-05-23,treino,2512
7890,2025-01-09,treino,2513
1698,2007-06-14,treino,2514
7965,2025-03-25,treino,2515
8304,2026-08-04,treino,2516
5733,2019-02-01,treino,2517
3831,2013-10-22,treino,2518
7712,2024-07-15,treino,2519
7701,2024-07-04,treino,2520
985,2005-02-05,treino,2521
1821,2007-10-17,treino,2522
7439,2023-10-08,treino,2523
587,2003-06-19,treino,2524
8069,2025-07-07,treino,2525
5885,2019-07-03,treino,2526
7706,2024-07-09,treino,2527
8300,2026-07-31,treino,2528
5388,2018-02-19,treino,2529
6719,2021-10-16,treino,2530
3557,2013-01-11,treino,2531
1395,2006-07-21,treino,2532
264,2002-01-09,treino,2533
3547,2013-01-01,treino,2534
5306,2017-11-29,treino,2535
7727,2024-07-30,treino,2536
5025,2017-02-20,treino,2537
6766,2021-12-02,treino,2538
3864,2013-11-24,treino,2539
7019,2022-08-14,treino,2540
2400,2009-06-05,treino,2541
6128,2020-03-03,treino,2542
3711,2013-06-19,treino,2543
246,2001-12-21,treino,2544
1594,2007-02-25,treino,2545
1529,2006-12-14,treino,2546
6945,2022-05-31,treino,2547
923,2004-12-03,treino,2548
5246,2017-09-29,treino,2549
7863,2024-12-13,treino,2550
669,2003-10-02,treino,2551
3604,2013-02-27,treino,2552
1910,2008-01-18,treino,2553
5911,2019-07-30,treino,2554
3958,2014-03-02,treino,2555
2696,2010-08-14,treino,2556
2591,2010-04-26,treino,2557
1781,2007-09-07,treino,2558
3013,2011-07-02,treino,2559
2307,2009-03-04,treino,2560
8124,2025-08-31,treino,2561
3690,2013-05-29,treino,2562
687,2003-10-23,treino,2563
612,2003-07-19,treino,2564
3200,2012-01-07,treino,2565
2267,2009-01-18,treino,2566
8108,2025-08-15,treino,2567
6443,2021-01-12,treino,2568
1898,2008-01-06,treino,2569
5369,2018-01-31,treino,2570
258,2002-01-03,treino,2571
2924,2011-04-03,treino,2572
4943,2016-11-23,treino,2573
2822,2010-12-18,treino,2574
3339,2012-06-06,treino,2575
3525,2012-12-10,treino,2576
4563,2015-11-08,treino,2577
2285,2009-02-07,treino,2578
7143,2022-12-16,treino,2579
6768,2021-12-04,treino,2580
484,2002-11-10,treino,2581
2211,2008-11-23,treino,2582
7095,2022-10-29,treino,2583
2555,2009-12-14,treino,2584
7,2001-01-25,treino,2585
3657,2013-04-23,treino,2586
7165,2023-01-07,treino,2587
4874,2016-09-15,treino,2588
4402,2015-05-28,treino,2589
2426,2009-07-16,treino,2590
1814,2007-10-10,treino,2591
7873,2024-12-23,treino,2592
2274,2009-01-26,treino,2593
1011,2005-03-04,treino,2594
5741,2019-02-09,treino,2595
1067,2005-05-01,treino,2596
1991,2008-04-13,treino,2597
3970,2014-03-14,treino,2598
6931,2022-05-17,treino,2599
7370,2023-07-31,treino,2600
7415,2023-09-14,treino,2601
3867,2013-11-27,treino,2602
7552,2024-02-05,treino,2603
3048,2011-08-06,treino,2604
781,2004-02-05,treino,2605
2675,2010-07-23,treino,2606
1749,2007-08-05,treino,2607
2791,2010-11-17,treino,2608
4979,2017-01-04,treino,2609
1091,2005-05-26,treino,2610
5859,2019-06-07,treino,2611
7885,2025-01-04,treino,2612
7198,2023-02-09,treino,2613
6864,2022-03-10,treino,2614
5055,2017-03-22,treino,2615
2608,2010-05-13,treino,2616
6936,2022-05-22,treino,2617
2290,2009-02-12,treino,2618
1727,2007-07-13,treino,2619
610,2003-07-16,treino,2620
4666,2016-02-20,treino,2621
343,2002-04-20,treino,2622
5928,2019-08-16,treino,2623
6606,2021-06-24,treino,2624
3750,2013-07-30,treino,2625
6068,2020-01-03,treino,2626
7381,2023-08-11,treino,2627
3215,2012-01-22,treino,2628
97,2001-05-03,treino,2629
5333,2017-12-26,treino,2630
1537,2006-12-27,treino,2631
3588,2013-02-11,treino,2632
5154,2017-06-29,treino,2633
3648,2013-04-14,treino,2634
8250,2026-05-19,treino,2635
5247,2017-09-30,treino,2636
1517,2006-11-29,treino,2637
5061,2017-03-28,treino,2638
7447,2023-10-16,treino,2639
4624,2016-01-09,treino,2640
4272,2015-01-17,treino,2641
3669,2013-05-06,treino,2642
2090,2008-07-25,treino,2643
572,2003-05-26,treino,2644
7696,2024-06-29,treino,2645
6423,2020-12-23,treino,2646
7021,2022-08-16,treino,2647
3062,2011-08-20,treino,2648
5379,2018-02-10,treino,2649
6137,2020-03-12,treino,2650
5513,2018-06-25,treino,2651
5496,2018-06-08,treino,2652
8276,2026-07-02,treino,2653
4479,2015-08-16,treino,2654
7457,2023-10-26,treino,2655
370,2002-05-22,treino,2656
1938,2008-02-15,treino,2657
5998,2019-10-25,treino,2658
7298,2023-05-20,treino,2659
3670,2013-05-07,treino,2660
3652,2013-04-18,treino,2661
2361,2009-04-27,treino,2662
4260,2015-01-05,treino,2663
4991,2017-01-17,treino,2664
5286,2017-11-09,treino,2665
7626,2024-04-20,treino,2666
3737,2013-07-17,treino,2667
5223,2017-09-06,treino,2668
5849,2019-05-28,treino,2669
5884,2019-07-02,treino,2670
1171,2005-08-21,treino,2671
5523,2018-07-05,treino,2672
1422,2006-08-18,treino,2673
7594,2024-03-19,treino,2674
7448,2023-10-17,treino,2675
5572,2018-08-23,treino,2676
874,2004-06-15,treino,2677
2297,2009-02-22,treino,2678
2643,2010-06-21,treino,2679
7326,2023-06-17,treino,2680
840,2004-04-19,treino,2681
581,2003-06-13,treino,2682
204,2001-10-19,treino,2683
1641,2007-04-14,treino,2684
2014,2008-05-07,treino,2685
3253,2012-03-08,treino,2686
5270,2017-10-24,treino,2687
905,2004-11-14,treino,2688
631,2003-08-09,treino,2689
7261,2023-04-13,treino,2690
5444,2018-04-17,treino,2691
1974,2008-03-27,treino,2692
162,2001-09-05,treino,2693
4998,2017-01-24,treino,2694
7033,2022-08-28,treino,2695
7603,2024-03-28,treino,2696
7210,2023-02-21,treino,2697
4713,2016-04-07,treino,2698
875,2004-06-16,treino,2699
1431,2006-08-27,treino,2700
4643,2016-01-28,treino,2701
5080,2017-04-16,treino,2702
7118,2022-11-21,treino,2703
5641,2018-10-31,treino,2704
5398,2018-03-01,treino,2705
2856,2011-01-21,treino,2706
1861,2007-11-30,treino,2707
2659,2010-07-07,treino,2708
3384,2012-07-21,treino,2709
7771,2024-09-12,treino,2710
8102,2025-08-09,treino,2711
5610,2018-09-30,treino,2712
6607,2021-06-25,treino,2713
4733,2016-04-27,treino,2714
3331,2012-05-27,treino,2715
6919,2022-05-05,treino,2716
6377,2020-11-07,treino,2717
5912,2019-07-31,treino,2718
2096,2008-07-31,treino,2719
2003,2008-04-25,treino,2720
8084,2025-07-22,treino,2721
5017,2017-02-12,treino,2722
546,2003-04-22,treino,2723
1449,2006-09-14,treino,2724
7769,2024-09-10,treino,2725
2610,2010-05-15,treino,2726
1900,2008-01-08,treino,2727
6672,2021-08-30,treino,2728
2757,2010-10-14,treino,2729
1885,2007-12-24,treino,2730
8171,2025-12-31,treino,2731
6424,2020-12-24,treino,2732
2097,2008-08-01,treino,2733
7355,2023-07-16,treino,2734
7602,2024-03-27,treino,2735
836,2004-04-15,treino,2736
3471,2012-10-17,treino,2737
4697,2016-03-22,treino,2738
6854,2022-02-28,treino,2739
2171,2008-10-14,treino,2740
7445,2023-10-14,treino,2741
7197,2023-02-08,treino,2742
398,2002-06-25,treino,2743
2010,2008-05-03,treino,2744
5166,2017-07-11,treino,2745
8122,2025-08-29,treino,2746
1283,2006-03-08,treino,2747
7584,2024-03-09,treino,2748
6198,2020-05-12,treino,2749
4256,2015-01-01,treino,2750
1836,2007-11-01,treino,2751
7012,2022-08-07,treino,2752
1019,2005-03-12,treino,2753
7490,2023-11-29,treino,2754
1326,2006-04-27,treino,2755
5257,2017-10-11,treino,2756
475,2002-11-01,treino,2757
2810,2010-12-06,treino,2758
6366,2020-10-27,treino,2759
1651,2007-04-24,treino,2760
7855,2024-12-05,treino,2761
7224,2023-03-07,treino,2762
2528,2009-11-17,treino,2763
1206,2005-12-17,treino,2764
5514,2018-06-26,treino,2765
7498,2023-12-07,treino,2766
6520,2021-03-30,treino,2767
5353,2018-01-15,treino,2768
867,2004-05-31,treino,2769
2974,2011-05-24,treino,2770
8174,2026-01-03,treino,2771
5093,2017-04-29,treino,2772
541,2003-04-17,treino,2773
5195,2017-08-09,treino,2774
1132,2005-07-12,treino,2775
8192,2026-01-29,treino,2776
6678,2021-09-05,treino,2777
3390,2012-07-27,treino,2778
7765,2024-09-06,treino,2779
2962,2011-05-12,treino,2780
4155,2014-09-19,treino,2781
3259,2012-03-14,treino,2782
5508,2018-06-20,treino,2783
8275,2026-07-01,treino,2784
2583,2010-04-18,treino,2785
2813,2010-12-09,treino,2786
6573,2021-05-22,treino,2787
7327,2023-06-18,treino,2788
5174,2017-07-19,treino,2789
5839,2019-05-18,treino,2790
3586,2013-02-09,treino,2791
7262,2023-04-14,treino,2792
5550,2018-08-01,treino,2793
7193,2023-02-04,treino,2794
2630,2010-06-08,treino,2795
8199,2026-02-12,treino,2796
5410,2018-03-13,treino,2797
5036,2017-03-03,treino,2798
1080,2005-05-14,treino,2799
4283,2015-01-29,treino,2800
2085,2008-07-20,treino,2801
2452,2009-08-31,treino,2802
4966,2016-12-21,treino,2803
2023,2008-05-16,treino,2804
5602,2018-09-22,treino,2805
6512,2021-03-22,treino,2806
226,2001-11-24,treino,2807
1013,2005-03-06,treino,2808
1929,2008-02-06,treino,2809
5981,2019-10-08,treino,2810
5251,2017-10-04,treino,2811
1404,2006-07-30,treino,2812
2179,2008-10-22,treino,2813
697,2003-11-02,treino,2814
1124,2005-07-04,treino,2815
3895,2013-12-28,treino,2816
5722,2019-01-21,treino,2817
5110,2017-05-16,treino,2818
1778,2007-09-04,treino,2819
5417,2018-03-20,treino,2820
2634,2010-06-12,treino,2821
3489,2012-11-04,treino,2822
1037,2005-03-31,treino,2823
2256,2009-01-07,treino,2824
5678,2018-12-07,treino,2825
2613,2010-05-18,treino,2826
313,2002-03-14,treino,2827
2649,2010-06-27,treino,2828
2281,2009-02-03,treino,2829
6076,2020-01-11,treino,2830
2547,2009-12-06,treino,2831
5132,2017-06-07,treino,2832
2159,2008-10-02,treino,2833
3137,2011-11-04,treino,2834
7028,2022-08-23,treino,2835
3967,2014-03-11,treino,2836
1428,2006-08-24,treino,2837
8218,2026-03-27,treino,2838
2520,2009-11-09,treino,2839
7087,2022-10-21,treino,2840
6134,2020-03-09,treino,2841
7342,2023-07-03,treino,2842
448,2002-09-30,treino,2843
5356,2018-01-18,treino,2844
1284,2006-03-09,treino,2845
3727,2013-07-07,treino,2846
361,2002-05-12,treino,2847
5230,2017-09-13,treino,2848
6816,2022-01-21,treino,2849
6745,2021-11-11,treino,2850
5149,2017-06-24,treino,2851
2460,2009-09-08,treino,2852
22,2001-02-13,treino,2853
2066,2008-07-01,treino,2854
1653,2007-04-26,treino,2855
702,2003-11-07,treino,2856
7893,2025-01-12,treino,2857
2743,2010-09-30,treino,2858
1376,2006-07-02,treino,2859
6877,2022-03-23,treino,2860
2468,2009-09-16,treino,2861
3754,2013-08-03,treino,2862
2325,2009-03-22,treino,2863
460,2002-10-16,treino,2864
5163,2017-07-08,treino,2865
4183,2014-10-19,treino,2866
4082,2014-07-06,treino,2867
1486,2006-10-23,treino,2868
3678,2013-05-15,treino,2869
282,2002-02-05,treino,2870
4558,2015-11-03,treino,2871
4308,2015-02-23,treino,2872
4865,2016-09-06,treino,2873
3537,2012-12-22,treino,2874
5960,2019-09-17,treino,2875
2581,2010-04-16,treino,2876
1368,2006-06-24,treino,2877
7633,2024-04-27,treino,2878
5693,2018-12-22,treino,2879
597,2003-06-29,treino,2880
4351,2015-04-07,treino,2881
6872,2022-03-18,treino,2882
4758,2016-05-22,treino,2883
646,2003-09-07,treino,2884
8176,2026-01-05,treino,2885
8195,2026-02-02,treino,2886
3468,2012-10-14,treino,2887
6169,2020-04-13,treino,2888
2990,2011-06-09,treino,2889
7532,2024-01-15,treino,2890
4875,2016-09-16,treino,2891
2544,2009-12-03,treino,2892
6302,2020-08-24,treino,2893
5341,2018-01-03,treino,2894
6211,2020-05-25,treino,2895
4066,2014-06-20,treino,2896
3988,2014-04-01,treino,2897
8167,2025-12-27,treino,2898
685,2003-10-21,treino,2899
6689,2021-09-16,treino,2900
3243,2012-02-27,treino,2901
6559,2021-05-08,treino,2902
4083,2014-07-07,treino,2903
2837,2011-01-02,treino,2904
3697,2013-06-05,treino,2905
4941,2016-11-21,treino,2906
7414,2023-09-13,treino,2907
4040,2014-05-25,treino,2908
2230,2008-12-12,treino,2909
6189,2020-05-03,treino,2910
2320,2009-03-17,treino,2911
4878,2016-09-19,treino,2912
521,2003-03-26,treino,2913
522,2003-03-27,treino,2914
5345,2018-01-07,treino,2915
6613,2021-07-01,treino,2916
7263,2023-04-15,treino,2917
7695,2024-06-28,treino,2918
8082,2025-07-20,treino,2919
780,2004-02-04,treino,2920
6625,2021-07-13,treino,2921
5746,2019-02-14,treino,2922
651,2003-09-13,treino,2923
6325,2020-09-16,treino,2924
2196,2008-11-08,treino,2925
369,2002-05-21,treino,2926
7161,2023-01-03,treino,2927
4214,2014-11-19,treino,2928
377,2002-05-30,treino,2929
7191,2023-02-02,treino,2930
2216,2008-11-28,treino,2931
6453,2021-01-22,treino,2932
1613,2007-03-17,treino,2933
7595,2024-03-20,treino,2934
3632,2013-03-29,treino,2935
962,2005-01-13,treino,2936
7616,2024-04-10,treino,2937
7944,2025-03-04,treino,2938
6459,2021-01-28,treino,2939
5747,2019-02-15,treino,2940
359,2002-05-09,treino,2941
3839,2013-10-30,treino,2942
5674,2018-12-03,treino,2943
1246,2006-01-26,treino,2944
8207,2026-02-21,treino,2945
5087,2017-04-23,treino,2946
3694,2013-06-02,treino,2947
7138,2022-12-11,treino,2948
6217,2020-05-31,treino,2949
2567,2010-04-02,treino,2950
3423,2012-08-30,treino,2951
2037,2008-05-30,treino,2952
772,2004-01-26,treino,2953
5380,2018-02-11,treino,2954
7778,2024-09-19,treino,2955
3562,2013-01-16,treino,2956
8010,2025-05-09,treino,2957
7737,2024-08-09,treino,2958
5330,2017-12-23,treino,2959
5613,2018-10-03,treino,2960
4531,2015-10-07,treino,2961
1674,2007-05-19,treino,2962
365,2002-05-17,treino,2963
5570,2018-08-21,treino,2964
5491,2018-06-03,treino,2965
4327,2015-03-14,treino,2966
147,2001-08-21,treino,2967
7436,2023-10-05,treino,2968
3088,2011-09-15,treino,2969
6680,2021-09-07,treino,2970
407,2002-07-10,treino,2971
7815,2024-10-26,treino,2972
3456,2012-10-02,treino,2973
4182,2014-10-17,treino,2974
3576,2013-01-30,treino,2975
3271,2012-03-27,treino,2976
4940,2016-11-20,treino,2977
1031,2005-03-25,treino,2978
7156,2022-12-29,treino,2979
855,2004-05-11,treino,2980
3926,2014-01-28,treino,2981
78,2001-04-14,treino,2982
2247,2008-12-29,treino,2983
6281,2020-08-03,treino,2984
7731,2024-08-03,treino,2985
7783,2024-09-24,treino,2986
6557,2021-05-06,treino,2987
5835,2019-05-14,treino,2988
788,2004-02-13,treino,2989
2279,2009-01-31,treino,2990
4095,2014-07-19,treino,2991
3897,2013-12-30,treino,2992
6948,2022-06-03,treino,2993
7024,2022-08-19,treino,2994
3631,2013-03-26,treino,2995
6349,2020-10-10,treino,2996
424,2002-09-02,treino,2997
392,2002-06-15,treino,2998
6581,2021-05-30,treino,2999
7988,2025-04-17,treino,3000
4200,2014-11-05,treino,3001
2672,2010-07-20,treino,3002
7743,2024-08-15,treino,3003
7672,2024-06-05,treino,3004
3493,2012-11-08,treino,3005
1459,2006-09-24,treino,3006
6119,2020-02-23,treino,3007
6553,2021-05-02,treino,3008
5624,2018-10-14,treino,3009
3835,2013-10-26,treino,3010
7391,2023-08-21,treino,3011
6560,2021-05-09,treino,3012
8052,2025-06-20,treino,3013
4724,2016-04-18,treino,3014
6576,2021-05-25,treino,3015
2355,2009-04-21,treino,3016
4798,2016-07-01,treino,3017
2442,2009-08-21,treino,3018
5737,2019-02-05,treino,3019
7767,2024-09-08,treino,3020
6590,2021-06-08,treino,3021
464,2002-10-20,treino,3022
163,2001-09-06,treino,3023
7319,2023-06-10,treino,3024
7579,2024-03-04,treino,3025
8104,2025-08-11,treino,3026
241,2001-12-13,treino,3027
2009,2008-05-02,treino,3028
3084,2011-09-11,treino,3029
900,2004-11-09,treino,3030
6629,2021-07-17,treino,3031
4837,2016-08-09,treino,3032
2293,2009-02-18,treino,3033
4481,2015-08-18,treino,3034
5302,2017-11-25,treino,3035
4605,2015-12-21,treino,3036
3716,2013-06-26,treino,3037
7018,2022-08-13,treino,3038
1764,2007-08-21,treino,3039
1549,2007-01-08,treino,3040
3029,2011-07-18,treino,3041
7768,2024-09-09,treino,3042
2044,2008-06-09,treino,3043
767,2004-01-21,treino,3044
1508,2006-11-19,treino,3045
3302,2012-04-27,treino,3046
4517,2015-09-23,treino,3047
4219,2014-11-24,treino,3048
7870,2024-12-20,treino,3049
5551,2018-08-02,treino,3050
3292,2012-04-17,treino,3051
819,2004-03-24,treino,3052
1403,2006-07-29,treino,3053
1382,2006-07-08,treino,3054
2148,2008-09-21,treino,3055
1638,2007-04-11,treino,3056
8130,2025-09-09,treino,3057
399,2002-06-26,treino,3058
882,2004-06-24,treino,3059
3565,2013-01-19,treino,3060
7562,2024-02-15,treino,3061
1179,2005-08-29,treino,3062
5448,2018-04-21,treino,3063
4244,2014-12-19,treino,3064
5218,2017-09-01,treino,3065
5787,2019-03-27,treino,3066
2130,2008-09-03,treino,3067
5078,2017-04-14,treino,3068
456,2002-10-10,treino,3069
7289,2023-05-11,treino,3070
1950,2008-02-28,treino,3071
5372,2018-02-03,treino,3072
689,2003-10-25,treino,3073
6690,2021-09-17,treino,3074
8165,2025-12-25,treino,3075
1953,2008-03-02,treino,3076
2710,2010-08-28,treino,3077
6260,2020-07-13,treino,3078
8067,2025-07-05,treino,3079
4349,2015-04-05,treino,3080
7340,2023-07-01,treino,3081
1884,2007-12-23,treino,3082
6383,2020-11-13,treino,3083
7482,2023-11-21,treino,3084
2494,2009-10-14,treino,3085
3036,2011-07-25,treino,3086
3603,2013-02-26,treino,3087
845,2004-04-26,treino,3088
542,2003-04-18,treino,3089
3724,2013-07-04,treino,3090
4187,2014-10-23,treino,3091
3679,2013-05-16,treino,3092
6756,2021-11-22,treino,3093
6920,2022-05-06,treino,3094
5826,2019-05-05,treino,3095
2964,2011-05-14,treino,3096
2529,2009-11-18,treino,3097
1048,2005-04-11,treino,3098
1960,2008-03-13,treino,3099
2530,2009-11-19,treino,3100
7980,2025-04-09,treino,3101
237,2001-12-06,treino,3102
4917,2016-10-28,treino,3103
1133,2005-07-13,treino,3104
8234,2026-04-28,treino,3105
4259,2015-01-04,treino,3106
6676,2021-09-03,treino,3107
6267,2020-07-20,treino,3108
7008,2022-08-03,treino,3109
6536,2021-04-15,treino,3110
2978,2011-05-28,treino,3111
6702,2021-09-29,treino,3112
7308,2023-05-30,treino,3113
6516,2021-03-26,treino,3114
7166,2023-01-08,treino,3115
6322,2020-09-13,treino,3116
3919,2014-01-21,treino,3117
3138,2011-11-05,treino,3118
7553,2024-02-06,treino,3119
4073,2014-06-27,treino,3120
7265,2023-04-17,treino,3121
3229,2012-02-05,treino,3122
1826,2007-10-22,treino,3123
5548,2018-07-30,treino,3124
593,2003-06-25,treino,3125
2725,2010-09-12,treino,3126
4137,2014-08-31,treino,3127
560,2003-05-10,treino,3128
6636,2021-07-24,treino,3129
5969,2019-09-26,treino,3130
243,2001-12-16,treino,3131
5435,2018-04-08,treino,3132
4437,2015-07-04,treino,3133
5880,2019-06-28,treino,3134
405,2002-07-03,treino,3135
1442,2006-09-07,treino,3136
261,2002-01-06,treino,3137
8163,2025-12-22,treino,3138
7722,2024-07-25,treino,3139
1689,2007-06-04,treino,3140
1725,2007-07-11,treino,3141
6901,2022-04-17,treino,3142
4930,2016-11-10,treino,3143
2496,2009-10-16,treino,3144
5700,2018-12-29,treino,3145
340,2002-04-15,treino,3146
7684,2024-06-17,treino,3147
1601,2007-03-04,treino,3148
4576,2015-11-21,treino,3149
3725,2013-07-05,treino,3150
2556,2009-12-22,treino,3151
2785,2010-11-11,treino,3152
1523,2006-12-08,treino,3153
6896,2022-04-12,treino,3154
8270,2026-06-22,treino,3155
7841,2024-11-21,treino,3156
5973,2019-09-30,treino,3157
6839,2022-02-13,treino,3158
1766,2007-08-23,treino,3159
4551,2015-10-27,treino,3160
4037,2014-05-22,treino,3161
8038,2025-06-06,treino,3162
6691,2021-09-18,treino,3163
6858,2022-03-04,treino,3164
7917,2025-02-05,treino,3165
363,2002-05-15,treino,3166
5367,2018-01-29,treino,3167
8283,2026-07-13,treino,3168
7612,2024-04-06,treino,3169
4725,2016-04-19,treino,3170
4443,2015-07-10,treino,3171
6746,2021-11-12,treino,3172
7816,2024-10-27,treino,3173
2562,2010-03-28,treino,3174
5931,2019-08-19,treino,3175
7761,2024-09-02,treino,3176
5519,2018-07-01,treino,3177
7857,2024-12-07,treino,3178
3083,2011-09-10,treino,3179
7799,2024-10-10,treino,3180
2102,2008-08-06,treino,3181
632,2003-08-10,treino,3182
2493,2009-10-13,treino,3183
2665,2010-07-13,treino,3184
6143,2020-03-18,treino,3185
4406,2015-06-01,treino,3186
6231,2020-06-14,treino,3187
6021,2019-11-17,treino,3188
2334,2009-03-31,treino,3189
6501,2021-03-11,treino,3190
3619,2013-03-14,treino,3191
5561,2018-08-12,treino,3192
3883,2013-12-16,treino,3193
5758,2019-02-26,treino,3194
4211,2014-11-16,treino,3195
1494,2006-11-01,treino,3196
2401,2009-06-06,treino,3197
3874,2013-12-06,treino,3198
1232,2006-01-12,treino,3199
2661,2010-07-09,treino,3200
2817,2010-12-13,treino,3201
5794,2019-04-03,treino,3202
8299,2026-07-30,treino,3203
8156,2025-10-07,treino,3204
7549,2024-02-02,treino,3205
4153,2014-09-17,treino,3206
6321,2020-09-12,treino,3207
3061,2011-08-19,treino,3208
7227,2023-03-10,treino,3209
8284,2026-07-14,treino,3210
1735,2007-07-21,treino,3211
2823,2010-12-19,treino,3212
6465,2021-02-03,treino,3213
5822,2019-05-01,treino,3214
2475,2009-09-23,treino,3215
2564,2010-03-30,treino,3216
8314,2026-08-14,treino,3217
7119,2022-11-22,treino,3218
6556,2021-05-05,treino,3219
707,2003-11-12,treino,3220
3046,2011-08-04,treino,3221
7214,2023-02-25,treino,3222
5189,2017-08-03,treino,3223
6472,2021-02-10,treino,3224
5472,2018-05-15,treino,3225
72,2001-04-08,treino,3226
4448,2015-07-16,treino,3227
4839,2016-08-11,treino,3228
7920,2025-02-08,treino,3229
5101,2017-05-07,treino,3230
1190,2005-11-08,treino,3231
2601,2010-05-06,treino,3232
1125,2005-07-05,treino,3233
1241,2006-01-21,treino,3234
5921,2019-08-09,treino,3235
7583,2024-03-08,treino,3236
6978,2022-07-03,treino,3237
6362,2020-10-23,treino,3238
3351,2012-06-18,treino,3239
5094,2017-04-30,treino,3240
4008,2014-04-23,treino,3241
1577,2007-02-08,treino,3242
3906,2014-01-08,treino,3243
3729,2013-07-09,treino,3244
4358,2015-04-14,treino,3245
1343,2006-05-29,treino,3246
8318,2026-08-18,treino,3247
7891,2025-01-10,treino,3248
440,2002-09-19,treino,3249
1100,2005-06-04,treino,3250
2637,2010-06-15,treino,3251
5983,2019-10-10,treino,3252
649,2003-09-11,treino,3253
1546,2007-01-05,treino,3254
6450,2021-01-19,treino,3255
6471,2021-02-09,treino,3256
2852,2011-01-17,treino,3257
3503,2012-11-18,treino,3258
6111,2020-02-15,treino,3259
630,2003-08-08,treino,3260
4768,2016-06-01,treino,3261
1249,2006-01-29,treino,3262
5807,2019-04-16,treino,3263
482,2002-11-08,treino,3264
1584,2007-02-15,treino,3265
4676,2016-03-01,treino,3266
1462,2006-09-27,treino,3267
3040,2011-07-29,treino,3268
5010,2017-02-05,treino,3269
6523,2021-04-02,treino,3270
3273,2012-03-29,treino,3271
3683,2013-05-20,treino,3272
4145,2014-09-09,treino,3273
8035,2025-06-03,treino,3274
5982,2019-10-09,treino,3275
4954,2016-12-04,treino,3276
3225,2012-02-01,treino,3277
1072,2005-05-06,treino,3278
4815,2016-07-18,treino,3279
2631,2010-06-09,treino,3280
1660,2007-05-03,treino,3281
5752,2019-02-20,treino,3282
2425,2009-07-15,treino,3283
5079,2017-04-15,treino,3284
7365,2023-07-26,treino,3285
6445,2021-01-14,treino,3286
3097,2011-09-24,treino,3287
3976,2014-03-20,treino,3288
7576,2024-03-01,treino,3289
8032,2025-05-31,treino,3290
6034,2019-11-30,treino,3291
5481,2018-05-24,treino,3292
6710,2021-10-07,treino,3293
5495,2018-06-07,treino,3294
5291,2017-11-14,treino,3295
1408,2006-08-03,treino,3296
1845,2007-11-10,treino,3297
1798,2007-09-24,treino,3298
3957,2014-03-01,treino,3299
1475,2006-10-11,treino,3300
6144,2020-03-19,treino,3301
35,2001-02-26,treino,3302
6452,2021-01-21,treino,3303
444,2002-09-25,treino,3304
2359,2009-04-25,treino,3305
3654,2013-04-20,treino,3306
7915,2025-02-03,treino,3307
3179,2011-12-17,treino,3308
1286,2006-03-11,treino,3309
6290,2020-08-12,treino,3310
4445,2015-07-13,treino,3311
3416,2012-08-22,treino,3312
2137,2008-09-10,treino,3313
2636,2010-06-14,treino,3314
4016,2014-05-01,treino,3315
8166,2025-12-26,treino,3316
1681,2007-05-26,treino,3317
8059,2025-06-27,treino,3318
7611,2024-04-05,treino,3319
5767,2019-03-07,treino,3320
5275,2017-10-29,treino,3321
1692,2007-06-08,treino,3322
6262,2020-07-15,treino,3323
6741,2021-11-07,treino,3324
3635,2013-04-01,treino,3325
372,2002-05-25,treino,3326
6515,2021-03-25,treino,3327
5453,2018-04-26,treino,3328
4882,2016-09-23,treino,3329
8018,2025-05-17,treino,3330
140,2001-08-14,treino,3331
4884,2016-09-25,treino,3332
4419,2015-06-15,treino,3333
7887,2025-01-06,treino,3334
6954,2022-06-09,treino,3335
714,2003-11-19,treino,3336
5243,2017-09-26,treino,3337
3188,2011-12-26,treino,3338
7477,2023-11-16,treino,3339
4431,2015-06-28,treino,3340
5994,2019-10-21,treino,3341
406,2002-07-08,treino,3342
20,2001-02-11,treino,3343
1004,2005-02-25,treino,3344
4986,2017-01-12,treino,3345
2411,2009-06-16,treino,3346
2545,2009-12-04,treino,3347
6358,2020-10-19,treino,3348
2390,2009-05-26,treino,3349
6798,2022-01-03,treino,3350
42,2001-03-05,treino,3351
2830,2010-12-26,treino,3352
3371,2012-07-08,treino,3353
3022,2011-07-11,treino,3354
3364,2012-07-01,treino,3355
4399,2015-05-25,treino,3356
5252,2017-10-06,treino,3357
11,2001-01-29,treino,3358
4760,2016-05-24,treino,3359
1177,2005-08-27,treino,3360
1947,2008-02-25,treino,3361
2501,2009-10-21,treino,3362
7344,2023-07-05,treino,3363
2863,2011-01-28,treino,3364
3865,2013-11-25,treino,3365
1026,2005-03-20,treino,3366
3848,2013-11-08,treino,3367
2989,2011-06-08,treino,3368
961,2005-01-11,treino,3369
2889,2011-02-23,treino,3370
3015,2011-07-04,treino,3371
3338,2012-06-04,treino,3372
7422,2023-09-21,treino,3373
735,2003-12-11,treino,3374
4400,2015-05-26,treino,3375
1440,2006-09-05,treino,3376
8051,2025-06-19,treino,3377
2875,2011-02-09,treino,3378
3986,2014-03-30,treino,3379
916,2004-11-25,treino,3380
7625,2024-04-19,treino,3381
6610,2021-06-28,treino,3382
4089,2014-07-13,treino,3383
7818,2024-10-29,treino,3384
6879,2022-03-26,treino,3385
2772,2010-10-29,treino,3386
1624,2007-03-28,treino,3387
6712,2021-10-09,treino,3388
821,2004-03-26,treino,3389
1367,2006-06-23,treino,3390
3712,2013-06-20,treino,3391
8204,2026-02-17,treino,3392
7605,2024-03-30,treino,3393
850,2004-05-05,treino,3394
1000,2005-02-21,treino,3395
6308,2020-08-30,treino,3396
4114,2014-08-07,treino,3397
1637,2007-04-10,treino,3398
1667,2007-05-10,treino,3399
4589,2015-12-04,treino,3400
3173,2011-12-10,treino,3401
6455,2021-01-24,treino,3402
1347,2006-06-02,treino,3403
8100,2025-08-07,treino,3404
3230,2012-02-06,treino,3405
6994,2022-07-20,treino,3406
6517,2021-03-27,treino,3407
4783,2016-06-16,treino,3408
6621,2021-07-09,treino,3409
3232,2012-02-08,treino,3410
5704,2019-01-02,treino,3411
7249,2023-04-01,treino,3412
703,2003-11-08,treino,3413
5105,2017-05-11,treino,3414
6747,2021-11-13,treino,3415
3291,2012-04-16,treino,3416
3673,2013-05-10,treino,3417
2408,2009-06-13,treino,3418
7808,2024-10-19,treino,3419
1327,2006-04-28,treino,3420
7880,2024-12-30,treino,3421
5773,2019-03-13,treino,3422
5406,2018-03-09,treino,3423
7295,2023-05-17,treino,3424
4909,2016-10-20,treino,3425
4440,2015-07-07,treino,3426
7066,2022-09-30,treino,3427
986,2005-02-06,treino,3428
6724,2021-10-21,treino,3429
7682,2024-06-15,treino,3430
7273,2023-04-25,treino,3431
7003,2022-07-29,treino,3432
4049,2014-06-03,treino,3433
3485,2012-10-31,treino,3434
2474,2009-09-22,treino,3435
5238,2017-09-21,treino,3436
3873,2013-12-05,treino,3437
1198,2005-12-09,treino,3438
4181,2014-10-16,treino,3439
1518,2006-11-30,treino,3440
7016,2022-08-11,treino,3441
5477,2018-05-20,treino,3442
1799,2007-09-25,treino,3443
1014,2005-03-07,treino,3444
128,2001-08-02,treino,3445
1364,2006-06-20,treino,3446
6525,2021-04-04,treino,3447
4470,2015-08-07,treino,3448
891,2004-07-03,treino,3449
2793,2010-11-19,treino,3450
7100,2022-11-03,treino,3451
5455,2018-04-28,treino,3452
4403,2015-05-29,treino,3453
8157,2025-10-08,treino,3454
8056,2025-06-24,treino,3455
5413,2018-03-16,treino,3456
7255,2023-04-07,treino,3457
3249,2012-03-04,treino,3458
8272,2026-06-24,treino,3459
1208,2005-12-19,treino,3460
3868,2013-11-28,treino,3461
7598,2024-03-23,treino,3462
4065,2014-06-19,treino,3463
7235,2023-03-18,treino,3464
6436,2021-01-05,treino,3465
1239,2006-01-19,treino,3466
2289,2009-02-11,treino,3467
2740,2010-09-27,treino,3468
275,2002-01-26,treino,3469
4585,2015-11-30,treino,3470
1035,2005-03-29,treino,3471
1229,2006-01-09,treino,3472
1008,2005-03-01,treino,3473
6897,2022-04-13,treino,3474
5178,2017-07-23,treino,3475
3828,2013-10-19,treino,3476
2532,2009-11-21,treino,3477
4293,2015-02-08,treino,3478
1058,2005-04-21,treino,3479
6299,2020-08-21,treino,3480
281,2002-02-04,treino,3481
1043,2005-04-06,treino,3482
1316,2006-04-15,treino,3483
968,2005-01-19,treino,3484
2381,2009-05-17,treino,3485
6753,2021-11-19,treino,3486
1939,2008-02-16,treino,3487
6092,2020-01-27,treino,3488
1274,2006-02-24,treino,3489
619,2003-07-26,treino,3490
6163,2020-04-07,treino,3491
1742,2007-07-29,treino,3492
1390,2006-07-16,treino,3493
6890,2022-04-06,treino,3494
5943,2019-08-31,treino,3495
1579,2007-02-10,treino,3496
1655,2007-04-28,treino,3497
3568,2013-01-22,treino,3498
2352,2009-04-18,treino,3499
2212,2008-11-24,treino,3500
8303,2026-08-03,treino,3501
3178,2011-12-16,treino,3502
3192,2011-12-30,treino,3503
1307,2006-04-06,treino,3504
575,2003-06-03,treino,3505
2360,2009-04-26,treino,3506
5802,2019-04-11,treino,3507
6631,2021-07-19,treino,3508
1280,2006-03-05,treino,3509
6884,2022-03-31,treino,3510
4957,2016-12-07,treino,3511
6999,2022-07-25,treino,3512
5897,2019-07-15,treino,3513
5724,2019-01-23,treino,3514
1993,2008-04-15,treino,3515
2639,2010-06-17,treino,3516
269,2002-01-18,treino,3517
629,2003-08-07,treino,3518
7232,2023-03-15,treino,3519
3081,2011-09-08,treino,3520
3466,2012-10-12,treino,3521
7389,2023-08-19,treino,3522
4396,2015-05-22,treino,3523
4023,2014-05-08,treino,3524
8020,2025-05-19,treino,3525
5543,2018-07-25,treino,3526
5568,2018-08-19,treino,3527
2046,2008-06-11,treino,3528
4356,2015-04-12,treino,3529
6652,2021-08-10,treino,3530
2113,2008-08-17,treino,3531
27,2001-02-18,treino,3532
2040,2008-06-03,treino,3533
3928,2014-01-30,treino,3534
7651,2024-05-15,treino,3535
3216,2012-01-23,treino,3536
7888,2025-01-07,treino,3537
3814,2013-10-04,treino,3538
129,2001-08-03,treino,3539
6292,2020-08-14,treino,3540
2278,2009-01-30,treino,3541
4599,2015-12-15,treino,3542
13,2001-01-31,treino,3543
7256,2023-04-08,treino,3544
4476,2015-08-13,treino,3545
7081,2022-10-15,treino,3546
1525,2006-12-10,treino,3547
2365,2009-05-01,treino,3548
4648,2016-02-02,treino,3549
3052,2011-08-10,treino,3550
4005,2014-04-20,treino,3551
2340,2009-04-06,treino,3552
374,2002-05-27,treino,3553
6657,2021-08-15,treino,3554
7269,2023-04-21,treino,3555
939,2004-12-20,treino,3556
8095,2025-08-02,treino,3557
5718,2019-01-17,treino,3558
4573,2015-11-18,treino,3559
2147,2008-09-20,treino,3560
3591,2013-02-14,treino,3561
6693,2021-09-20,treino,3562
7686,2024-06-19,treino,3563
7110,2022-11-13,treino,3564
3623,2013-03-18,treino,3565
529,2003-04-03,treino,3566
3714,2013-06-22,treino,3567
6620,2021-07-08,treino,3568
4732,2016-04-26,treino,3569
1269,2006-02-19,treino,3570
4281,2015-01-27,treino,3571
1394,2006-07-20,treino,3572
4850,2016-08-22,treino,3573
4009,2014-04-24,treino,3574
4390,2015-05-16,treino,3575
1797,2007-09-23,treino,3576
2979,2011-05-29,treino,3577
1441,2006-09-06,treino,3578
6348,2020-10-09,treino,3579
2625,2010-06-03,treino,3580
3811,2013-10-01,treino,3581
5631,2018-10-21,treino,3582
1273,2006-02-23,treino,3583
4703,2016-03-28,treino,3584
1712,2007-06-28,treino,3585
955,2005-01-05,treino,3586
6286,2020-08-08,treino,3587
6762,2021-11-28,treino,3588
7488,2023-11-27,treino,3589
7773,2024-09-14,treino,3590
403,2002-06-30,treino,3591
2071,2008-07-06,treino,3592
8039,2025-06-07,treino,3593
1977,2008-03-30,treino,3594
158,2001-09-01,treino,3595
5844,2019-05-23,treino,3596
3888,2013-12-21,treino,3597
5451,2018-04-24,treino,3598
902,2004-11-11,treino,3599
352,2002-04-29,treino,3600
5326,2017-12-19,treino,3601
6078,2020-01-13,treino,3602
4540,2015-10-16,treino,3603
4130,2014-08-24,treino,3604
754,2004-01-06,treino,3605
5833,2019-05-12,treino,3606
2971,2011-05-21,treino,3607
1082,2005-05-16,treino,3608
2920,2011-03-27,treino,3609
311,2002-03-12,treino,3610
4644,2016-01-29,treino,3611
661,2003-09-24,treino,3612
1989,2008-04-11,treino,3613
3665,2013-05-02,treino,3614
306,2002-03-07,treino,3615
2335,2009-04-01,treino,3616
4790,2016-06-23,treino,3617
2356,2009-04-22,treino,3618
3702,2013-06-10,treino,3619
3804,2013-09-23,treino,3620
1927,2008-02-04,treino,3621
7593,2024-03-18,treino,3622
3427,2012-09-03,treino,3623
749,2003-12-30,treino,3624
3638,2013-04-04,treino,3625
6175,2020-04-19,treino,3626
1266,2006-02-16,treino,3627
6209,2020-05-23,treino,3628
6442,2021-01-11,treino,3629
7485,2023-11-24,treino,3630
3595,2013-02-18,treino,3631
2134,2008-09-07,treino,3632
5066,2017-04-02,treino,3633
4109,2014-08-02,treino,3634
4969,2016-12-24,treino,3635
4904,2016-10-15,treino,3636
514,2003-03-18,treino,3637
7569,2024-02-22,treino,3638
409,2002-07-14,treino,3639
6333,2020-09-24,treino,3640
8310,2026-08-10,treino,3641
3461,2012-10-07,treino,3642
7329,2023-06-20,treino,3643
207,2001-10-22,treino,3644
6885,2022-04-01,treino,3645
458,2002-10-12,treino,3646
2054,2008-06-19,treino,3647
2430,2009-07-20,treino,3648
250,2001-12-25,treino,3649
7221,2023-03-04,treino,3650
5437,2018-04-10,treino,3651
1107,2005-06-11,treino,3652
6865,2022-03-11,treino,3653
5979,2019-10-06,treino,3654
1713,2007-06-29,treino,3655
3911,2014-01-13,treino,3656
6812,2022-01-17,treino,3657
715,2003-11-20,treino,3658
552,2003-04-28,treino,3659
1439,2006-09-04,treino,3660
2270,2009-01-22,treino,3661
3144,2011-11-11,treino,3662
8075,2025-07-13,treino,3663
1925,2008-02-02,treino,3664
634,2003-08-15,treino,3665
6082,2020-01-17,treino,3666
316,2002-03-19,treino,3667
7332,2023-06-23,treino,3668
7952,2025-03-12,treino,3669
5424,2018-03-27,treino,3670
427,2002-09-05,treino,3671
6300,2020-08-22,treino,3672
105,2001-05-11,treino,3673
3041,2011-07-30,treino,3674
4238,2014-12-13,treino,3675
2169,2008-10-12,treino,3676
1709,2007-06-25,treino,3677
89,2001-04-25,treino,3678
2241,2008-12-23,treino,3679
3174,2011-12-12,treino,3680
6336,2020-09-27,treino,3681
1949,2008-02-27,treino,3682
4044,2014-05-29,treino,3683
7979,2025-04-08,treino,3684
2848,2011-01-13,treino,3685
1,2001-01-19,treino,3686
6139,2020-03-14,treino,3687
4337,2015-03-24,treino,3688
6047,2019-12-13,treino,3689
935,2004-12-15,treino,3690
7628,2024-04-22,treino,3691
2720,2010-09-07,treino,3692
5205,2017-08-19,treino,3693
6496,2021-03-06,treino,3694
591,2003-06-23,treino,3695
8152,2025-10-03,treino,3696
6368,2020-10-29,treino,3697
2936,2011-04-15,treino,3698
2448,2009-08-27,treino,3699
1576,2007-02-06,treino,3700
6810,2022-01-15,treino,3701
7061,2022-09-25,treino,3702
213,2001-10-29,treino,3703
778,2004-02-02,treino,3704
7157,2022-12-30,treino,3705
3496,2012-11-11,treino,3706
6647,2021-08-05,treino,3707
2043,2008-06-08,treino,3708
7678,2024-06-11,treino,3709
5420,2018-03-23,treino,3710
6154,2020-03-29,treino,3711
1567,2007-01-26,treino,3712
165,2001-09-08,treino,3713
4702,2016-03-27,treino,3714
3566,2013-01-20,treino,3715
7288,2023-05-10,treino,3716
8044,2025-06-12,treino,3717
5439,2018-04-12,treino,3718
2013,2008-05-06,treino,3719
273,2002-01-24,treino,3720
3860,2013-11-20,treino,3721
4167,2014-10-01,treino,3722
6754,2021-11-20,treino,3723
3788,2013-09-06,treino,3724
5183,2017-07-28,treino,3725
394,2002-06-17,treino,3726
583,2003-06-15,treino,3727
8255,2026-05-29,treino,3728
8316,2026-08-16,treino,3729
7847,2024-11-27,treino,3730
7234,2023-03-17,treino,3731
8088,2025-07-26,treino,3732
6845,2022-02-19,treino,3733
520,2003-03-25,treino,3734
1763,2007-08-20,treino,3735
1875,2007-12-14,treino,3736
5355,2018-01-17,treino,3737
3965,2014-03-09,treino,3738
3344,2012-06-11,treino,3739
2253,2009-01-04,treino,3740
3224,2012-01-31,treino,3741
526,2003-03-31,treino,3742
2946,2011-04-26,treino,3743
4473,2015-08-10,treino,3744
3899,2014-01-01,treino,3745
5655,2018-11-14,treino,3746
692,2003-10-28,treino,3747
6059,2019-12-25,treino,3748
7999,2025-04-28,treino,3749
4444,2015-07-11,treino,3750
6131,2020-03-06,treino,3751
3633,2013-03-30,treino,3752
5805,2019-04-14,treino,3753
1050,2005-04-13,treino,3754
590,2003-06-22,treino,3755
519,2003-03-24,treino,3756
3380,2012-07-17,treino,3757
3676,2013-05-13,treino,3758
5776,2019-03-16,treino,3759
7923,2025-02-11,treino,3760
5179,2017-07-24,treino,3761
1607,2007-03-10,treino,3762
3610,2013-03-05,treino,3763
8070,2025-07-08,treino,3764
8326,2026-08-28,treino,3765
1809,2007-10-05,treino,3766
791,2004-02-16,treino,3767
792,2004-02-18,treino,3768
8071,2025-07-09,treino,3769
1855,2007-11-24,treino,3770
1980,2008-04-02,treino,3771
3233,2012-02-17,treino,3772
3598,2013-02-21,treino,3773
933,2004-12-13,treino,3774
3963,2014-03-07,treino,3775
6311,2020-09-02,treino,3776
5626,2018-10-16,treino,3777
5506,2018-06-18,treino,3778
6072,2020-01-07,treino,3779
8223,2026-04-04,treino,3780
4179,2014-10-14,treino,3781
4026,2014-05-11,treino,3782
7500,2023-12-09,treino,3783
4116,2014-08-10,treino,3784
988,2005-02-08,treino,3785
6540,2021-04-19,treino,3786
3453,2012-09-29,treino,3787
7733,2024-08-05,treino,3788
3778,2013-08-27,treino,3789
5658,2018-11-17,treino,3790
7096,2022-10-30,treino,3791
3093,2011-09-20,treino,3792
3155,2011-11-22,treino,3793
5069,2017-04-05,treino,3794
5806,2019-04-15,treino,3795
3201,2012-01-08,treino,3796
6830,2022-02-04,treino,3797
1098,2005-06-02,treino,3798
7480,2023-11-19,treino,3799
2844,2011-01-09,treino,3800
886,2004-06-28,treino,3801
3342,2012-06-09,treino,3802
6574,2021-05-23,treino,3803
6096,2020-01-31,treino,3804
515,2003-03-19,treino,3805
7811,2024-10-22,treino,3806
4833,2016-08-05,treino,3807
1453,2006-09-18,treino,3808
3553,2013-01-07,treino,3809
3609,2013-03-04,treino,3810
6821,2022-01-26,treino,3811
4665,2016-02-19,treino,3812
2506,2009-10-26,treino,3813
2994,2011-06-13,treino,3814
3999,2014-04-13,treino,3815
6222,2020-06-05,treino,3816
8022,2025-05-21,treino,3817
906,2004-11-15,treino,3818
28,2001-02-19,treino,3819
7258,2023-04-10,treino,3820
2507,2009-10-27,treino,3821
2428,2009-07-18,treino,3822
5043,2017-03-10,treino,3823
5346,2018-01-08,treino,3824
762,2004-01-14,treino,3825
3747,2013-07-27,treino,3826
4811,2016-07-14,treino,3827
284,2002-02-07,treino,3828
686,2003-10-22,treino,3829
7824,2024-11-04,treino,3830
2353,2009-04-19,treino,3831
6808,2022-01-13,treino,3832
7268,2023-04-20,treino,3833
21,2001-02-12,treino,3834
2752,2010-10-09,treino,3835
885,2004-06-27,treino,3836
917,2004-11-26,treino,3837
1040,2005-04-03,treino,3838
7704,2024-07-07,treino,3839
6718,2021-10-15,treino,3840
1265,2006-02-15,treino,3841
4579,2015-11-24,treino,3842
7323,2023-06-14,treino,3843
7874,2024-12-24,treino,3844
277,2002-01-28,treino,3845
5084,2017-04-20,treino,3846
2084,2008-07-19,treino,3847
1245,2006-01-25,treino,3848
2382,2009-05-18,treino,3849
571,2003-05-24,treino,3850
1435,2006-08-31,treino,3851
3902,2014-01-04,treino,3852
5089,2017-04-25,treino,3853
1247,2006-01-27,treino,3854
6365,2020-10-26,treino,3855
4681,2016-03-06,treino,3856
3526,2012-12-11,treino,3857
2514,2009-11-03,treino,3858
5445,2018-04-18,treino,3859
1007,2005-02-28,treino,3860
4770,2016-06-03,treino,3861
4543,2015-10-19,treino,3862
6391,2020-11-21,treino,3863
7328,2023-06-19,treino,3864
2064,2008-06-29,treino,3865
5352,2018-01-14,treino,3866
6687,2021-09-14,treino,3867
1690,2007-06-05,treino,3868
7302,2023-05-24,treino,3869
7689,2024-06-22,treino,3870
5343,2018-01-05,treino,3871
1985,2008-04-07,treino,3872
294,2002-02-17,treino,3873
1547,2007-01-06,treino,3874
2012,2008-05-05,treino,3875
588,2003-06-20,treino,3876
3329,2012-05-25,treino,3877
2403,2009-06-08,treino,3878
2129,2008-09-02,treino,3879
3998,2014-04-12,treino,3880
8220,2026-03-30,treino,3881
3741,2013-07-21,treino,3882
3508,2012-11-23,treino,3883
2719,2010-09-06,treino,3884
4521,2015-09-27,treino,3885
5150,2017-06-25,treino,3886
7710,2024-07-13,treino,3887
8286,2026-07-16,treino,3888
556,2003-05-03,treino,3889
6276,2020-07-29,treino,3890
6796,2022-01-01,treino,3891
4795,2016-06-28,treino,3892
2469,2009-09-17,treino,3893
3738,2013-07-18,treino,3894
4286,2015-02-01,treino,3895
7441,2023-10-10,treino,3896
5289,2017-11-12,treino,3897
1716,2007-07-02,treino,3898
2604,2010-05-09,treino,3899
6977,2022-07-02,treino,3900
1704,2007-06-20,treino,3901
2139,2008-09-12,treino,3902
3239,2012-02-23,treino,3903
2383,2009-05-19,treino,3904
4311,2015-02-26,treino,3905
1285,2006-03-10,treino,3906
7201,2023-02-12,treino,3907
6714,2021-10-11,treino,3908
7564,2024-02-17,treino,3909
3930,2014-02-01,treino,3910
6183,2020-04-27,treino,3911
5985,2019-10-12,treino,3912
6421,2020-12-21,treino,3913
1591,2007-02-22,treino,3914
7953,2025-03-13,treino,3915
7505,2023-12-14,treino,3916
2162,2008-10-05,treino,3917
2396,2009-06-01,treino,3918
317,2002-03-20,treino,3919
6367,2020-10-28,treino,3920
7597,2024-03-22,treino,3921
3111,2011-10-08,treino,3922
5233,2017-09-16,treino,3923
6760,2021-11-26,treino,3924
5068,2017-04-04,treino,3925
4036,2014-05-21,treino,3926
795,2004-02-22,treino,3927
3020,2011-07-09,treino,3928
1711,2007-06-27,treino,3929
3387,2012-07-24,treino,3930
36,2001-02-27,treino,3931
4549,2015-10-25,treino,3932
913,2004-11-22,treino,3933
5721,2019-01-20,treino,3934
5295,2017-11-18,treino,3935
3972,2014-03-16,treino,3936
5370,2018-02-01,treino,3937
4133,2014-08-27,treino,3938
974,2005-01-25,treino,3939
983,2005-02-03,treino,3940
6909,2022-04-25,treino,3941
1418,2006-08-13,treino,3942
1560,2007-01-19,treino,3943
4135,2014-08-29,treino,3944
5582,2018-09-02,treino,3945
6749,2021-11-15,treino,3946
4265,2015-01-10,treino,3947
1355,2006-06-11,treino,3948
7926,2025-02-14,treino,3949
8025,2025-05-24,treino,3950
987,2005-02-07,treino,3951
2682,2010-07-30,treino,3952
5047,2017-03-14,treino,3953
1640,2007-04-13,treino,3954
1290,2006-03-15,treino,3955
3681,2013-05-18,treino,3956
1380,2006-07-06,treino,3957
1933,2008-02-10,treino,3958
4675,2016-02-29,treino,3959
7907,2025-01-26,treino,3960
3160,2011-11-27,treino,3961
2030,2008-05-23,treino,3962
892,2004-07-04,treino,3963
4876,2016-09-17,treino,3964
4069,2014-06-23,treino,3965
4255,2014-12-31,treino,3966
2,2001-01-20,treino,3967
7006,2022-08-01,treino,3968
2109,2008-08-13,treino,3969
849,2004-05-04,treino,3970
2737,2010-09-24,treino,3971
2466,2009-09-14,treino,3972
1914,2008-01-22,treino,3973
1596,2007-02-27,treino,3974
5872,2019-06-20,treino,3975
1913,2008-01-21,treino,3976
5139,2017-06-14,treino,3977
7971,2025-03-31,treino,3978
5640,2018-10-30,treino,3979
2736,2010-09-23,treino,3980
726,2003-12-01,treino,3981
53,2001-03-16,treino,3982
1796,2007-09-22,treino,3983
3845,2013-11-05,treino,3984
6007,2019-11-03,treino,3985
7132,2022-12-05,treino,3986
2553,2009-12-12,treino,3987
2800,2010-11-26,treino,3988
936,2004-12-16,treino,3989
6975,2022-06-30,treino,3990
824,2004-03-29,treino,3991
4321,2015-03-08,treino,3992
3401,2012-08-07,treino,3993
1389,2006-07-15,treino,3994
3564,2013-01-18,treino,3995
884,2004-06-26,treino,3996
5429,2018-04-01,treino,3997
5703,2019-01-01,treino,3998
5690,2018-12-19,treino,3999
4867,2016-09-08,treino,4000
6369,2020-10-30,treino,4001
1868,2007-12-07,treino,4002
5181,2017-07-26,treino,4003
10,2001-01-28,treino,4004
3415,2012-08-21,treino,4005
5421,2018-03-24,treino,4006
1463,2006-09-29,treino,4007
806,2004-03-09,treino,4008
6900,2022-04-16,treino,4009
6659,2021-08-17,treino,4010
4068,2014-06-22,treino,4011
2108,2008-08-12,treino,4012
7137,2022-12-10,treino,4013
2041,2008-06-05,treino,4014
2234,2008-12-16,treino,4015
963,2005-01-14,treino,4016
4494,2015-08-31,treino,4017
2632,2010-06-10,treino,4018
6094,2020-01-29,treino,4019
704,2003-11-09,treino,4020
431,2002-09-10,treino,4021
4388,2015-05-14,treino,4022
6077,2020-01-12,treino,4023
145,2001-08-19,treino,4024
6467,2021-02-05,treino,4025
2033,2008-05-26,treino,4026
7097,2022-10-31,treino,4027
1165,2005-08-15,treino,4028
3500,2012-11-15,treino,4029
2050,2008-06-15,treino,4030
3760,2013-08-09,treino,4031
2624,2010-06-02,treino,4032
4484,2015-08-21,treino,4033
4435,2015-07-02,treino,4034
6744,2021-11-10,treino,4035
6570,2021-05-19,treino,4036
4361,2015-04-17,treino,4037
2424,2009-07-14,treino,4038
1262,2006-02-12,treino,4039
1771,2007-08-28,treino,4040
3511,2012-11-26,treino,4041
271,2002-01-22,treino,4042
4792,2016-06-25,treino,4043
4843,2016-08-15,treino,4044
244,2001-12-18,treino,4045
8194,2026-01-31,treino,4046
4572,2015-11-17,treino,4047
2032,2008-05-25,treino,4048
7803,2024-10-14,treino,4049
6692,2021-09-19,treino,4050
813,2004-03-18,treino,4051
6010,2019-11-06,treino,4052
3810,2013-09-29,treino,4053
8187,2026-01-17,treino,4054
8294,2026-07-24,treino,4055
6871,2022-03-17,treino,4056
1804,2007-09-30,treino,4057
7184,2023-01-26,treino,4058
4346,2015-04-02,treino,4059
2461,2009-09-09,treino,4060
545,2003-04-21,treino,4061
3241,2012-02-25,treino,4062
738,2003-12-16,treino,4063
310,2002-03-11,treino,4064
3521,2012-12-06,treino,4065
1131,2005-07-11,treino,4066
5545,2018-07-27,treino,4067
492,2002-11-29,treino,4068
4111,2014-08-04,treino,4069
2769,2010-10-26,treino,4070
920,2004-11-30,treino,4071
7086,2022-10-20,treino,4072
3587,2013-02-10,treino,4073
3959,2014-03-03,treino,4074
38,2001-03-01,treino,4075
4459,2015-07-27,treino,4076
4278,2015-01-24,treino,4077
2983,2011-06-02,treino,4078
5290,2017-11-13,treino,4079
130,2001-08-04,treino,4080
5217,2017-08-31,treino,4081
8262,2026-06-12,treino,4082
2667,2010-07-15,treino,4083
3223,2012-01-30,treino,4084
1182,2005-09-01,treino,4085
7993,2025-04-22,treino,4086
614,2003-07-21,treino,4087
8247,2026-05-14,treino,4088
1466,2006-10-02,treino,4089
4497,2015-09-03,treino,4090
3042,2011-07-31,treino,4091
934,2004-12-14,treino,4092
2419,2009-06-24,treino,4093
5085,2017-04-21,treino,4094
7639,2024-05-03,treino,4095
6859,2022-03-05,treino,4096
4822,2016-07-25,treino,4097
826,2004-04-02,treino,4098
1521,2006-12-06,treino,4099
2930,2011-04-09,treino,4100
4232,2014-12-07,treino,4101
628,2003-08-06,treino,4102
4430,2015-06-27,treino,4103
3853,2013-11-13,treino,4104
390,2002-06-13,treino,4105
4345,2015-04-01,treino,4106
8208,2026-02-28,treino,4107
5913,2019-08-01,treino,4108
3990,2014-04-03,treino,4109
400,2002-06-27,treino,4110
4806,2016-07-09,treino,4111
5135,2017-06-10,treino,4112
6838,2022-02-12,treino,4113
3359,2012-06-26,treino,4114
46,2001-03-09,treino,4115
5657,2018-11-16,treino,4116
8109,2025-08-16,treino,4117
3993,2014-04-06,treino,4118
3642,2013-04-08,treino,4119
3726,2013-07-06,treino,4120
7751,2024-08-23,treino,4121
5208,2017-08-22,treino,4122
6609,2021-06-27,treino,4123
5319,2017-12-12,treino,4124
709,2003-11-14,treino,4125
2421,2009-06-26,treino,4126
5604,2018-09-24,treino,4127
1750,2007-08-06,treino,4128
8169,2025-12-29,treino,4129
6930,2022-05-16,treino,4130
4062,2014-06-16,treino,4131
8008,2025-05-07,treino,4132
338,2002-04-13,treino,4133
215,2001-10-31,treino,4134
3663,2013-04-30,treino,4135
1341,2006-05-27,treino,4136
7742,2024-08-14,treino,4137
8181,2026-01-11,treino,4138
3894,2013-12-27,treino,4139
3640,2013-04-06,treino,4140
329,2002-04-04,treino,4141
6663,2021-08-21,treino,4142
3004,2011-06-23,treino,4143
8077,2025-07-15,treino,4144
3115,2011-10-12,treino,4145
8172,2026-01-01,treino,4146
2322,2009-03-19,treino,4147
4197,2014-11-02,treino,4148
3549,2013-01-03,treino,4149
1458,2006-09-23,treino,4150
171,2001-09-14,treino,4151
4203,2014-11-08,treino,4152
7083,2022-10-17,treino,4153
3569,2013-01-23,treino,4154
4226,2014-12-01,treino,4155
5158,2017-07-03,treino,4156
6903,2022-04-19,treino,4157
6185,2020-04-29,treino,4158
7452,2023-10-21,treino,4159
938,2004-12-19,treino,4160
60,2001-03-23,treino,4161
1240,2006-01-20,treino,4162
5760,2019-02-28,treino,4163
5136,2017-06-11,treino,4164
7067,2022-10-01,treino,4165
2120,2008-08-24,treino,4166
1524,2006-12-09,treino,4167
153,2001-08-27,treino,4168
6344,2020-10-05,treino,4169
481,2002-11-07,treino,4170
6122,2020-02-26,treino,4171
4460,2015-07-28,treino,4172
3920,2014-01-22,treino,4173
1762,2007-08-19,treino,4174
750,2004-01-01,treino,4175
1785,2007-09-11,treino,4176
7032,2022-08-27,treino,4177
6212,2020-05-26,treino,4178
4501,2015-09-07,treino,4179
4853,2016-08-25,treino,4180
2711,2010-08-29,treino,4181
6840,2022-02-14,treino,4182
4193,2014-10-29,treino,4183
1333,2006-05-07,treino,4184
7537,2024-01-20,treino,4185
2854,2011-01-19,treino,4186
186,2001-09-29,treino,4187
1136,2005-07-16,treino,4188
2058,2008-06-23,treino,4189
7652,2024-05-16,treino,4190
7085,2022-10-19,treino,4191
148,2001-08-22,treino,4192
4124,2014-08-18,treino,4193
4889,2016-09-30,treino,4194
6853,2022-02-27,treino,4195
3363,2012-06-30,treino,4196
4788,2016-06-21,treino,4197
2866,2011-01-31,treino,4198
3776,2013-08-25,treino,4199
1386,2006-07-12,treino,4200
5941,2019-08-29,treino,4201
7996,2025-04-25,treino,4202
6997,2022-07-23,treino,4203
5695,2018-12-24,treino,4204
3629,2013-03-24,treino,4205
7614,2024-04-08,treino,4206
4797,2016-06-30,treino,4207
3028,2011-07-17,treino,4208
2969,2011-05-19,treino,4209
7353,2023-07-14,treino,4210
1708,2007-06-24,treino,4211
2953,2011-05-03,treino,4212
454,2002-10-08,treino,4213
6136,2020-03-11,treino,4214
7071,2022-10-05,treino,4215
6411,2020-12-11,treino,4216
609,2003-07-15,treino,4217
4263,2015-01-08,treino,4218
4826,2016-07-29,treino,4219
7169,2023-01-11,treino,4220
2074,2008-07-09,treino,4221
4052,2014-06-06,treino,4222
6880,2022-03-27,treino,4223
1622,2007-03-26,treino,4224
4683,2016-03-08,treino,4225
5497,2018-06-09,treino,4226
5796,2019-04-05,treino,4227
7412,2023-09-11,treino,4228
40,2001-03-03,treino,4229
5475,2018-05-18,treino,4230
2089,2008-07-24,treino,4231
3924,2014-01-26,treino,4232
2175,2008-10-18,treino,4233
74,2001-04-10,treino,4234
6772,2021-12-08,treino,4235
3798,2013-09-17,treino,4236
2657,2010-07-05,treino,4237
3180,2011-12-18,treino,4238
2076,2008-07-11,treino,4239
441,2002-09-20,treino,4240
2051,2008-06-16,treino,4241
2541,2009-11-30,treino,4242
1301,2006-03-26,treino,4243
7785,2024-09-26,treino,4244
3430,2012-09-06,treino,4245
1304,2006-03-29,treino,4246
236,2001-12-05,treino,4247
7049,2022-09-13,treino,4248
2599,2010-05-04,treino,4249
4616,2016-01-01,treino,4250
2573,2010-04-08,treino,4251
3280,2012-04-05,treino,4252
3186,2011-12-24,treino,4253
3953,2014-02-25,treino,4254
2768,2010-10-25,treino,4255
4831,2016-08-03,treino,4256
4223,2014-11-28,treino,4257
2106,2008-08-10,treino,4258
2679,2010-07-27,treino,4259
2761,2010-10-18,treino,4260
4688,2016-03-13,treino,4261
5399,2018-03-02,treino,4262
1387,2006-07-13,treino,4263
7946,2025-03-06,treino,4264
7660,2024-05-24,treino,4265
6804,2022-01-09,treino,4266
7277,2023-04-29,treino,4267
8155,2025-10-06,treino,4268
5000,2017-01-26,treino,4269
5853,2019-06-01,treino,4270
1279,2006-03-04,treino,4271
8282,2026-07-12,treino,4272
804,2004-03-07,treino,4273
6404,2020-12-04,treino,4274
1555,2007-01-14,treino,4275
7654,2024-05-18,treino,4276
3190,2011-12-28,treino,4277
4566,2015-11-11,treino,4278
4802,2016-07-05,treino,4279
7940,2025-02-28,treino,4280
4841,2016-08-13,treino,4281
3594,2013-02-17,treino,4282
6035,2019-12-01,treino,4283
1920,2008-01-28,treino,4284
513,2003-03-14,treino,4285
4177,2014-10-12,treino,4286
1308,2006-04-07,treino,4287
5667,2018-11-26,treino,4288
914,2004-11-23,treino,4289
3452,2012-09-28,treino,4290
3695,2013-06-03,treino,4291
4242,2014-12-17,treino,4292
3156,2011-11-23,treino,4293
2198,2008-11-10,treino,4294
774,2004-01-28,treino,4295
4425,2015-06-21,treino,4296
6150,2020-03-25,treino,4297
6097,2020-02-01,treino,4298
943,2004-12-24,treino,4299
822,2004-03-27,treino,4300
5005,2017-01-31,treino,4301
6612,2021-06-30,treino,4302
4277,2015-01-23,treino,4303
164,2001-09-07,treino,4304
5619,2018-10-09,treino,4305
4547,2015-10-23,treino,4306
3983,2014-03-27,treino,4307
2538,2009-11-27,treino,4308
8065,2025-07-03,treino,4309
1311,2006-04-10,treino,4310
5207,2017-08-21,treino,4311
7697,2024-06-30,treino,4312
5383,2018-02-14,treino,4313
7051,2022-09-15,treino,4314
7853,2024-12-03,treino,4315
6722,2021-10-19,treino,4316
3300,2012-04-25,treino,4317
3310,2012-05-05,treino,4318
327,2002-04-02,treino,4319
5886,2019-07-04,treino,4320
2490,2009-10-09,treino,4321
7963,2025-03-23,treino,4322
6103,2020-02-07,treino,4323
5954,2019-09-11,treino,4324
7930,2025-02-18,treino,4325
4408,2015-06-04,treino,4326
832,2004-04-11,treino,4327
3079,2011-09-06,treino,4328
3462,2012-10-08,treino,4329
5297,2017-11-20,treino,4330
7413,2023-09-12,treino,4331
54,2001-03-17,treino,4332
6230,2020-06-13,treino,4333
4064,2014-06-18,treino,4334
3451,2012-09-27,treino,4335
6305,2020-08-27,treino,4336
1901,2008-01-09,treino,4337
1481,2006-10-18,treino,4338
4873,2016-09-14,treino,4339
4895,2016-10-06,treino,4340
4150,2014-09-14,treino,4341
3335,2012-05-31,treino,4342
6016,2019-11-12,treino,4343
4926,2016-11-06,treino,4344
946,2004-12-27,treino,4345
5797,2019-04-06,treino,4346
3293,2012-04-18,treino,4347
2161,2008-10-04,treino,4348
8183,2026-01-13,treino,4349
5083,2017-04-19,treino,4350
7495,2023-12-04,treino,4351
7160,2023-01-02,treino,4352
3057,2011-08-15,treino,4353
5490,2018-06-02,treino,4354
6733,2021-10-30,treino,4355
768,2004-01-22,treino,4356
7958,2025-03-18,treino,4357
3495,2012-11-10,treino,4358
285,2002-02-08,treino,4359
1500,2006-11-09,treino,4360
4524,2015-09-30,treino,4361
7531,2024-01-14,treino,4362
2332,2009-03-29,treino,4363
2717,2010-09-04,treino,4364
2079,2008-07-14,treino,4365
3389,2012-07-26,treino,4366
722,2003-11-27,treino,4367
951,2005-01-01,treino,4368
7371,2023-08-01,treino,4369
2262,2009-01-13,treino,4370
989,2005-02-09,treino,4371
3212,2012-01-19,treino,4372
1759,2007-08-16,treino,4373
7281,2023-05-03,treino,4374
4422,2015-06-18,treino,4375
6704,2021-10-01,treino,4376
5479,2018-05-22,treino,4377
1724,2007-07-10,treino,4378
5182,2017-07-27,treino,4379
7572,2024-02-26,treino,4380
341,2002-04-16,treino,4381
3701,2013-06-09,treino,4382
4243,2014-12-18,treino,4383
688,2003-10-24,treino,4384
3432,2012-09-08,treino,4385
5203,2017-08-17,treino,4386
4944,2016-11-24,treino,4387
966,2005-01-17,treino,4388
7990,2025-04-19,treino,4389
7650,2024-05-14,treino,4390
2203,2008-11-15,treino,4391
2713,2010-08-31,treino,4392
4757,2016-05-21,treino,4393
5098,2017-05-04,treino,4394
7948,2025-03-08,treino,4395
7750,2024-08-22,treino,4396
7459,2023-10-28,treino,4397
5280,2017-11-03,treino,4398
5975,2019-10-02,treino,4399
3572,2013-01-26,treino,4400
4805,2016-07-08,treino,4401
5299,2017-11-22,treino,4402
1990,2008-04-12,treino,4403
4120,2014-08-14,treino,4404
4759,2016-05-23,treino,4405
6940,2022-05-26,treino,4406
5298,2017-11-21,treino,4407
8054,2025-06-22,treino,4408
4971,2016-12-27,treino,4409
8019,2025-05-18,treino,4410
5034,2017-03-01,treino,4411
6783,2021-12-19,treino,4412
3600,2013-02-23,treino,4413
6490,2021-02-28,treino,4414
7726,2024-07-29,treino,4415
474,2002-10-31,treino,4416
6972,2022-06-27,treino,4417
385,2002-06-07,treino,4418
7382,2023-08-12,treino,4419
7728,2024-07-31,treino,4420
536,2003-04-10,treino,4421
6387,2020-11-17,treino,4422
7898,2025-01-17,treino,4423
5032,2017-02-27,treino,4424
4212,2014-11-17,treino,4425
6456,2021-01-25,treino,4426
3507,2012-11-22,treino,4427
201,2001-10-16,treino,4428
1332,2006-05-04,treino,4429
3502,2012-11-17,treino,4430
2708,2010-08-26,treino,4431
6030,2019-11-26,treino,4432
5031,2017-02-26,treino,4433
6514,2021-03-24,treino,4434
4662,2016-02-16,treino,4435
4021,2014-05-06,treino,4436
1854,2007-11-23,treino,4437
7566,2024-02-19,treino,4438
2872,2011-02-06,treino,4439
3030,2011-07-19,treino,4440
1205,2005-12-16,treino,4441
6563,2021-05-12,treino,4442
1645,2007-04-18,treino,4443
3417,2012-08-23,treino,4444
3476,2012-10-22,treino,4445
7115,2022-11-18,treino,4446
2861,2011-01-26,treino,4447
1792,2007-09-18,treino,4448
5526,2018-07-08,treino,4449
6922,2022-05-08,treino,4450
3797,2013-09-16,treino,4451
3368,2012-07-05,treino,4452
3367,2012-07-04,treino,4453
3533,2012-12-18,treino,4454
7738,2024-08-10,treino,4455
5109,2017-05-15,treino,4456
6024,2019-11-20,treino,4457
3449,2012-09-25,treino,4458
603,2003-07-08,treino,4459
3056,2011-08-14,treino,4460
7360,2023-07-21,treino,4461
126,2001-07-31,treino,4462
5959,2019-09-16,treino,4463
3876,2013-12-08,treino,4464
2935,2011-04-14,treino,4465
5443,2018-04-16,treino,4466
4451,2015-07-19,treino,4467
3531,2012-12-16,treino,4468
2730,2010-09-17,treino,4469
827,2004-04-06,treino,4470
1639,2007-04-12,treino,4471
984,2005-02-04,treino,4472
3281,2012-04-06,treino,4473
8302,2026-08-02,treino,4474
2188,2008-10-31,treino,4475
7798,2024-10-09,treino,4476
2443,2009-08-22,treino,4477
362,2002-05-13,treino,4478
2349,2009-04-15,treino,4479
345,2002-04-22,treino,4480
814,2004-03-19,treino,4481
6166,2020-04-10,treino,4482
4807,2016-07-10,treino,4483
3205,2012-01-12,treino,4484
7025,2022-08-20,treino,4485
8103,2025-08-10,treino,4486
5961,2019-09-18,treino,4487
3325,2012-05-21,treino,4488
4106,2014-07-30,treino,4489
7573,2024-02-27,treino,4490
2116,2008-08-20,treino,4491
1834,2007-10-30,treino,4492
793,2004-02-20,treino,4493
1955,2008-03-04,treino,4494
6898,2022-04-14,treino,4495
2674,2010-07-22,treino,4496
94,2001-04-30,treino,4497
4225,2014-11-30,treino,4498
3756,2013-08-05,treino,4499
2891,2011-02-25,treino,4500
2371,2009-05-07,treino,4501
7581,2024-03-06,treino,4502
7820,2024-10-31,treino,4503
7506,2023-12-15,treino,4504
3228,2012-02-04,treino,4505
6158,2020-04-02,treino,4506
6359,2020-10-20,treino,4507
5996,2019-10-23,treino,4508
7222,2023-03-05,treino,4509
7546,2024-01-29,treino,4510
6028,2019-11-24,treino,4511
2853,2011-01-18,treino,4512
7833,2024-11-13,treino,4513
2912,2011-03-19,treino,4514
1865,2007-12-04,treino,4515
5754,2019-02-22,treino,4516
4612,2015-12-28,treino,4517
1857,2007-11-26,treino,4518
2645,2010-06-23,treino,4519
2243,2008-12-25,treino,4520
5373,2018-02-04,treino,4521
2336,2009-04-02,treino,4522
950,2004-12-31,treino,4523
3068,2011-08-26,treino,4524
1120,2005-06-24,treino,4525
2597,2010-05-02,treino,4526
2204,2008-11-16,treino,4527
419,2002-08-28,treino,4528
922,2004-12-02,treino,4529
1254,2006-02-03,treino,4530
477,2002-11-03,treino,4531
2035,2008-05-28,treino,4532
7792,2024-10-03,treino,4533
5788,2019-03-28,treino,4534
5742,2019-02-10,treino,4535
5567,2018-08-18,treino,4536
6697,2021-09-24,treino,4537
1202,2005-12-13,treino,4538
6534,2021-04-13,treino,4539
2626,2010-06-04,treino,4540
5765,2019-03-05,treino,4541
8136,2025-09-15,treino,4542
1970,2008-03-23,treino,4543
3110,2011-10-07,treino,4544
4018,2014-05-03,treino,4545
2151,2008-09-24,treino,4546
3687,2013-05-25,treino,4547
4916,2016-10-27,treino,4548
1997,2008-04-19,treino,4549
4033,2014-05-18,treino,4550
4598,2015-12-14,treino,4551
3054,2011-08-12,treino,4552
1248,2006-01-28,treino,4553
2192,2008-11-04,treino,4554
2712,2010-08-30,treino,4555
992,2005-02-13,treino,4556
2190,2008-11-02,treino,4557
4670,2016-02-24,treino,4558
5142,2017-06-17,treino,4559
5984,2019-10-11,treino,4560
6565,2021-05-14,treino,4561
3762,2013-08-11,treino,4562
6943,2022-05-29,treino,4563
3597,2013-02-20,treino,4564
4711,2016-04-05,treino,4565
1318,2006-04-19,treino,4566
1863,2007-12-02,treino,4567
2343,2009-04-09,treino,4568
2449,2009-08-28,treino,4569
2136,2008-09-09,treino,4570
1065,2005-04-29,treino,4571
5868,2019-06-16,treino,4572
600,2003-07-02,treino,4573
4227,2014-12-02,treino,4574
2621,2010-05-30,treino,4575
77,2001-04-13,treino,4576
2898,2011-03-04,treino,4577
6148,2020-03-23,treino,4578
4820,2016-07-23,treino,4579
1314,2006-04-13,treino,4580
7374,2023-08-04,treino,4581
5947,2019-09-04,treino,4582
6413,2020-12-13,treino,4583
7386,2023-08-16,treino,4584
872,2004-06-13,treino,4585
3850,2013-11-10,treino,4586
5468,2018-05-11,treino,4587
5951,2019-09-08,treino,4588
8087,2025-07-25,treino,4589
2965,2011-05-15,treino,4590
3391,2012-07-28,treino,4591
5415,2018-03-18,treino,4592
2560,2009-12-26,treino,4593
1570,2007-01-29,treino,4594
2635,2010-06-13,treino,4595
5256,2017-10-10,treino,4596
3530,2012-12-15,treino,4597
375,2002-05-28,treino,4598
1908,2008-01-16,treino,4599
4429,2015-06-26,treino,4600
7318,2023-06-09,treino,4601
7397,2023-08-27,treino,4602
4027,2014-05-12,treino,4603
6461,2021-01-30,treino,4604
1604,2007-03-07,treino,4605
1118,2005-06-22,treino,4606
3677,2013-05-14,treino,4607
3490,2012-11-05,treino,4608
2038,2008-05-31,treino,4609
6039,2019-12-05,treino,4610
2958,2011-05-08,treino,4611
1994,2008-04-16,treino,4612
2824,2010-12-20,treino,4613
7351,2023-07-12,treino,4614
2376,2009-05-12,treino,4615
7752,2024-08-24,treino,4616
1342,2006-05-28,treino,4617
320,2002-03-23,treino,4618
1619,2007-03-23,treino,4619
3713,2013-06-21,treino,4620
7748,2024-08-20,treino,4621
2060,2008-06-25,treino,4622
8291,2026-07-21,treino,4623
2219,2008-12-01,treino,4624
1673,2007-05-18,treino,4625
6038,2019-12-04,treino,4626
260,2002-01-05,treino,4627
7474,2023-11-13,treino,4628
2039,2008-06-02,treino,4629
4785,2016-06-18,treino,4630
901,2004-11-10,treino,4631
3744,2013-07-24,treino,4632
6402,2020-12-02,treino,4633
2026,2008-05-19,treino,4634
6988,2022-07-13,treino,4635
4234,2014-12-09,treino,4636
1917,2008-01-25,treino,4637
1828,2007-10-24,treino,4638
1573,2007-02-02,treino,4639
4415,2015-06-11,treino,4640
4749,2016-05-13,treino,4641
6233,2020-06-16,treino,4642
7791,2024-10-02,treino,4643
4654,2016-02-08,treino,4644
6283,2020-08-05,treino,4645
4208,2014-11-13,treino,4646
4627,2016-01-12,treino,4647
224,2001-11-16,treino,4648
723,2003-11-28,treino,4649
7591,2024-03-16,treino,4650
6979,2022-07-04,treino,4651
1141,2005-07-21,treino,4652
5529,2018-07-11,treino,4653
6469,2021-02-07,treino,4654
5764,2019-03-04,treino,4655
7548,2024-02-01,treino,4656
5554,2018-08-05,treino,4657
8027,2025-05-26,treino,4658
2762,2010-10-19,treino,4659
846,2004-04-27,treino,4660
4289,2015-02-04,treino,4661
5560,2018-08-11,treino,4662
6717,2021-10-14,treino,4663
5042,2017-03-09,treino,4664
6117,2020-02-21,treino,4665
2551,2009-12-10,treino,4666
5725,2019-01-24,treino,4667
2928,2011-04-07,treino,4668
117,2001-07-21,treino,4669
645,2003-09-06,treino,4670
5966,2019-09-23,treino,4671
3,2001-01-21,treino,4672
4170,2014-10-04,treino,4673
5851,2019-05-30,treino,4674
467,2002-10-24,treino,4675
5,2001-01-23,treino,4676
5342,2018-01-04,treino,4677
919,2004-11-28,treino,4678
2595,2010-04-30,treino,4679
4324,2015-03-11,treino,4680
1063,2005-04-26,treino,4681
2590,2010-04-25,treino,4682
242,2001-12-14,treino,4683
7042,2022-09-06,treino,4684
7361,2023-07-22,treino,4685
1160,2005-08-10,treino,4686
2870,2011-02-04,treino,4687
3735,2013-07-15,treino,4688
7741,2024-08-13,treino,4689
2397,2009-06-02,treino,4690
3517,2012-12-02,treino,4691
6986,2022-07-11,treino,4692
3421,2012-08-27,treino,4693
2563,2010-03-29,treino,4694
6767,2021-12-03,treino,4695
5622,2018-10-12,treino,4696
1605,2007-03-08,treino,4697
8151,2025-10-02,treino,4698
2324,2009-03-21,treino,4699
2709,2010-08-27,treino,4700
7433,2023-10-02,treino,4701
1312,2006-04-11,treino,4702
3448,2012-09-24,treino,4703
3812,2013-10-02,treino,4704
6085,2020-01-20,treino,4705
7872,2024-12-22,treino,4706
2362,2009-04-28,treino,4707
1975,2008-03-28,treino,4708
3514,2012-11-29,treino,4709
1761,2007-08-18,treino,4710
5401,2018-03-04,treino,4711
2739,2010-09-26,treino,4712
5637,2018-10-27,treino,4713
7883,2025-01-02,treino,4714
2472,2009-09-20,treino,4715
6738,2021-11-04,treino,4716
6891,2022-04-07,treino,4717
4007,2014-04-22,treino,4718
4718,2016-04-12,treino,4719
6177,2020-04-21,treino,4720
1493,2006-10-31,treino,4721
4206,2014-11-11,treino,4722
6371,2020-11-01,treino,4723
2158,2008-10-01,treino,4724
1169,2005-08-19,treino,4725
7644,2024-05-08,treino,4726
232,2001-11-30,treino,4727
66,2001-03-29,treino,4728
1603,2007-03-06,treino,4729
6168,2020-04-12,treino,4730
3283,2012-04-08,treino,4731
3596,2013-02-19,treino,4732
6288,2020-08-10,treino,4733
4632,2016-01-17,treino,4734
6955,2022-06-10,treino,4735
125,2001-07-30,treino,4736
6229,2020-06-12,treino,4737
5350,2018-01-12,treino,4738
1296,2006-03-21,treino,4739
1976,2008-03-29,treino,4740
7645,2024-05-09,treino,4741
7585,2024-03-10,treino,4742
2075,2008-07-10,treino,4743
4580,2015-11-25,treino,4744
5750,2019-02-18,treino,4745
7991,2025-04-20,treino,4746
3086,2011-09-13,treino,4747
7337,2023-06-28,treino,4748
6882,2022-03-29,treino,4749
7377,2023-08-07,treino,4750
3345,2012-06-12,treino,4751
7559,2024-02-12,treino,4752
5870,2019-06-18,treino,4753
6506,2021-03-16,treino,4754
2797,2010-11-23,treino,4755
918,2004-11-27,treino,4756
1646,2007-04-19,treino,4757
5122,2017-05-28,treino,4758
5126,2017-06-01,treino,4759
4978,2017-01-03,treino,4760
5431,2018-04-04,treino,4761
6842,2022-02-16,treino,4762
4621,2016-01-06,treino,4763
6809,2022-01-14,treino,4764
364,2002-05-16,treino,4765
3287,2012-04-12,treino,4766
2125,2008-08-29,treino,4767
4123,2014-08-17,treino,4768
4569,2015-11-14,treino,4769
525,2003-03-30,treino,4770
4821,2016-07-24,treino,4771
55,2001-03-18,treino,4772
638,2003-08-23,treino,4773
302,2002-03-03,treino,4774
2766,2010-10-23,treino,4775
5811,2019-04-20,treino,4776
1276,2006-03-01,treino,4777
7928,2025-02-16,treino,4778
4720,2016-04-14,treino,4779
2055,2008-06-20,treino,4780
5376,2018-02-07,treino,4781
6947,2022-06-02,treino,4782
5145,2017-06-20,treino,4783
4432,2015-06-29,treino,4784
3644,2013-04-10,treino,4785
4143,2014-09-07,treino,4786
2878,2011-02-12,treino,4787
4202,2014-11-07,treino,4788
6493,2021-03-03,treino,4789
5175,2017-07-20,treino,4790
2286,2009-02-08,treino,4791
2261,2009-01-12,treino,4792
5240,2017-09-23,treino,4793
7533,2024-01-16,treino,4794
2296,2009-02-21,treino,4795
6937,2022-05-23,treino,4796
7240,2023-03-23,treino,4797
5932,2019-08-20,treino,4798
1753,2007-08-09,treino,4799
5197,2017-08-11,treino,4800
1968,2008-03-21,treino,4801
7346,2023-07-07,treino,4802
3117,2011-10-14,treino,4803
2393,2009-05-29,treino,4804
523,2003-03-28,treino,4805
6376,2020-11-06,treino,4806
6788,2021-12-24,treino,4807
6981,2022-07-06,treino,4808
5524,2018-07-06,treino,4809
6677,2021-09-04,treino,4810
3900,2014-01-02,treino,4811
7889,2025-01-08,treino,4812
4699,2016-03-24,treino,4813
5585,2018-09-05,treino,4814
7468,2023-11-06,treino,4815
3122,2011-10-19,treino,4816
6777,2021-12-13,treino,4817
4156,2014-09-20,treino,4818
1969,2008-03-22,treino,4819
671,2003-10-04,treino,4820
4188,2014-10-24,treino,4821
666,2003-09-29,treino,4822
7324,2023-06-15,treino,4823
1887,2007-12-26,treino,4824
3266,2012-03-22,treino,4825
280,2002-02-03,treino,4826
1719,2007-07-05,treino,4827
2947,2011-04-27,treino,4828
4455,2015-07-23,treino,4829
899,2004-11-08,treino,4830
6031,2019-11-27,treino,4831
8189,2026-01-19,treino,4832
6090,2020-01-25,treino,4833
7410,2023-09-09,treino,4834
6991,2022-07-17,treino,4835
760,2004-01-12,treino,4836
6254,2020-07-07,treino,4837
1906,2008-01-14,treino,4838
4042,2014-05-27,treino,4839
3823,2013-10-13,treino,4840
4138,2014-09-02,treino,4841
3818,2013-10-08,treino,4842
6269,2020-07-22,treino,4843
4300,2015-02-15,treino,4844
5569,2018-08-20,treino,4845
6196,2020-05-10,treino,4846
2593,2010-04-28,treino,4847
4164,2014-09-28,treino,4848
3031,2011-07-20,treino,4849
5971,2019-09-28,treino,4850
3579,2013-02-02,treino,4851
2832,2010-12-28,treino,4852
5449,2018-04-22,treino,4853
3472,2012-10-18,treino,4854
6327,2020-09-18,treino,4855
137,2001-08-11,treino,4856
7043,2022-09-07,treino,4857
4892,2016-10-03,treino,4858
2180,2008-10-23,treino,4859
2128,2008-09-01,treino,4860
3177,2011-12-15,treino,4861
4854,2016-08-26,treino,4862
4637,2016-01-22,treino,4863
5115,2017-05-21,treino,4864
7373,2023-08-03,treino,4865
7127,2022-11-30,treino,4866
4261,2015-01-06,treino,4867
4344,2015-03-31,treino,4868
1331,2006-05-02,treino,4869
2017,2008-05-10,treino,4870
4542,2015-10-18,treino,4871
2482,2009-09-30,treino,4872
7002,2022-07-28,treino,4873
1358,2006-06-14,treino,4874
6941,2022-05-27,treino,4875
6241,2020-06-24,treino,4876
1329,2006-04-30,treino,4877
8317,2026-08-17,treino,4878
6881,2022-03-28,treino,4879
8263,2026-06-13,treino,4880
2150,2008-09-23,treino,4881
4530,2015-10-06,treino,4882
2122,2008-08-26,treino,4883
4673,2016-02-27,treino,4884
3981,2014-03-25,treino,4885
6996,2022-07-22,treino,4886
1252,2006-02-01,treino,4887
3278,2012-04-03,treino,4888
7062,2022-09-26,treino,4889
3374,2012-07-11,treino,4890
2814,2010-12-10,treino,4891
4719,2016-04-13,treino,4892
6544,2021-04-23,treino,4893
1848,2007-11-13,treino,4894
4858,2016-08-30,treino,4895
3037,2011-07-26,treino,4896
388,2002-06-11,treino,4897
235,2001-12-04,treino,4898
1077,2005-05-11,treino,4899
1984,2008-04-06,treino,4900
4363,2015-04-19,treino,4901
3962,2014-03-06,treino,4902
770,2004-01-24,treino,4903
2165,2008-10-08,treino,4904
4533,2015-10-09,treino,4905
673,2003-10-09,treino,4906
249,2001-12-24,treino,4907
6297,2020-08-19,treino,4908
1574,2007-02-03,treino,4909
7239,2023-03-22,treino,4910
6238,2020-06-21,treino,4911
3419,2012-08-25,treino,4912
2081,2008-07-16,treino,4913
1823,2007-10-19,treino,4914
7830,2024-11-10,treino,4915
8086,2025-07-24,treino,4916
4544,2015-10-20,treino,4917
5565,2018-08-16,treino,4918
716,2003-11-21,treino,4919
7550,2024-02-03,treino,4920
7901,2025-01-20,treino,4921
2048,2008-06-13,treino,4922
5997,2019-10-24,treino,4923
6600,2021-06-18,treino,4924
7245,2023-03-28,treino,4925
7252,2023-04-04,treino,4926
5264,2017-10-18,treino,4927
4178,2014-10-13,treino,4928
4809,2016-07-12,treino,4929
2724,2010-09-11,treino,4930
7649,2024-05-13,treino,4931
7140,2022-12-13,treino,4932
7190,2023-02-01,treino,4933
1460,2006-09-25,treino,4934
6914,2022-04-30,treino,4935
5989,2019-10-16,treino,4936
1668,2007-05-11,treino,4937
2756,2010-10-13,treino,4938
2000,2008-04-22,treino,4939
4571,2015-11-16,treino,4940
4613,2015-12-29,treino,4941
7866,2024-12-16,treino,4942
404,2002-07-01,treino,4943
384,2002-06-06,treino,4944
7600,2024-03-25,treino,4945
7655,2024-05-19,treino,4946
2152,2008-09-25,treino,4947
1633,2007-04-06,treino,4948
7756,2024-08-28,treino,4949
5580,2018-08-31,treino,4950
4784,2016-06-17,treino,4951
7615,2024-04-09,treino,4952
6970,2022-06-25,treino,4953
3925,2014-01-27,treino,4954
5336,2017-12-29,treino,4955
4158,2014-09-22,treino,4956
7449,2023-10-18,treino,4957
4948,2016-11-28,treino,4958
5898,2019-07-16,treino,4959
7673,2024-06-06,treino,4960
5358,2018-01-20,treino,4961
223,2001-11-12,treino,4962
2193,2008-11-05,treino,4963
3136,2011-11-03,treino,4964
4469,2015-08-06,treino,4965
1824,2007-10-20,treino,4966
7775,2024-09-16,treino,4967
7286,2023-05-08,treino,4968
5124,2017-05-30,treino,4969
4972,2016-12-28,treino,4970
7418,2023-09-17,treino,4971
7409,2023-09-08,treino,4972
797,2004-02-27,treino,4973
2871,2011-02-05,treino,4974
9,2001-01-27,treino,4975
6593,2021-06-11,treino,4976
1944,2008-02-22,treino,4977
1838,2007-11-03,treino,4978
4804,2016-07-07,treino,4979
255,2001-12-30,treino,4980
7026,2022-08-21,treino,4981
5713,2019-01-11,treino,4982
4485,2015-08-22,treino,4983
7624,2024-04-18,treino,4984
1581,2007-02-12,treino,4985
2956,2011-05-06,treino,4986
924,2004-12-04,treino,4987
8132,2025-09-11,treino,4988
7501,2023-12-10,treino,4989
2508,2009-10-28,treino,4990
6132,2020-03-07,treino,4991
5024,2017-02-19,treino,4992
5320,2017-12-13,treino,4993
7312,2023-06-03,treino,4994
7102,2022-11-05,treino,4995
6645,2021-08-03,treino,4996
6042,2019-12-08,treino,4997
3775,2013-08-24,treino,4998
4835,2016-08-07,treino,4999
4136,2014-08-30,treino,5000
4964,2016-12-19,treino,5001
2779,2010-11-05,treino,5002
539,2003-04-13,treino,5003
7345,2023-07-06,treino,5004
7483,2023-11-22,treino,5005
2745,2010-10-02,treino,5006
7607,2024-04-01,treino,5007
7732,2024-08-04,treino,5008
6819,2022-01-24,treino,5009
5467,2018-05-10,treino,5010
1145,2005-07-26,treino,5011
5127,2017-06-02,treino,5012
4468,2015-08-05,treino,5013
667,2003-09-30,treino,5014
3019,2011-07-08,treino,5015
357,2002-05-06,treino,5016
5063,2017-03-30,treino,5017
2831,2010-12-27,treino,5018
2783,2010-11-09,treino,5019
1353,2006-06-09,treino,5020
5131,2017-06-06,treino,5021
7114,2022-11-17,treino,5022
470,2002-10-27,treino,5023
2703,2010-08-21,treino,5024
3330,2012-05-26,treino,5025
3637,2013-04-03,treino,5026
1396,2006-07-22,treino,5027
3584,2013-02-07,treino,5028
7592,2024-03-17,treino,5029
5262,2017-10-16,treino,5030
5645,2018-11-04,treino,5031
3376,2012-07-13,treino,5032
1256,2006-02-05,treino,5033
6190,2020-05-04,treino,5034
3512,2012-11-27,treino,5035
5651,2018-11-10,treino,5036
5778,2019-03-18,treino,5037
1250,2006-01-30,treino,5038
5795,2019-04-04,treino,5039
5348,2018-01-10,treino,5040
8121,2025-08-28,treino,5041
4298,2015-02-13,treino,5042
3284,2012-04-09,treino,5043
2933,2011-04-12,treino,5044
4175,2014-10-09,treino,5045
5268,2017-10-22,treino,5046
4910,2016-10-21,treino,5047
1852,2007-11-21,treino,5048
6316,2020-09-07,treino,5049
6815,2022-01-20,treino,5050
7919,2025-02-07,treino,5051
8205,2026-02-18,treino,5052
2105,2008-08-09,treino,5053
133,2001-08-07,treino,5054
5236,2017-09-19,treino,5055
5029,2017-02-24,treino,5056
928,2004-12-08,treino,5057
823,2004-03-28,treino,5058
7691,2024-06-24,treino,5059
1531,2006-12-16,treino,5060
1214,2005-12-25,treino,5061
504,2003-01-27,treino,5062
4285,2015-01-31,treino,5063
6491,2021-03-01,treino,5064
1996,2008-04-18,treino,5065
6530,2021-04-09,treino,5066
3072,2011-08-30,treino,5067
1958,2008-03-11,treino,5068
1384,2006-07-10,treino,5069
894,2004-11-03,treino,5070
4924,2016-11-04,treino,5071
455,2002-10-09,treino,5072
6619,2021-07-07,treino,5073
5779,2019-03-19,treino,5074
7839,2024-11-19,treino,5075
3709,2013-06-17,treino,5076
7809,2024-10-20,treino,5077
4849,2016-08-21,treino,5078
4748,2016-05-12,treino,5079
4268,2015-01-13,treino,5080
3522,2012-12-07,treino,5081
7293,2023-05-15,treino,5082
4134,2014-08-28,treino,5083
3602,2013-02-25,treino,5084
8227,2026-04-08,treino,5085
713,2003-11-18,treino,5086
4186,2014-10-22,treino,5087
2214,2008-11-26,treino,5088
5301,2017-11-24,treino,5089
2923,2011-04-02,treino,5090
7670,2024-06-03,treino,5091
1810,2007-10-06,treino,5092
3486,2012-11-01,treino,5093
7419,2023-09-18,treino,5094
3141,2011-11-08,treino,5095
1827,2007-10-23,treino,5096
1155,2005-08-05,treino,5097
1324,2006-04-25,treino,5098
4312,2015-02-27,treino,5099
7494,2023-12-03,treino,5100
510,2003-02-13,treino,5101
1680,2007-05-25,treino,5102
499,2003-01-16,treino,5103
7677,2024-06-10,treino,5104
1856,2007-11-25,treino,5105
1388,2006-07-14,treino,5106
5615,2018-10-05,treino,5107
3719,2013-06-29,treino,5108
2386,2009-05-22,treino,5109
5541,2018-07-23,treino,5110
3236,2012-02-20,treino,5111
6172,2020-04-16,treino,5112
1540,2006-12-30,treino,5113
1217,2005-12-28,treino,5114
2681,2010-07-29,treino,5115
8231,2026-04-25,treino,5116
2993,2011-06-12,treino,5117
5512,2018-06-24,treino,5118
6313,2020-09-04,treino,5119
1191,2005-12-02,treino,5120
5772,2019-03-12,treino,5121
5293,2017-11-16,treino,5122
1542,2007-01-01,treino,5123
3301,2012-04-26,treino,5124
3324,2012-05-20,treino,5125
7056,2022-09-20,treino,5126
2539,2009-11-28,treino,5127
953,2005-01-03,treino,5128
7241,2023-03-24,treino,5129
7176,2023-01-18,treino,5130
6731,2021-10-28,treino,5131
4846,2016-08-18,treino,5132
6801,2022-01-06,treino,5133
4330,2015-03-17,treino,5134
732,2003-12-08,treino,5135
5334,2017-12-27,treino,5136
7330,2023-06-21,treino,5137
1156,2005-08-06,treino,5138
7838,2024-11-18,treino,5139
3294,2012-04-19,treino,5140
6541,2021-04-20,treino,5141
2982,2011-06-01,treino,5142
5305,2017-11-28,treino,5143
5161,2017-07-06,treino,5144
2156,2008-09-29,treino,5145
1062,2005-04-25,treino,5146
2616,2010-05-25,treino,5147
1167,2005-08-17,treino,5148
3222,2012-01-29,treino,5149
3636,2013-04-02,treino,5150
5588,2018-09-08,treino,5151
2938,2011-04-18,treino,5152
7091,2022-10-25,treino,5153
7192,2023-02-03,treino,5154
4491,2015-08-28,treino,5155
7266,2023-04-18,treino,5156
3140,2011-11-07,treino,5157
4980,2017-01-05,treino,5158
143,2001-08-17,treino,5159
8289,2026-07-19,treino,5160
3577,2013-01-31,treino,5161
4946,2016-11-26,treino,5162
7551,2024-02-04,treino,5163
2782,2010-11-08,treino,5164
717,2003-11-22,treino,5165
1819,2007-10-15,treino,5166
2502,2009-10-22,treino,5167
4360,2015-04-16,treino,5168
4171,2014-10-05,treino,5169
8074,2025-07-12,treino,5170
6588,2021-06-06,treino,5171
395,2002-06-18,treino,5172
5731,2019-01-30,treino,5173
6320,2020-09-11,treino,5174
7186,2023-01-28,treino,5175
8168,2025-12-28,treino,5176
4492,2015-08-29,treino,5177
1365,2006-06-21,treino,5178
7713,2024-07-16,treino,5179
5999,2019-10-26,treino,5180
595,2003-06-27,treino,5181
6205,2020-05-19,treino,5182
3952,2014-02-24,treino,5183
5392,2018-02-23,treino,5184
5917,2019-08-05,treino,5185
4968,2016-12-23,treino,5186
2914,2011-03-21,treino,5187
6360,2020-10-21,treino,5188
2326,2009-03-23,treino,5189
5644,2018-11-03,treino,5190
3766,2013-08-15,treino,5191
3440,2012-09-16,treino,5192
3851,2013-11-11,treino,5193
4132,2014-08-26,treino,5194
7357,2023-07-18,treino,5195
6806,2022-01-11,treino,5196
7762,2024-09-03,treino,5197
2143,2008-09-16,treino,5198
7943,2025-03-03,treino,5199
5073,2017-04-09,treino,5200
1571,2007-01-30,treino,5201
4079,2014-07-03,treino,5202
1122,2005-07-02,treino,5203
2786,2010-11-12,treino,5204
6335,2020-09-26,treino,5205
2967,2011-05-17,treino,5206
2504,2009-10-24,treino,5207
5988,2019-10-15,treino,5208
3465,2012-10-11,treino,5209
675,2003-10-11,treino,5210
2808,2010-12-04,treino,5211
7164,2023-01-06,treino,5212
3348,2012-06-15,treino,5213
728,2003-12-03,treino,5214
7587,2024-03-12,treino,5215
7543,2024-01-26,treino,5216
412,2002-07-18,treino,5217
3146,2011-11-13,treino,5218
1516,2006-11-27,treino,5219
5745,2019-02-13,treino,5220
7668,2024-06-01,treino,5221
825,2004-03-30,treino,5222
3267,2012-03-23,treino,5223
3974,2014-03-18,treino,5224
616,2003-07-23,treino,5225
114,2001-07-18,treino,5226
417,2002-08-26,treino,5227
3069,2011-08-27,treino,5228
1625,2007-03-29,treino,5229
7113,2022-11-16,treino,5230
6748,2021-11-14,treino,5231
8287,2026-07-17,treino,5232
4185,2014-10-21,treino,5233
2896,2011-03-02,treino,5234
7904,2025-01-23,treino,5235
2082,2008-07-17,treino,5236
753,2004-01-04,treino,5237
2546,2009-12-05,treino,5238
7420,2023-09-19,treino,5239
3969,2014-03-13,treino,5240
3373,2012-07-10,treino,5241
5726,2019-01-25,treino,5242
4107,2014-07-31,treino,5243
2444,2009-08-23,treino,5244
4380,2015-05-06,treino,5245
7723,2024-07-26,treino,5246
1066,2005-04-30,treino,5247
3913,2014-01-15,treino,5248
5287,2017-11-10,treino,5249
5536,2018-07-18,treino,5250
7744,2024-08-16,treino,5251
5387,2018-02-18,treino,5252
5732,2019-01-31,treino,5253
3498,2012-11-13,treino,5254
2738,2010-09-25,treino,5255
5052,2017-03-19,treino,5256
4000,2014-04-14,treino,5257
1568,2007-01-27,treino,5258
2427,2009-07-17,treino,5259
3746,2013-07-26,treino,5260
6833,2022-02-07,treino,5261
7842,2024-11-22,treino,5262
1687,2007-06-02,treino,5263
851,2004-05-06,treino,5264
3546,2012-12-31,treino,5265
6303,2020-08-25,treino,5266
895,2004-11-04,treino,5267
4592,2015-12-07,treino,5268
6401,2020-12-01,treino,5269
5878,2019-06-26,treino,5270
335,2002-04-10,treino,5271
2839,2011-01-04,treino,5272
3087,2011-09-14,treino,5273
4611,2015-12-27,treino,5274
1348,2006-06-03,treino,5275
1015,2005-03-08,treino,5276
2816,2010-12-12,treino,5277
1631,2007-04-04,treino,5278
2489,2009-10-08,treino,5279
3730,2013-07-10,treino,5280
6905,2022-04-21,treino,5281
7390,2023-08-20,treino,5282
3251,2012-03-06,treino,5283
7836,2024-11-16,treino,5284
7267,2023-04-19,treino,5285
5877,2019-06-25,treino,5286
6665,2021-08-23,treino,5287
5881,2019-06-29,treino,5288
2070,2008-07-05,treino,5289
4452,2015-07-20,treino,5290
8217,2026-03-25,treino,5291
7421,2023-09-20,treino,5292
5408,2018-03-11,treino,5293
1635,2007-04-08,treino,5294
4646,2016-01-31,treino,5295
6484,2021-02-22,treino,5296
2479,2009-09-27,treino,5297
6617,2021-07-05,treino,5298
2265,2009-01-16,treino,5299
2959,2011-05-09,treino,5300
5323,2017-12-16,treino,5301
7997,2025-04-26,treino,5302
3059,2011-08-17,treino,5303
5053,2017-03-20,treino,5304
5869,2019-06-17,treino,5305
2141,2008-09-14,treino,5306
5104,2017-05-10,treino,5307
3118,2011-10-15,treino,5308
5188,2017-08-02,treino,5309
7986,2025-04-15,treino,5310
4045,2014-05-30,treino,5311
3356,2012-06-23,treino,5312
2744,2010-10-01,treino,5313
7253,2023-04-05,treino,5314
5092,2017-04-28,treino,5315
3506,2012-11-21,treino,5316
1679,2007-05-24,treino,5317
4249,2014-12-24,treino,5318
3147,2011-11-14,treino,5319
2294,2009-02-19,treino,5320
7004,2022-07-30,treino,5321
6933,2022-05-19,treino,5322
580,2003-06-11,treino,5323
1470,2006-10-06,treino,5324
4799,2016-07-02,treino,5325
4070,2014-06-24,treino,5326
5308,2017-12-01,treino,5327
3343,2012-06-10,treino,5328
4992,2017-01-18,treino,5329
7404,2023-09-03,treino,5330
4583,2015-11-28,treino,5331
3672,2013-05-09,treino,5332
559,2003-05-07,treino,5333
5237,2017-09-20,treino,5334
7805,2024-10-16,treino,5335
5215,2017-08-29,treino,5336
2849,2011-01-14,treino,5337
512,2003-03-11,treino,5338
4729,2016-04-23,treino,5339
1081,2005-05-15,treino,5340
1664,2007-05-07,treino,5341
1012,2005-03-05,treino,5342
1931,2008-02-08,treino,5343
7936,2025-02-24,treino,5344
1150,2005-07-31,treino,5345
2838,2011-01-03,treino,5346
5949,2019-09-06,treino,5347
116,2001-07-20,treino,5348
7641,2024-05-05,treino,5349
740,2003-12-19,treino,5350
8117,2025-08-24,treino,5351
6070,2020-01-05,treino,5352
5177,2017-07-22,treino,5353
3675,2013-05-12,treino,5354
5906,2019-07-25,treino,5355
830,2004-04-09,treino,5356
119,2001-07-23,treino,5357
4752,2016-05-16,treino,5358
8072,2025-07-10,treino,5359
8014,2025-05-13,treino,5360
5225,2017-09-08,treino,5361
635,2003-08-17,treino,5362
4465,2015-08-02,treino,5363
4364,2015-04-20,treino,5364
6799,2022-01-04,treino,5365
7079,2022-10-13,treino,5366
6966,2022-06-21,treino,5367
7010,2022-08-05,treino,5368
4142,2014-09-06,treino,5369
7517,2023-12-28,treino,5370
7027,2022-08-22,treino,5371
991,2005-02-12,treino,5372
876,2004-06-17,treino,5373
4869,2016-09-10,treino,5374
5315,2017-12-08,treino,5375
5222,2017-09-05,treino,5376
4,2001-01-22,treino,5377
7787,2024-09-28,treino,5378
3051,2011-08-09,treino,5379
5691,2018-12-20,treino,5380
3124,2011-10-21,treino,5381
6407,2020-12-07,treino,5382
7136,2022-12-09,treino,5383
2660,2010-07-08,treino,5384
2491,2009-10-10,treino,5385
7146,2022-12-19,treino,5386
5173,2017-07-18,treino,5387
3854,2013-11-14,treino,5388
4933,2016-11-13,treino,5389
4777,2016-06-10,treino,5390
1715,2007-07-01,treino,5391
6448,2021-01-17,treino,5392
7509,2023-12-19,treino,5393
6713,2021-10-10,treino,5394
6457,2021-01-26,treino,5395
6293,2020-08-15,treino,5396
1148,2005-07-29,treino,5397
3261,2012-03-16,treino,5398
574,2003-06-02,treino,5399
3769,2013-08-18,treino,5400
3736,2013-07-16,treino,5401
4146,2014-09-10,treino,5402
853,2004-05-08,treino,5403
1982,2008-04-04,treino,5404
2774,2010-10-31,treino,5405
5919,2019-08-07,treino,5406
4929,2016-11-09,treino,5407
7521,2024-01-04,treino,5408
5211,2017-08-25,treino,5409
1166,2005-08-16,treino,5410
6614,2021-07-02,treino,5411
6002,2019-10-29,treino,5412
971,2005-01-22,treino,5413
2701,2010-08-19,treino,5414
4495,2015-09-01,treino,5415
6655,2021-08-13,treino,5416
3847,2013-11-07,treino,5417
2368,2009-05-04,treino,5418
4115,2014-08-08,treino,5419
4780,2016-06-13,treino,5420
4131,2014-08-25,treino,5421
2950,2011-04-30,treino,5422
5625,2018-10-15,treino,5423
6971,2022-06-26,treino,5424
524,2003-03-29,treino,5425
2455,2009-09-03,treino,5426
5016,2017-02-11,treino,5427
1841,2007-11-06,treino,5428
5986,2019-10-13,treino,5429
537,2003-04-11,treino,5430
2806,2010-12-02,treino,5431
5801,2019-04-10,treino,5432
5596,2018-09-16,treino,5433
7206,2023-02-17,treino,5434
7343,2023-07-04,treino,5435
4341,2015-03-28,treino,5436
7560,2024-02-13,treino,5437
3175,2011-12-13,treino,5438
784,2004-02-08,treino,5439
4057,2014-06-11,treino,5440
1409,2006-08-04,treino,5441
2537,2009-11-26,treino,5442
154,2001-08-28,treino,5443
7806,2024-10-17,treino,5444
3009,2011-06-28,treino,5445
1686,2007-06-01,treino,5446
2901,2011-03-07,treino,5447
4014,2014-04-29,treino,5448
7455,2023-10-24,treino,5449
4721,2016-04-15,treino,5450
3863,2013-11-23,treino,5451
2733,2010-09-20,treino,5452
1895,2008-01-03,treino,5453
5442,2018-04-15,treino,5454
569,2003-05-21,treino,5455
6709,2021-10-06,treino,5456
5854,2019-06-02,treino,5457
1816,2007-10-12,treino,5458
2065,2008-06-30,treino,5459
127,2001-08-01,treino,5460
3394,2012-07-31,treino,5461
3327,2012-05-23,treino,5462
8312,2026-08-12,treino,5463
6102,2020-02-06,treino,5464
2975,2011-05-25,treino,5465
980,2005-01-31,treino,5466
2300,2009-02-25,treino,5467
190,2001-10-03,treino,5468
1139,2005-07-19,treino,5469
5088,2017-04-24,treino,5470
699,2003-11-04,treino,5471
8073,2025-07-11,treino,5472
606,2003-07-12,treino,5473
4276,2015-01-21,treino,5474
301,2002-03-02,treino,5475
6640,2021-07-28,treino,5476
3420,2012-08-26,treino,5477
8140,2025-09-21,treino,5478
1060,2005-04-23,treino,5479
8198,2026-02-11,treino,5480
6242,2020-06-25,treino,5481
2565,2010-03-31,treino,5482
3444,2012-09-20,treino,5483
1069,2005-05-03,treino,5484
2524,2009-11-13,treino,5485
2205,2008-11-17,treino,5486
1243,2006-01-23,treino,5487
7339,2023-06-30,treino,5488
16,2001-02-03,treino,5489
7679,2024-06-12,treino,5490
3120,2011-10-17,treino,5491
8315,2026-08-15,treino,5492
4642,2016-01-27,treino,5493
7683,2024-06-16,treino,5494
4754,2016-05-18,treino,5495
815,2004-03-20,treino,5496
3067,2011-08-25,treino,5497
8080,2025-07-18,treino,5498
5600,2018-09-20,treino,5499
959,2005-01-09,treino,5500
7022,2022-08-17,treino,5501
6427,2020-12-27,treino,5502
7776,2024-09-17,treino,5503
4893,2016-10-04,treino,5504
7444,2023-10-13,treino,5505
225,2001-11-17,treino,5506
6170,2020-04-14,treino,5507
3354,2012-06-21,treino,5508
5895,2019-07-13,treino,5509
2485,2009-10-03,treino,5510
562,2003-05-12,treino,5511
3436,2012-09-12,treino,5512
6373,2020-11-03,treino,5513
6181,2020-04-25,treino,5514
1693,2007-06-09,treino,5515
6893,2022-04-09,treino,5516
1045,2005-04-08,treino,5517
3446,2012-09-22,treino,5518
4565,2015-11-10,treino,5519
954,2005-01-04,treino,5520
8311,2026-08-11,treino,5521
2735,2010-09-22,treino,5522
8243,2026-05-10,treino,5523
4735,2016-04-29,treino,5524
8143,2025-09-24,treino,5525
1218,2005-12-29,treino,5526
5254,2017-10-08,treino,5527
5511,2018-06-23,treino,5528
8046,2025-06-14,treino,5529
1527,2006-12-12,treino,5530
3987,2014-03-31,treino,5531
4911,2016-10-22,treino,5532
1300,2006-03-25,treino,5533
4493,2015-08-30,treino,5534
6944,2022-05-30,treino,5535
5699,2018-12-28,treino,5536
160,2001-09-03,treino,5537
4067,2014-06-21,treino,5538
5800,2019-04-09,treino,5539
956,2005-01-06,treino,5540
3791,2013-09-09,treino,5541
3234,2012-02-18,treino,5542
2869,2011-02-03,treino,5543
3777,2013-08-26,treino,5544
4433,2015-06-30,treino,5545
4973,2016-12-29,treino,5546
6015,2019-11-11,treino,5547
2961,2011-05-11,treino,5548
5980,2019-10-07,treino,5549
2200,2008-11-12,treino,5550
98,2001-05-04,treino,5551
8202,2026-02-15,treino,5552
2557,2009-12-23,treino,5553
3183,2011-12-21,treino,5554
7394,2023-08-24,treino,5555
253,2001-12-28,treino,5556
3923,2014-01-25,treino,5557
4199,2014-11-04,treino,5558
1445,2006-09-10,treino,5559
5539,2018-07-21,treino,5560
1648,2007-04-21,treino,5561
4682,2016-03-07,treino,5562
4723,2016-04-17,treino,5563
3991,2014-04-04,treino,5564
1696,2007-06-12,treino,5565
3191,2011-12-29,treino,5566
6197,2020-05-11,treino,5567
6295,2020-08-17,treino,5568
4499,2015-09-05,treino,5569
1154,2005-08-04,treino,5570
2255,2009-01-06,treino,5571
6959,2022-06-14,treino,5572
1682,2007-05-27,treino,5573
3170,2011-12-07,treino,5574
7400,2023-08-30,treino,5575
2056,2008-06-21,treino,5576
7158,2022-12-31,treino,5577
4090,2014-07-14,treino,5578
5279,2017-11-02,treino,5579
3108,2011-10-05,treino,5580
4548,2015-10-24,treino,5581
3723,2013-07-03,treino,5582
6397,2020-11-27,treino,5583
5423,2018-03-26,treino,5584
7040,2022-09-04,treino,5585
2049,2008-06-14,treino,5586
4976,2017-01-01,treino,5587
3643,2013-04-09,treino,5588
8271,2026-06-23,treino,5589
623,2003-07-30,treino,5590
6489,2021-02-27,treino,5591
8131,2025-09-10,treino,5592
5883,2019-07-01,treino,5593
262,2002-01-07,treino,5594
5730,2019-01-29,treino,5595
3369,2012-07-06,treino,5596
4061,2014-06-15,treino,5597
5534,2018-07-16,treino,5598
6294,2020-08-16,treino,5599
6065,2019-12-31,treino,5600
6616,2021-07-04,treino,5601
1802,2007-09-28,treino,5602
4736,2016-04-30,treino,5603
2919,2011-03-26,treino,5604
2385,2009-05-21,treino,5605
6694,2021-09-21,treino,5606
5759,2019-02-27,treino,5607
1959,2008-03-12,treino,5608
2976,2011-05-26,treino,5609
488,2002-11-23,treino,5610
1843,2007-11-08,treino,5611
1734,2007-07-20,treino,5612
2911,2011-03-18,treino,5613
3219,2012-01-26,treino,5614
146,2001-08-20,treino,5615
5630,2018-10-20,treino,5616
1986,2008-04-08,treino,5617
1369,2006-06-25,treino,5618
6546,2021-04-25,treino,5619
6051,2019-12-17,treino,5620
7098,2022-11-01,treino,5621
2811,2010-12-07,treino,5622
659,2003-09-22,treino,5623
1794,2007-09-20,treino,5624
7516,2023-12-27,treino,5625
2511,2009-10-31,treino,5626
3397,2012-08-03,treino,5627
4282,2015-01-28,treino,5628
1147,2005-07-28,treino,5629
3272,2012-03-28,treino,5630
608,2003-07-14,treino,5631
6287,2020-08-09,treino,5632
6895,2022-04-11,treino,5633
3582,2013-02-05,treino,5634
1930,2008-02-07,treino,5635
7125,2022-11-28,treino,5636
197,2001-10-10,treino,5637
7777,2024-09-18,treino,5638
2931,2011-04-10,treino,5639
8004,2025-05-03,treino,5640
2327,2009-03-24,treino,5641
4389,2015-05-15,treino,5642
766,2004-01-20,treino,5643
4496,2015-09-02,treino,5644
4218,2014-11-23,treino,5645
3255,2012-03-10,treino,5646
202,2001-10-17,treino,5647
3510,2012-11-25,treino,5648
4931,2016-11-11,treino,5649
6390,2020-11-20,treino,5650
5535,2018-07-17,treino,5651
1733,2007-07-19,treino,5652
5791,2019-03-31,treino,5653
2777,2010-11-03,treino,5654
1707,2007-06-23,treino,5655
5172,2017-07-17,treino,5656
5249,2017-10-02,treino,5657
5757,2019-02-25,treino,5658
3474,2012-10-20,treino,5659
6528,2021-04-07,treino,5660
8201,2026-02-14,treino,5661
5855,2019-06-03,treino,5662
854,2004-05-10,treino,5663
5685,2018-12-14,treino,5664
6363,2020-10-24,treino,5665
4737,2016-05-01,treino,5666
4097,2014-07-21,treino,5667
2160,2008-10-03,treino,5668
698,2003-11-03,treino,5669
8285,2026-07-15,treino,5670
2999,2011-06-18,treino,5671
3696,2013-06-04,treino,5672
1636,2007-04-09,treino,5673
7280,2023-05-02,treino,5674
7554,2024-02-07,treino,5675
3457,2012-10-03,treino,5676
7974,2025-04-03,treino,5677
3581,2013-02-04,treino,5678
1291,2006-03-16,treino,5679
4659,2016-02-13,treino,5680
6585,2021-06-03,treino,5681
5616,2018-10-06,treino,5682
1853,2007-11-22,treino,5683
5232,2017-09-15,treino,5684
3763,2013-08-12,treino,5685
3304,2012-04-29,treino,5686
1495,2006-11-02,treino,5687
5727,2019-01-26,treino,5688
3743,2013-07-23,treino,5689
3445,2012-09-21,treino,5690
7994,2025-04-23,treino,5691
1998,2008-04-20,treino,5692
663,2003-09-26,treino,5693
3748,2013-07-28,treino,5694
4413,2015-06-09,treino,5695
5530,2018-07-12,treino,5696
5575,2018-08-26,treino,5697
7526,2024-01-09,treino,5698
5864,2019-06-12,treino,5699
6776,2021-12-12,treino,5700
1306,2006-04-05,treino,5701
7392,2023-08-22,treino,5702
5592,2018-09-12,treino,5703
1663,2007-05-06,treino,5704
5450,2018-04-23,treino,5705
3627,2013-03-22,treino,5706
2693,2010-08-11,treino,5707
5915,2019-08-03,treino,5708
3157,2011-11-24,treino,5709
6668,2021-08-26,treino,5710
1059,2005-04-22,treino,5711
4636,2016-01-21,treino,5712
3242,2012-02-26,treino,5713
1678,2007-05-23,treino,5714
6892,2022-04-08,treino,5715
6374,2020-11-04,treino,5716
7574,2024-02-28,treino,5717
1757,2007-08-13,treino,5718
6019,2019-11-15,treino,5719
5116,2017-05-22,treino,5720
7408,2023-09-07,treino,5721
2790,2010-11-16,treino,5722
863,2004-05-23,treino,5723
7858,2024-12-08,treino,5724
1484,2006-10-21,treino,5725
7035,2022-08-30,treino,5726
7721,2024-07-24,treino,5727
5977,2019-10-04,treino,5728
5134,2017-06-09,treino,5729
206,2001-10-21,treino,5730
4488,2015-08-25,treino,5731
6938,2022-05-24,treino,5732
6910,2022-04-26,treino,5733
502,2003-01-25,treino,5734
7385,2023-08-15,treino,5735
1028,2005-03-22,treino,5736
3840,2013-10-31,treino,5737
8110,2025-08-17,treino,5738
5056,2017-03-23,treino,5739
8154,2025-10-05,treino,5740
2731,2010-09-18,treino,5741
2454,2009-09-02,treino,5742
7215,2023-02-26,treino,5743
3104,2011-10-01,treino,5744
6278,2020-07-31,treino,5745
3099,2011-09-26,treino,5746
6184,2020-04-28,treino,5747
3561,2013-01-15,treino,5748
5892,2019-07-10,treino,5749
391,2002-06-14,treino,5750
6736,2021-11-02,treino,5751
5618,2018-10-08,treino,5752
5258,2017-10-12,treino,5753
2695,2010-08-13,treino,5754
2027,2008-05-20,treino,5755
5463,2018-05-06,treino,5756
2568,2010-04-03,treino,5757
8006,2025-05-05,treino,5758
64,2001-03-27,treino,5759
2062,2008-06-27,treino,5760
5276,2017-10-30,treino,5761
7208,2023-02-19,treino,5762
6331,2020-09-22,treino,5763
4859,2016-08-31,treino,5764
4887,2016-09-28,treino,5765
878,2004-06-19,treino,5766
7916,2025-02-04,treino,5767
6863,2022-03-09,treino,5768
7892,2025-01-11,treino,5769
6439,2021-01-08,treino,5770
7869,2024-12-19,treino,5771
1016,2005-03-09,treino,5772
7629,2024-04-23,treino,5773
995,2005-02-16,treino,5774
4297,2015-02-12,treino,5775
161,2001-09-04,treino,5776
5675,2018-12-04,treino,5777
6873,2022-03-19,treino,5778
7989,2025-04-18,treino,5779
3843,2013-11-03,treino,5780
1021,2005-03-15,treino,5781
3073,2011-08-31,treino,5782
7555,2024-02-08,treino,5783
3943,2014-02-15,treino,5784
1585,2007-02-16,treino,5785
3152,2011-11-19,treino,5786
8226,2026-04-07,treino,5787
775,2004-01-29,treino,5788
7099,2022-11-02,treino,5789
5486,2018-05-29,treino,5790
6235,2020-06-18,treino,5791
7041,2022-09-05,treino,5792
2612,2010-05-17,treino,5793
7513,2023-12-24,treino,5794
5393,2018-02-24,treino,5795
3890,2013-12-23,treino,5796
3556,2013-01-10,treino,5797
1528,2006-12-13,treino,5798
1267,2006-02-17,treino,5799
7734,2024-08-06,treino,5800
1899,2008-01-07,treino,5801
4658,2016-02-12,treino,5802
3005,2011-06-24,treino,5803
2734,2010-09-21,treino,5804
189,2001-10-02,treino,5805
2747,2010-10-04,treino,5806
2047,2008-06-12,treino,5807
7849,2024-11-29,treino,5808
2558,2009-12-24,treino,5809
6396,2020-11-26,treino,5810
3385,2012-07-22,treino,5811
4555,2015-10-31,treino,5812
1184,2005-09-03,treino,5813
6420,2020-12-20,treino,5814
5051,2017-03-18,treino,5815
5311,2017-12-04,treino,5816
2433,2009-07-23,treino,5817
6949,2022-06-04,treino,5818
769,2004-01-23,treino,5819
1685,2007-05-30,treino,5820
5578,2018-08-29,treino,5821
4426,2015-06-22,treino,5822
466,2002-10-23,treino,5823
6265,2020-07-18,treino,5824
5734,2019-02-02,treino,5825
5191,2017-08-05,treino,5826
5390,2018-02-21,treino,5827
860,2004-05-20,treino,5828
7270,2023-04-22,treino,5829
252,2001-12-27,validacao,0
6152,2020-03-27,validacao,1
7933,2025-02-21,validacao,2
2598,2010-05-03,validacao,3
4550,2015-10-26,validacao,4
3616,2013-03-11,validacao,5
7837,2024-11-17,validacao,6
4051,2014-06-05,validacao,7
5041,2017-03-08,validacao,8
7850,2024-11-30,validacao,9
2894,2011-02-28,validacao,10
4823,2016-07-26,validacao,11
4520,2015-09-26,validacao,12
4879,2016-09-20,validacao,13
7396,2023-08-26,validacao,14
7470,2023-11-09,validacao,15
6952,2022-06-07,validacao,16
4032,2014-05-17,validacao,17
6802,2022-01-07,validacao,18
7057,2022-09-21,validacao,19
7023,2022-08-18,validacao,20
3933,2014-02-05,validacao,21
6705,2021-10-02,validacao,22
858,2004-05-16,validacao,23
3846,2013-11-06,validacao,24
6474,2021-02-12,validacao,25
4125,2014-08-19,validacao,26
185,2001-09-28,validacao,27
1941,2008-02-18,validacao,28
3151,2011-11-18,validacao,29
5711,2019-01-09,validacao,30
4231,2014-12-06,validacao,31
2628,2010-06-06,validacao,32
3979,2014-03-23,validacao,33
2083,2008-07-18,validacao,34
279,2002-02-02,validacao,35
1608,2007-03-11,validacao,36
2404,2009-06-09,validacao,37
107,2001-05-13,validacao,38
3573,2013-01-27,validacao,39
478,2002-11-04,validacao,40
7174,2023-01-16,validacao,41
2576,2010-04-11,validacao,42
6309,2020-08-31,validacao,43
5502,2018-06-14,validacao,44
5206,2017-08-20,validacao,45
4653,2016-02-07,validacao,46
710,2003-11-15,validacao,47
172,2001-09-15,validacao,48
3113,2011-10-10,validacao,49
5405,2018-03-08,validacao,50
3328,2012-05-24,validacao,51
3006,2011-06-25,validacao,52
1926,2008-02-03,validacao,53
1144,2005-07-25,validacao,54
4690,2016-03-15,validacao,55
199,2001-10-12,validacao,56
2111,2008-08-15,validacao,57
2471,2009-09-19,validacao,58
1298,2006-03-23,validacao,59
6674,2021-09-01,validacao,60
2407,2009-06-12,validacao,61
1406,2006-08-01,validacao,62
1606,2007-03-09,validacao,63
3399,2012-08-05,validacao,64
4554,2015-10-30,validacao,65
3269,2012-03-25,validacao,66
6558,2021-05-07,validacao,67
2884,2011-02-18,validacao,68
6435,2021-01-04,validacao,69
7868,2024-12-18,validacao,70
7112,2022-11-15,validacao,71
5242,2017-09-25,validacao,72
4174,2014-10-08,validacao,73
7985,2025-04-14,validacao,74
7478,2023-11-17,validacao,75
2943,2011-04-23,validacao,76
533,2003-04-07,validacao,77
5756,2019-02-24,validacao,78
3842,2013-11-02,validacao,79
8079,2025-07-17,validacao,80
3660,2013-04-27,validacao,81
3550,2013-01-04,validacao,82
6220,2020-06-03,validacao,83
3580,2013-02-03,validacao,84
4516,2015-09-22,validacao,85
4537,2015-10-13,validacao,86
4581,2015-11-26,validacao,87
4604,2015-12-20,validacao,88
3886,2013-12-19,validacao,89
1074,2005-05-08,validacao,90
626,2003-08-02,validacao,91
1402,2006-07-28,validacao,92
2057,2008-06-22,validacao,93
4310,2015-02-25,validacao,94
4446,2015-07-14,validacao,95
6005,2019-11-01,validacao,96
8150,2025-10-01,validacao,97
4169,2014-10-03,validacao,98
1965,2008-03-18,validacao,99
1097,2005-06-01,validacao,100
7058,2022-09-22,validacao,101
4988,2017-01-14,validacao,102
2225,2008-12-07,validacao,103
7347,2023-07-08,validacao,104
527,2003-04-01,validacao,105
426,2002-09-04,validacao,106
184,2001-09-27,validacao,107
7144,2022-12-17,validacao,108
2080,2008-07-15,validacao,109
2484,2009-10-02,validacao,110
5464,2018-05-07,validacao,111
2344,2009-04-10,validacao,112
7955,2025-03-15,validacao,113
1451,2006-09-16,validacao,114
3203,2012-01-10,validacao,115
2879,2011-02-13,validacao,116
4881,2016-09-22,validacao,117
6213,2020-05-27,validacao,118
6330,2020-09-21,validacao,119
7911,2025-01-30,validacao,120
121,2001-07-25,validacao,121
3909,2014-01-11,validacao,122
5391,2018-02-22,validacao,123
4903,2016-10-14,validacao,124
1010,2005-03-03,validacao,125
4629,2016-01-14,validacao,126
212,2001-10-28,validacao,127
5164,2017-07-09,validacao,128
3513,2012-11-28,validacao,129
2268,2009-01-20,validacao,130
3480,2012-10-26,validacao,131
5231,2017-09-14,validacao,132
1320,2006-04-21,validacao,133
4307,2015-02-22,validacao,134
257,2002-01-02,validacao,135
1623,2007-03-27,validacao,136
465,2002-10-22,validacao,137
2372,2009-05-08,validacao,138
1746,2007-08-02,validacao,139
2399,2009-06-04,validacao,140
0,2001-01-18,validacao,141
5652,2018-11-11,validacao,142
1192,2005-12-03,validacao,143
4602,2015-12-18,validacao,144
4377,2015-05-03,validacao,145
7366,2023-07-27,validacao,146
2495,2009-10-15,validacao,147
8260,2026-06-09,validacao,148
1489,2006-10-27,validacao,149
2903,2011-03-10,validacao,150
2937,2011-04-16,validacao,151
2862,2011-01-27,validacao,152
1436,2006-09-01,validacao,153
8135,2025-09-14,validacao,154
3946,2014-02-18,validacao,155
6591,2021-06-09,validacao,156
6902,2022-04-18,validacao,157
7711,2024-07-14,validacao,158
4498,2015-09-04,validacao,159
4141,2014-09-05,validacao,160
7294,2023-05-16,validacao,161
7228,2023-03-11,validacao,162
7935,2025-02-23,validacao,163
7967,2025-03-27,validacao,164
50,2001-03-13,validacao,165
3024,2011-07-13,validacao,166
1658,2007-05-01,validacao,167
3254,2012-03-09,validacao,168
487,2002-11-22,validacao,169
5617,2018-10-07,validacao,170
1174,2005-08-24,validacao,171
2826,2010-12-22,validacao,172
5852,2019-05-31,validacao,173
2882,2011-02-16,validacao,174
453,2002-10-07,validacao,175
4787,2016-06-20,validacao,176
2722,2010-09-09,validacao,177
6917,2022-05-03,validacao,178
4121,2014-08-15,validacao,179
756,2004-01-08,validacao,180
4333,2015-03-20,validacao,181
2210,2008-11-22,validacao,182
7046,2022-09-10,validacao,183
8031,2025-05-30,validacao,184
585,2003-06-17,validacao,185
6334,2020-09-25,validacao,186
7283,2023-05-05,validacao,187
5871,2019-06-19,validacao,188
8030,2025-05-29,validacao,189
4852,2016-08-24,validacao,190
2680,2010-07-28,validacao,191
1183,2005-09-02,validacao,192
6218,2020-06-01,validacao,193
7596,2024-03-21,validacao,194
3826,2013-10-17,validacao,195
1859,2007-11-28,validacao,196
2357,2009-04-23,validacao,197
7906,2025-01-25,validacao,198
8321,2026-08-22,validacao,199
3688,2013-05-26,validacao,200
8149,2025-09-30,validacao,201
3658,2013-04-25,validacao,202
8268,2026-06-20,validacao,203
6263,2020-07-16,validacao,204
1219,2005-12-30,validacao,205
3692,2013-05-31,validacao,206
7674,2024-06-07,validacao,207
8280,2026-07-06,validacao,208
3085,2011-09-12,validacao,209
318,2002-03-21,validacao,210
3524,2012-12-09,validacao,211
5670,2018-11-29,validacao,212
1181,2005-08-31,validacao,213
558,2003-05-05,validacao,214
5783,2019-03-23,validacao,215
1755,2007-08-11,validacao,216
2288,2009-02-10,validacao,217
233,2001-12-01,validacao,218
6451,2021-01-20,validacao,219
4149,2014-09-13,validacao,220
5118,2017-05-24,validacao,221
4518,2015-09-24,validacao,222
8244,2026-05-11,validacao,223
5244,2017-09-27,validacao,224
7496,2023-12-05,validacao,225
4371,2015-04-27,validacao,226
3003,2011-06-22,validacao,227
65,2001-03-28,validacao,228
503,2003-01-26,validacao,229
4630,2016-01-15,validacao,230
208,2001-10-23,validacao,231
5608,2018-09-28,validacao,232
8313,2026-08-13,validacao,233
4241,2014-12-16,validacao,234
7030,2022-08-25,validacao,235
2223,2008-12-05,validacao,236
84,2001-04-20,validacao,237
8257,2026-05-31,validacao,238
4771,2016-06-04,validacao,239
4538,2015-10-14,validacao,240
2716,2010-09-03,validacao,241
7372,2023-08-02,validacao,242
3555,2013-01-09,validacao,243
5771,2019-03-11,validacao,244
4762,2016-05-26,validacao,245
1952,2008-03-01,validacao,246
5587,2018-09-07,validacao,247
1163,2005-08-13,validacao,248
7814,2024-10-25,validacao,249
6793,2021-12-29,validacao,250
4691,2016-03-16,validacao,251
2611,2010-05-16,validacao,252
6476,2021-02-14,validacao,253
1728,2007-07-14,validacao,254
3905,2014-01-07,validacao,255
6307,2020-08-29,validacao,256
1886,2007-12-25,validacao,257
6535,2021-04-14,validacao,258
7290,2023-05-12,validacao,259
149,2001-08-23,validacao,260
6932,2022-05-18,validacao,261
3053,2011-08-11,validacao,262
222,2001-11-10,validacao,263
6598,2021-06-16,validacao,264
2149,2008-09-22,validacao,265
881,2004-06-23,validacao,266
683,2003-10-19,validacao,267
7093,2022-10-27,validacao,268
4742,2016-05-06,validacao,269
672,2003-10-08,validacao,270
6318,2020-09-09,validacao,271
7851,2024-12-01,validacao,272
2119,2008-08-23,validacao,273
4165,2014-09-29,validacao,274
6643,2021-08-01,validacao,275
8003,2025-05-02,validacao,276
7770,2024-09-11,validacao,277
3268,2012-03-24,validacao,278
592,2003-06-24,validacao,279
4614,2015-12-30,validacao,280
1176,2005-08-26,validacao,281
5339,2018-01-01,validacao,282
7029,2022-08-24,validacao,283
4411,2015-06-07,validacao,284
3518,2012-12-03,validacao,285
3105,2011-10-02,validacao,286
7274,2023-04-26,validacao,287
7497,2023-12-06,validacao,288
1005,2005-02-26,validacao,289
3064,2011-08-22,validacao,290
4745,2016-05-09,validacao,291
6965,2022-06-20,validacao,292
41,2001-03-04,validacao,293
3346,2012-06-13,validacao,294
177,2001-09-20,validacao,295
122,2001-07-26,validacao,296
353,2002-04-30,validacao,297
1009,2005-03-02,validacao,298
393,2002-06-16,validacao,299
5527,2018-07-09,validacao,300
5022,2017-02-17,validacao,301
7781,2024-09-22,validacao,302
8222,2026-04-03,validacao,303
5930,2019-08-18,validacao,304
1543,2007-01-02,validacao,305
7637,2024-05-01,validacao,306
5261,2017-10-15,validacao,307
6989,2022-07-14,validacao,308
1902,2008-01-10,validacao,309
611,2003-07-17,validacao,310
6173,2020-04-17,validacao,311
5488,2018-05-31,validacao,312
1079,2005-05-13,validacao,313
8016,2025-05-15,validacao,314
333,2002-04-08,validacao,315
4385,2015-05-11,validacao,316
2499,2009-10-19,validacao,317
8063,2025-07-01,validacao,318
4319,2015-03-06,validacao,319
6779,2021-12-15,validacao,320
856,2004-05-13,validacao,321
7662,2024-05-26,validacao,322
6045,2019-12-11,validacao,323
2069,2008-07-04,validacao,324
5522,2018-07-04,validacao,325
6958,2022-06-13,validacao,326
2478,2009-09-26,validacao,327
2513,2009-11-02,validacao,328
6104,2020-02-08,validacao,329
3593,2013-02-16,validacao,330
4011,2014-04-26,validacao,331
889,2004-07-01,validacao,332
7296,2023-05-18,validacao,333
3412,2012-08-18,validacao,334
743,2003-12-24,validacao,335
2815,2010-12-11,validacao,336
6527,2021-04-06,validacao,337
2692,2010-08-10,validacao,338
6856,2022-03-02,validacao,339
1915,2008-01-23,validacao,340
7450,2023-10-19,validacao,341
1669,2007-05-12,validacao,342
2029,2008-05-22,validacao,343
434,2002-09-13,validacao,344
6323,2020-09-14,validacao,345
51,2001-03-14,validacao,346
5220,2017-09-03,validacao,347
6750,2021-11-16,validacao,348
6803,2022-01-08,validacao,349
8057,2025-06-25,validacao,350
6852,2022-02-26,validacao,351
4698,2016-03-23,validacao,352
376,2002-05-29,validacao,353
553,2003-04-29,validacao,354
2142,2008-09-15,validacao,355
733,2003-12-09,validacao,356
1701,2007-06-17,validacao,357
401,2002-06-28,validacao,358
2510,2009-10-30,validacao,359
8076,2025-07-14,validacao,360
5671,2018-11-30,validacao,361
5672,2018-12-01,validacao,362
4506,2015-09-12,validacao,363
8105,2025-08-12,validacao,364
2252,2009-01-03,validacao,365
1860,2007-11-29,validacao,366
3973,2014-03-17,validacao,367
4235,2014-12-10,validacao,368
1918,2008-01-26,validacao,369
4508,2015-09-14,validacao,370
8256,2026-05-30,validacao,371
4204,2014-11-09,validacao,372
1747,2007-08-03,validacao,373
131,2001-08-05,validacao,374
1076,2005-05-10,validacao,375
7582,2024-03-07,validacao,376
3887,2013-12-20,validacao,377
2127,2008-08-31,validacao,378
7461,2023-10-30,validacao,379
8265,2026-06-15,validacao,380
1349,2006-06-04,validacao,381
7069,2022-10-03,validacao,382
2389,2009-05-25,validacao,383
5620,2018-10-10,validacao,384
5186,2017-07-31,validacao,385
3429,2012-09-05,validacao,386
4322,2015-03-09,validacao,387
4794,2016-06-27,validacao,388
7170,2023-01-12,validacao,389
4434,2015-07-01,validacao,390
5739,2019-02-07,validacao,391
1786,2007-09-12,validacao,392
3413,2012-08-19,validacao,393
7539,2024-01-22,validacao,394
2927,2011-04-06,validacao,395
1433,2006-08-29,validacao,396
1971,2008-03-24,validacao,397
7338,2023-06-29,validacao,398
45,2001-03-08,validacao,399
227,2001-11-25,validacao,400
5159,2017-07-04,validacao,401
5368,2018-01-30,validacao,402
5681,2018-12-10,validacao,403
2184,2008-10-27,validacao,404
798,2004-02-28,validacao,405
7861,2024-12-11,validacao,406
3026,2011-07-15,validacao,407
2406,2009-06-11,validacao,408
2272,2009-01-24,validacao,409
3347,2012-06-14,validacao,410
4625,2016-01-10,validacao,411
4727,2016-04-21,validacao,412
6732,2021-10-29,validacao,413
2226,2008-12-08,validacao,414
8123,2025-08-30,validacao,415
4891,2016-10-02,validacao,416
4649,2016-02-03,validacao,417
3857,2013-11-17,validacao,418
7039,2022-09-03,validacao,419
982,2005-02-02,validacao,420
7380,2023-08-10,validacao,421
4989,2017-01-15,validacao,422
1263,2006-02-13,validacao,423
1197,2005-12-08,validacao,424
7848,2024-11-28,validacao,425
4127,2014-08-21,validacao,426
4010,2014-04-25,validacao,427
5493,2018-06-05,validacao,428
6099,2020-02-03,validacao,429
3194,2012-01-01,validacao,430
4717,2016-04-11,validacao,431
5307,2017-11-30,validacao,432
4574,2015-11-19,validacao,433
8115,2025-08-22,validacao,434
429,2002-09-08,validacao,435
868,2004-06-08,validacao,436
7995,2025-04-24,validacao,437
5784,2019-03-24,validacao,438
647,2003-09-08,validacao,439
4334,2015-03-21,validacao,440
6688,2021-09-15,validacao,441
4504,2015-09-10,validacao,442
6669,2021-08-27,validacao,443
2771,2010-10-28,validacao,444
5962,2019-09-19,validacao,445
1928,2008-02-05,validacao,446
6861,2022-03-07,validacao,447
927,2004-12-07,validacao,448
6533,2021-04-12,validacao,449
7088,2022-10-22,validacao,450
3011,2011-06-30,validacao,451
3734,2013-07-14,validacao,452
4738,2016-05-02,validacao,453
156,2001-08-30,validacao,454
1665,2007-05-08,validacao,455
3375,2012-07-12,validacao,456
1616,2007-03-20,validacao,457
5846,2019-05-25,validacao,458
4039,2014-05-24,validacao,459
877,2004-06-18,validacao,460
2751,2010-10-08,validacao,461
4122,2014-08-16,validacao,462
5004,2017-01-30,validacao,463
3289,2012-04-14,validacao,464
2061,2008-06-26,validacao,465
7599,2024-03-24,validacao,466
6857,2022-03-03,validacao,467
705,2003-11-10,validacao,468
7292,2023-05-14,validacao,469
1033,2005-03-27,validacao,470
8325,2026-08-27,validacao,471
3050,2011-08-08,validacao,472
3467,2012-10-13,validacao,473
378,2002-05-31,validacao,474
1978,2008-03-31,validacao,475
346,2002-04-23,validacao,476
4270,2015-01-15,validacao,477
7063,2022-09-27,validacao,478
3892,2013-12-25,validacao,479
4955,2016-12-05,validacao,480
1632,2007-04-05,validacao,481
932,2004-12-12,validacao,482
2266,2009-01-17,validacao,483
1656,2007-04-29,validacao,484
2166,2008-10-09,validacao,485
7510,2023-12-20,validacao,486
334,2002-04-09,validacao,487
7487,2023-11-26,validacao,488
4899,2016-10-10,validacao,489
4379,2015-05-05,validacao,490
1966,2008-03-19,validacao,491
380,2002-06-02,validacao,492
8040,2025-06-08,validacao,493
3639,2013-04-05,validacao,494
2673,2010-07-21,validacao,495
8307,2026-08-07,validacao,496
6109,2020-02-13,validacao,497
1575,2007-02-05,validacao,498
4513,2015-09-19,validacao,499
1545,2007-01-04,validacao,500
4890,2016-10-01,validacao,501
1533,2006-12-19,validacao,502
6595,2021-06-13,validacao,503
476,2002-11-02,validacao,504
2276,2009-01-28,validacao,505
7078,2022-10-12,validacao,506
652,2003-09-14,validacao,507
1867,2007-12-06,validacao,508
4173,2014-10-07,validacao,509
7216,2023-02-27,validacao,510
3410,2012-08-16,validacao,511
248,2001-12-23,validacao,512
4168,2014-10-02,validacao,513
2273,2009-01-25,validacao,514
6138,2020-03-13,validacao,515
1057,2005-04-20,validacao,516
111,2001-05-22,validacao,517
6906,2022-04-22,validacao,518
3799,2013-09-18,validacao,519
3400,2012-08-06,validacao,520
7804,2024-10-15,validacao,521
3656,2013-04-22,validacao,522
7698,2024-07-01,validacao,523
3001,2011-06-20,validacao,524
3872,2013-12-03,validacao,525
7358,2023-07-19,validacao,526
418,2002-08-27,validacao,527
7163,2023-01-05,validacao,528
7843,2024-11-23,validacao,529
1718,2007-07-04,validacao,530
7209,2023-02-20,validacao,531
1477,2006-10-13,validacao,532
4314,2015-03-01,validacao,533
6566,2021-05-15,validacao,534
7671,2024-06-04,validacao,535
7879,2024-12-29,validacao,536
7243,2023-03-26,validacao,537
4271,2015-01-16,validacao,538
6889,2022-04-05,validacao,539
4022,2014-05-07,validacao,540
5847,2019-05-26,validacao,541
852,2004-05-07,validacao,542
3090,2011-09-17,validacao,543
3370,2012-07-07,validacao,544
6628,2021-07-16,validacao,545
3128,2011-10-25,validacao,546
2755,2010-10-12,validacao,547
4287,2015-02-02,validacao,548
3785,2013-09-03,validacao,549
6339,2020-09-30,validacao,550
7961,2025-03-21,validacao,551
1600,2007-03-03,validacao,552
794,2004-02-21,validacao,553
1539,2006-12-29,validacao,554
7973,2025-04-02,validacao,555
1261,2006-02-10,validacao,556
4525,2015-10-01,validacao,557
532,2003-04-06,validacao,558
6400,2020-11-30,validacao,559
1115,2005-06-19,validacao,560
6987,2022-07-12,validacao,561
7126,2022-11-29,validacao,562
3023,2011-07-12,validacao,563
7007,2022-08-02,validacao,564
8048,2025-06-16,validacao,565
5456,2018-04-29,validacao,566
5908,2019-07-27,validacao,567
1259,2006-02-08,validacao,568
2697,2010-08-15,validacao,569
3903,2014-01-05,validacao,570
415,2002-08-24,validacao,571
2582,2010-04-17,validacao,572
4925,2016-11-05,validacao,573
7438,2023-10-07,validacao,574
2441,2009-08-20,validacao,575
1321,2006-04-22,validacao,576
2436,2009-07-26,validacao,577
6990,2022-07-16,validacao,578
1374,2006-06-30,validacao,579
7316,2023-06-07,validacao,580
7968,2025-03-28,validacao,581
7909,2025-01-28,validacao,582
3290,2012-04-15,validacao,583
4975,2016-12-31,validacao,584
6622,2021-07-10,validacao,585
7699,2024-07-02,validacao,586
907,2004-11-16,validacao,587
3422,2012-08-28,validacao,588
5331,2017-12-24,validacao,589
2110,2008-08-14,validacao,590
1536,2006-12-22,validacao,591
5557,2018-08-08,validacao,592
5259,2017-10-13,validacao,593
3995,2014-04-09,validacao,594
1360,2006-06-16,validacao,595
7014,2022-08-09,validacao,596
3755,2013-08-04,validacao,597
6969,2022-06-24,validacao,598
6447,2021-01-16,validacao,599
179,2001-09-22,validacao,600
1002,2005-02-23,validacao,601
5956,2019-09-13,validacao,602
303,2002-03-04,validacao,603
665,2003-09-28,validacao,604
2059,2008-06-24,validacao,605
347,2002-04-24,validacao,606
1835,2007-10-31,validacao,607
6275,2020-07-28,validacao,608
7182,2023-01-24,validacao,609
7503,2023-12-12,validacao,610
3801,2013-09-20,validacao,611
7331,2023-06-22,validacao,612
2641,2010-06-19,validacao,613
6883,2022-03-30,validacao,614
2304,2009-03-01,validacao,615
4546,2015-10-22,validacao,616
2750,2010-10-07,validacao,617
3921,2014-01-23,validacao,618
1317,2006-04-18,validacao,619
7658,2024-05-22,validacao,620
3968,2014-03-12,validacao,621
217,2001-11-02,validacao,622
7719,2024-07-22,validacao,623
509,2003-02-07,validacao,624
8328,2026-08-30,validacao,625
2465,2009-09-13,validacao,626
7437,2023-10-06,validacao,627
8264,2026-06-14,validacao,628
6791,2021-12-27,validacao,629
1018,2005-03-11,validacao,630
1180,2005-08-30,validacao,631
5810,2019-04-19,validacao,632
2173,2008-10-16,validacao,633
8298,2026-07-29,validacao,634
2913,2011-03-20,validacao,635
5761,2019-03-01,validacao,636
6800,2022-01-05,validacao,637
3753,2013-08-02,validacao,638
4825,2016-07-28,validacao,639
397,2002-06-22,validacao,640
5365,2018-01-27,validacao,641
1039,2005-04-02,validacao,642
3103,2011-09-30,validacao,643
6824,2022-01-29,validacao,644
6393,2020-11-23,validacao,645
642,2003-08-29,validacao,646
4092,2014-07-16,validacao,647
267,2002-01-16,validacao,648
789,2004-02-14,validacao,649
4126,2014-08-20,validacao,650
4012,2014-04-27,validacao,651
5820,2019-04-29,validacao,652
17,2001-02-08,validacao,653
997,2005-02-18,validacao,654
1420,2006-08-16,validacao,655
5642,2018-11-01,validacao,656
773,2004-01-27,validacao,657
8245,2026-05-12,validacao,658
3210,2012-01-17,validacao,659
230,2001-11-28,validacao,660
6611,2021-06-29,validacao,661
7153,2022-12-26,validacao,662
3617,2013-03-12,validacao,663
228,2001-11-26,validacao,664
1253,2006-02-02,validacao,665
5038,2017-03-05,validacao,666
7168,2023-01-10,validacao,667
4767,2016-05-31,validacao,668
4323,2015-03-10,validacao,669
8224,2026-04-05,validacao,670
4923,2016-11-03,validacao,671
3819,2013-10-09,validacao,672
3706,2013-06-14,validacao,673
6129,2020-03-04,validacao,674
4667,2016-02-21,validacao,675
1721,2007-07-07,validacao,676
2921,2011-03-31,validacao,677
3931,2014-02-02,validacao,678
2812,2010-12-08,validacao,679
3803,2013-09-22,validacao,680
1483,2006-10-20,validacao,681
1022,2005-03-16,validacao,682
4836,2016-08-08,validacao,683
2338,2009-04-04,validacao,684
3297,2012-04-22,validacao,685
293,2002-02-16,validacao,686
2373,2009-05-09,validacao,687
61,2001-03-24,validacao,688
3914,2014-01-16,validacao,689
4765,2016-05-29,validacao,690
6232,2020-06-15,validacao,691
879,2004-06-21,validacao,692
7983,2025-04-12,validacao,693
6328,2020-09-19,validacao,694
3684,2013-05-21,validacao,695
4672,2016-02-26,validacao,696
5273,2017-10-27,validacao,697
425,2002-09-03,validacao,698
842,2004-04-22,validacao,699
3612,2013-03-07,validacao,700
8177,2026-01-06,validacao,701
6431,2020-12-31,validacao,702
1277,2006-03-02,validacao,703
2821,2010-12-17,validacao,704
468,2002-10-25,validacao,705
865,2004-05-25,validacao,706
2726,2010-09-13,validacao,707
2647,2010-06-25,validacao,708
1789,2007-09-15,validacao,709
3125,2011-10-22,validacao,710
7105,2022-11-08,validacao,711
1683,2007-05-28,validacao,712
1101,2005-06-05,validacao,713
290,2002-02-13,validacao,714
4685,2016-03-10,validacao,715
763,2004-01-15,validacao,716
2973,2011-05-23,validacao,717
764,2004-01-16,validacao,718
1618,2007-03-22,validacao,719
994,2005-02-15,validacao,720
1650,2007-04-23,validacao,721
4147,2014-09-11,validacao,722
8120,2025-08-27,validacao,723
5829,2019-05-08,validacao,724
3341,2012-06-08,validacao,725
8221,2026-04-02,validacao,726
3333,2012-05-29,validacao,727
3971,2014-03-15,validacao,728
505,2003-01-29,validacao,729
5995,2019-10-22,validacao,730
2648,2010-06-26,validacao,731
1429,2006-08-25,validacao,732
2456,2009-09-04,validacao,733
1703,2007-06-19,validacao,734
3912,2014-01-14,validacao,735
3715,2013-06-23,validacao,736
2579,2010-04-14,validacao,737
157,2001-08-31,validacao,738
5708,2019-01-06,validacao,739
7320,2023-06-11,validacao,740
880,2004-06-22,validacao,741
6961,2022-06-16,validacao,742
2629,2010-06-07,validacao,743
3994,2014-04-08,validacao,744
6095,2020-01-30,validacao,745
4997,2017-01-23,validacao,746
4160,2014-09-24,validacao,747
367,2002-05-19,validacao,748
7443,2023-10-12,validacao,749
2283,2009-02-05,validacao,750
4401,2015-05-27,validacao,751
2182,2008-10-25,validacao,752
4570,2015-11-15,validacao,753
1595,2007-02-26,validacao,754
2963,2011-05-13,validacao,755
8089,2025-07-27,validacao,756
3651,2013-04-17,validacao,757
6025,2019-11-21,validacao,758
4896,2016-10-07,validacao,759
2984,2011-06-03,validacao,760
5629,2018-10-19,validacao,761
3693,2013-06-01,validacao,762
8128,2025-09-04,validacao,763
6270,2020-07-23,validacao,764
1295,2006-03-20,validacao,765
4619,2016-01-04,validacao,766
6114,2020-02-18,validacao,767
4478,2015-08-15,validacao,768
5589,2018-09-09,validacao,769
2275,2009-01-27,validacao,770
1563,2007-01-22,validacao,771
2131,2008-09-04,validacao,772
1323,2006-04-24,validacao,773
7106,2022-11-09,validacao,774
167,2001-09-10,validacao,775
6208,2020-05-22,validacao,776
5549,2018-07-31,validacao,777
7852,2024-12-02,validacao,778
8098,2025-08-05,validacao,779
5241,2017-09-24,validacao,780
4974,2016-12-30,validacao,781
1193,2005-12-04,validacao,782
5210,2017-08-24,validacao,783
1061,2005-04-24,validacao,784
1758,2007-08-15,validacao,785
7162,2023-01-04,validacao,786
7254,2023-04-06,validacao,787
5929,2019-08-17,validacao,788
3538,2012-12-23,validacao,789
1047,2005-04-10,validacao,790
3334,2012-05-30,validacao,791
7918,2025-02-06,validacao,792
6637,2021-07-25,validacao,793
7199,2023-02-10,validacao,794
7060,2022-09-24,validacao,795
6062,2019-12-28,validacao,796
6916,2022-05-02,validacao,797
7876,2024-12-26,validacao,798
4391,2015-05-17,validacao,799
2542,2009-12-01,validacao,800
8210,2026-03-04,validacao,801
7180,2023-01-22,validacao,802
655,2003-09-18,validacao,803
6285,2020-08-07,validacao,804
1888,2007-12-27,validacao,805
5573,2018-08-24,validacao,806
1869,2007-12-08,validacao,807
577,2003-06-08,validacao,808
2263,2009-01-14,validacao,809
1221,2006-01-01,validacao,810
6478,2021-02-16,validacao,811
5611,2018-10-01,validacao,812
2002,2008-04-24,validacao,813
7050,2022-09-14,validacao,814
7311,2023-06-02,validacao,815
5328,2017-12-21,validacao,816
3213,2012-01-20,validacao,817
1287,2006-03-12,validacao,818
5411,2018-03-14,validacao,819
8320,2026-08-21,validacao,820
711,2003-11-16,validacao,821
6908,2022-04-24,validacao,822
6343,2020-10-04,validacao,823
4441,2015-07-08,validacao,824
1501,2006-11-10,validacao,825
7205,2023-02-16,validacao,826
712,2003-11-17,validacao,827
7932,2025-02-20,validacao,828
2036,2008-05-29,validacao,829
3459,2012-10-05,validacao,830
7491,2023-11-30,validacao,831
1017,2005-03-10,validacao,832
3382,2012-07-19,validacao,833
1215,2005-12-26,validacao,834
5260,2017-10-14,validacao,835
315,2002-03-18,validacao,836
3837,2013-10-28,validacao,837
1513,2006-11-24,validacao,838
7702,2024-07-05,validacao,839
4505,2015-09-11,validacao,840
5918,2019-08-06,validacao,841
4746,2016-05-10,validacao,842
835,2004-04-14,validacao,843
7508,2023-12-17,validacao,844
1876,2007-12-15,validacao,845
59,2001-03-22,validacao,846
7828,2024-11-08,validacao,847
4477,2015-08-14,validacao,848
4453,2015-07-21,validacao,849
937,2004-12-18,validacao,850
7458,2023-10-27,validacao,851
1427,2006-08-23,validacao,852
5749,2019-02-17,validacao,853
7636,2024-04-30,validacao,854
3307,2012-05-02,validacao,855
6058,2019-12-24,validacao,856
4594,2015-12-09,validacao,857
2699,2010-08-17,validacao,858
5023,2017-02-18,validacao,859
3181,2011-12-19,validacao,860
4233,2014-12-08,validacao,861
6219,2020-06-02,validacao,862
8034,2025-06-02,validacao,863
2586,2010-04-21,validacao,864
534,2003-04-08,validacao,865
7826,2024-11-06,validacao,866
3248,2012-03-03,validacao,867
7005,2022-07-31,validacao,868
3027,2011-07-16,validacao,869
3107,2011-10-04,validacao,870
1020,2005-03-14,validacao,871
1839,2007-11-04,validacao,872
5601,2018-09-21,validacao,873
4375,2015-05-01,validacao,874
7547,2024-01-31,validacao,875
1992,2008-04-14,validacao,876
940,2004-12-21,validacao,877
8017,2025-05-16,validacao,878
4237,2014-12-12,validacao,879
2549,2009-12-08,validacao,880
5487,2018-05-30,validacao,881
7720,2024-07-23,validacao,882
8081,2025-07-19,validacao,883
3821,2013-10-11,validacao,884
7545,2024-01-28,validacao,885
6081,2020-01-16,validacao,886
5377,2018-02-08,validacao,887
7865,2024-12-15,validacao,888
421,2002-08-30,validacao,889
3653,2013-04-19,validacao,890
6907,2022-04-23,validacao,891
3279,2012-04-04,validacao,892
786,2004-02-10,validacao,893
5412,2018-03-15,validacao,894
7538,2024-01-21,validacao,895
8254,2026-05-28,validacao,896
662,2003-09-25,validacao,897
1514,2006-11-25,validacao,898
618,2003-07-25,validacao,899
1111,2005-06-15,validacao,900
576,2003-06-07,validacao,901
6671,2021-08-29,validacao,902
3704,2013-06-12,validacao,903
2676,2010-07-24,validacao,904
7542,2024-01-25,validacao,905
7149,2022-12-22,validacao,906
4938,2016-11-18,validacao,907
5332,2017-12-25,validacao,908
101,2001-05-07,validacao,909
221,2001-11-09,validacao,910
4001,2014-04-15,validacao,911
4535,2015-10-11,validacao,912
2571,2010-04-06,validacao,913
7272,2023-04-24,validacao,914
2574,2010-04-09,validacao,915
6354,2020-10-15,validacao,916
7000,2022-07-26,validacao,917
7812,2024-10-23,validacao,918
7951,2025-03-11,validacao,919
2623,2010-06-01,validacao,920
7204,2023-02-15,validacao,921
5633,2018-10-23,validacao,922
6835,2022-02-09,validacao,923
706,2003-11-11,validacao,924
4447,2015-07-15,validacao,925
4228,2014-12-03,validacao,926
1375,2006-07-01,validacao,927
4339,2015-03-26,validacao,928
6394,2020-11-24,validacao,929
106,2001-05-12,validacao,930
4101,2014-07-25,validacao,931
381,2002-06-03,validacao,932
7797,2024-10-08,validacao,933
625,2003-08-01,validacao,934
742,2003-12-22,validacao,935
4209,2014-11-14,validacao,936
1760,2007-08-17,validacao,937
4861,2016-09-02,validacao,938
3114,2011-10-11,validacao,939
2251,2009-01-02,validacao,940
3139,2011-11-06,validacao,941
3095,2011-09-22,validacao,942
620,2003-07-27,validacao,943
5924,2019-08-12,validacao,944
2729,2010-09-16,validacao,945
1282,2006-03-07,validacao,946
1128,2005-07-08,validacao,947
3768,2013-08-17,validacao,948
7383,2023-08-13,validacao,949
554,2003-04-30,validacao,950
6342,2020-10-03,validacao,951
3091,2011-09-18,validacao,952
1916,2008-01-24,validacao,953
3316,2012-05-11,validacao,954
2517,2009-11-06,validacao,955
5533,2018-07-15,validacao,956
349,2002-04-26,validacao,957
3149,2011-11-16,validacao,958
4028,2014-05-13,validacao,959
1880,2007-12-19,validacao,960
6781,2021-12-17,validacao,961
5384,2018-02-15,validacao,962
4267,2015-01-12,validacao,963
4099,2014-07-23,validacao,964
2957,2011-05-07,validacao,965
93,2001-04-29,validacao,966
6353,2020-10-14,validacao,967
4354,2015-04-10,validacao,968
5107,2017-05-13,validacao,969
2363,2009-04-29,validacao,970
3207,2012-01-14,validacao,971
5040,2017-03-07,validacao,972
1583,2007-02-14,validacao,973
33,2001-02-24,validacao,974
5499,2018-06-11,validacao,975
4381,2015-05-07,validacao,976
6831,2022-02-05,validacao,977
2758,2010-10-15,validacao,978
7159,2023-01-01,validacao,979
7941,2025-03-01,validacao,980
2133,2008-09-06,validacao,981
2087,2008-07-22,validacao,982
5075,2017-04-11,validacao,983
6505,2021-03-15,validacao,984
1370,2006-06-26,validacao,985
2447,2009-08-26,validacao,986
7942,2025-03-02,validacao,987
6195,2020-05-09,validacao,988
5108,2017-05-14,validacao,989
1737,2007-07-23,validacao,990
543,2003-04-19,validacao,991
6526,2021-04-05,validacao,992
736,2003-12-12,validacao,993
7128,2022-12-01,validacao,994
6751,2021-11-17,validacao,995
2221,2008-12-03,validacao,996
4215,2014-11-20,validacao,997
640,2003-08-26,validacao,998
1507,2006-11-18,validacao,999
931,2004-12-11,validacao,1000
3501,2012-11-16,validacao,1001
6317,2020-09-08,validacao,1002
7782,2024-09-23,validacao,1003
5586,2018-09-06,validacao,1004
7185,2023-01-27,validacao,1005
3094,2011-09-21,validacao,1006
5466,2018-05-09,validacao,1007
5070,2017-04-06,validacao,1008
5054,2017-03-21,validacao,1009
6127,2020-03-02,validacao,1010
5504,2018-06-16,validacao,1011
676,2003-10-12,validacao,1012
2922,2011-04-01,validacao,1013
5751,2019-02-19,validacao,1014
4395,2015-05-21,validacao,1015
6036,2019-12-02,validacao,1016
6769,2021-12-05,validacao,1017
734,2003-12-10,validacao,1018
3377,2012-07-14,validacao,1019
6886,2022-04-02,validacao,1020
7606,2024-03-31,validacao,1021
254,2001-12-29,validacao,1022
3442,2012-09-18,validacao,1023
1480,2006-10-17,validacao,1024
91,2001-04-27,validacao,1025
565,2003-05-17,validacao,1026
7724,2024-07-27,validacao,1027
2968,2011-05-18,validacao,1028
6251,2020-07-04,validacao,1029
8248,2026-05-15,validacao,1030
2333,2009-03-30,validacao,1031
3942,2014-02-14,validacao,1032
3102,2011-09-29,validacao,1033
2855,2011-01-20,validacao,1034
828,2004-04-07,validacao,1035
7520,2024-01-03,validacao,1036
100,2001-05-06,validacao,1037
457,2002-10-11,validacao,1038
1129,2005-07-09,validacao,1039
447,2002-09-29,validacao,1040
3885,2013-12-18,validacao,1041
5993,2019-10-20,validacao,1042
6191,2020-05-05,validacao,1043
8253,2026-05-26,validacao,1044
6079,2020-01-14,validacao,1045
6488,2021-02-26,validacao,1046
4773,2016-06-06,validacao,1047
3437,2012-09-13,validacao,1048
5838,2019-05-17,validacao,1049
5808,2019-04-17,validacao,1050
6091,2020-01-26,validacao,1051
326,2002-03-29,validacao,1052
473,2002-10-30,validacao,1053
4003,2014-04-18,validacao,1054
5875,2019-06-23,validacao,1055
6874,2022-03-20,validacao,1056
2578,2010-04-13,validacao,1057
176,2001-09-19,validacao,1058
1940,2008-02-17,validacao,1059
1893,2008-01-01,validacao,1060
4077,2014-07-01,validacao,1061
6982,2022-07-07,validacao,1062
5294,2017-11-17,validacao,1063
1593,2007-02-24,validacao,1064
2260,2009-01-11,validacao,1065
540,2003-04-14,validacao,1066
319,2002-03-22,validacao,1067
6454,2021-01-23,validacao,1068
911,2004-11-20,validacao,1069
5001,2017-01-27,validacao,1070
1425,2006-08-21,validacao,1071
5344,2018-01-06,validacao,1072
5571,2018-08-22,validacao,1073
5416,2018-03-19,validacao,1074
3783,2013-09-01,validacao,1075
4939,2016-11-19,validacao,1076
7914,2025-02-02,validacao,1077
7807,2024-10-18,validacao,1078
5027,2017-02-22,validacao,1079
325,2002-03-28,validacao,1080
48,2001-03-11,validacao,1081
5798,2019-04-07,validacao,1082
5228,2017-09-11,validacao,1083
5628,2018-10-18,validacao,1084
5920,2019-08-08,validacao,1085
6160,2020-04-04,validacao,1086
7117,2022-11-20,validacao,1087
4383,2015-05-09,validacao,1088
6194,2020-05-08,validacao,1089
5470,2018-05-13,validacao,1090
579,2003-06-10,validacao,1091
5313,2017-12-06,validacao,1092
6388,2020-11-18,validacao,1093
8094,2025-08-01,validacao,1094
1671,2007-05-16,validacao,1095
3880,2013-12-12,validacao,1096
7681,2024-06-14,validacao,1097
1832,2007-10-28,validacao,1098
5058,2017-03-25,validacao,1099
1957,2008-03-06,validacao,1100
8096,2025-08-03,validacao,1101
3908,2014-01-10,validacao,1102
833,2004-04-12,validacao,1103
56,2001-03-19,validacao,1104
4192,2014-10-28,validacao,1105
1041,2005-04-04,validacao,1106
5351,2018-01-13,validacao,1107
1498,2006-11-06,validacao,1108
2818,2010-12-14,validacao,1109
4048,2014-06-02,validacao,1110
7305,2023-05-27,validacao,1111
548,2003-04-24,validacao,1112
573,2003-05-31,validacao,1113
1891,2007-12-30,validacao,1114
7354,2023-07-15,validacao,1115
747,2003-12-28,validacao,1116
957,2005-01-07,validacao,1117
8050,2025-06-18,validacao,1118
1934,2008-02-11,validacao,1119
5816,2019-04-25,validacao,1120
550,2003-04-26,validacao,1121
694,2003-10-30,validacao,1122
1172,2005-08-22,validacao,1123
1844,2007-11-09,validacao,1124
2312,2009-03-09,validacao,1125
7257,2023-04-09,validacao,1126
5121,2017-05-27,validacao,1127
322,2002-03-25,validacao,1128
4855,2016-08-27,validacao,1129
4369,2015-04-25,validacao,1130
7504,2023-12-13,validacao,1131
1108,2005-06-12,validacao,1132
3245,2012-02-29,validacao,1133
6519,2021-03-29,validacao,1134
4866,2016-09-07,validacao,1135
7188,2023-01-30,validacao,1136
7428,2023-09-27,validacao,1137
2614,2010-05-19,validacao,1138
5111,2017-05-17,validacao,1139
1161,2005-08-11,validacao,1140
1025,2005-03-19,validacao,1141
1024,2005-03-18,validacao,1142
6417,2020-12-17,validacao,1143
2523,2009-11-12,validacao,1144
7054,2022-09-18,validacao,1145
7975,2025-04-04,validacao,1146
3717,2013-06-27,validacao,1147
8015,2025-05-14,validacao,1148
5964,2019-09-21,validacao,1149
6329,2020-09-20,validacao,1150
4913,2016-10-24,validacao,1151
6310,2020-09-01,validacao,1152
4239,2014-12-14,validacao,1153
3767,2013-08-16,validacao,1154
864,2004-05-24,validacao,1155
4818,2016-07-21,validacao,1156
6113,2020-02-17,validacao,1157
787,2004-02-12,validacao,1158
23,2001-02-14,validacao,1159
1858,2007-11-27,validacao,1160
1562,2007-01-21,validacao,1161
1412,2006-08-07,validacao,1162
1511,2006-11-22,validacao,1163
1870,2007-12-09,validacao,1164
8266,2026-06-17,validacao,1165
3615,2013-03-10,validacao,1166
8133,2025-09-12,validacao,1167
3409,2012-08-15,validacao,1168
3263,2012-03-18,validacao,1169
1315,2006-04-14,validacao,1170
7630,2024-04-24,validacao,1171
730,2003-12-06,validacao,1172
3365,2012-07-02,validacao,1173
4706,2016-03-31,validacao,1174
1964,2008-03-17,validacao,1175
1919,2008-01-27,validacao,1176
4463,2015-07-31,validacao,1177
4284,2015-01-30,validacao,1178
4880,2016-09-21,validacao,1179
2585,2010-04-20,validacao,1180
4597,2015-12-13,validacao,1181
26,2001-02-17,validacao,1182
6157,2020-04-01,validacao,1183
7287,2023-05-09,validacao,1184
4791,2016-06-24,validacao,1185
245,2001-12-20,validacao,1186
6258,2020-07-11,validacao,1187
4394,2015-05-20,validacao,1188
2107,2008-08-11,validacao,1189
2453,2009-09-01,validacao,1190
4472,2015-08-09,validacao,1191
7242,2023-03-25,validacao,1192
3817,2013-10-07,validacao,1193
5039,2017-03-06,validacao,1194
6204,2020-05-18,validacao,1195
4894,2016-10-05,validacao,1196
6357,2020-10-18,validacao,1197
6192,2020-05-06,validacao,1198
2691,2010-08-09,validacao,1199
5169,2017-07-14,validacao,1200
1502,2006-11-13,validacao,1201
4471,2015-08-08,validacao,1202
3439,2012-09-15,validacao,1203
2664,2010-07-12,validacao,1204
3320,2012-05-15,validacao,1205
3337,2012-06-02,validacao,1206
297,2002-02-20,validacao,1207
2944,2011-04-24,validacao,1208
2908,2011-03-15,validacao,1209
2799,2010-11-25,validacao,1210
3012,2011-07-01,validacao,1211
1706,2007-06-22,validacao,1212
7460,2023-10-29,validacao,1213
5019,2017-02-14,validacao,1214
1242,2006-01-22,validacao,1215
7092,2022-10-26,validacao,1216
7341,2023-07-02,validacao,1217
2570,2010-04-05,validacao,1218
681,2003-10-17,validacao,1219
7416,2023-09-15,validacao,1220
3574,2013-01-28,validacao,1221
2917,2011-03-24,validacao,1222
4657,2016-02-11,validacao,1223
3898,2013-12-31,validacao,1224
1423,2006-08-19,validacao,1225
2670,2010-07-18,validacao,1226
1864,2007-12-03,validacao,1227
6429,2020-12-29,validacao,1228
4687,2016-03-12,validacao,1229
1046,2005-04-09,validacao,1230
2264,2009-01-15,validacao,1231
3770,2013-08-19,validacao,1232
7760,2024-09-01,validacao,1233
926,2004-12-06,validacao,1234
3625,2013-03-20,validacao,1235
2031,2008-05-24,validacao,1236
7260,2023-04-12,validacao,1237
4864,2016-09-05,validacao,1238
4912,2016-10-23,validacao,1239
3381,2012-07-18,validacao,1240
2728,2010-09-15,validacao,1241
5152,2017-06-27,validacao,1242
746,2003-12-27,validacao,1243
664,2003-09-27,validacao,1244
2905,2011-03-12,validacao,1245
486,2002-11-21,validacao,1246
1670,2007-05-15,validacao,1247
7303,2023-05-25,validacao,1248
2718,2010-09-05,teste,0
8259,2026-06-03,teste,1
8239,2026-05-04,teste,2
2178,2008-10-21,teste,3
8216,2026-03-23,teste,4
4362,2015-04-18,teste,5
6700,2021-09-27,teste,6
965,2005-01-16,teste,7
1509,2006-11-20,teste,8
2540,2009-11-29,teste,9
7657,2024-05-21,teste,10
6202,2020-05-16,teste,11
6789,2021-12-25,teste,12
4756,2016-05-20,teste,13
3176,2011-12-14,teste,14
438,2002-09-17,teste,15
4511,2015-09-17,teste,16
5097,2017-05-03,teste,17
6126,2020-03-01,teste,18
6017,2019-11-13,teste,19
1882,2007-12-21,teste,20
2954,2011-05-04,teste,21
6284,2020-08-06,teste,22
921,2004-12-01,teste,23
5689,2018-12-18,teste,24
4705,2016-03-30,teste,25
1223,2006-01-03,teste,26
3303,2012-04-28,teste,27
6699,2021-09-26,teste,28
6405,2020-12-05,teste,29
6149,2020-03-24,teste,30
3992,2014-04-05,teste,31
5060,2017-03-27,teste,32
5927,2019-08-15,teste,33
4196,2014-11-01,teste,34
7065,2022-09-29,teste,35
4743,2016-05-07,teste,36
414,2002-08-23,teste,37
5454,2018-04-27,teste,38
14,2001-02-01,teste,39
2470,2009-09-18,teste,40
1877,2007-12-16,teste,41
2191,2008-11-03,teste,42
5076,2017-04-12,teste,43
1090,2005-05-25,teste,44
2391,2009-05-27,teste,45
2592,2010-04-27,teste,46
1544,2007-01-03,teste,47
2291,2009-02-13,teste,48
3966,2014-03-10,teste,49
2126,2008-08-30,teste,50
1731,2007-07-17,teste,51
7747,2024-08-19,teste,52
4586,2015-12-01,teste,53
1541,2006-12-31,teste,54
3464,2012-10-10,teste,55
1385,2006-07-11,teste,56
2476,2009-09-24,teste,57
5014,2017-02-09,teste,58
7310,2023-06-01,teste,59
5469,2018-05-12,teste,60
5422,2018-03-25,teste,61
439,2002-09-18,teste,62
3007,2011-06-26,teste,63
1862,2007-12-01,teste,64
3455,2012-10-01,teste,65
7244,2023-03-27,teste,66
2457,2009-09-05,teste,67
8215,2026-03-18,teste,68
6156,2020-03-31,teste,69
6337,2020-09-28,teste,70
4935,2016-11-15,teste,71
4668,2016-02-22,teste,72
6043,2019-12-09,teste,73
4708,2016-04-02,teste,74
8060,2025-06-28,teste,75
6960,2022-06-15,teste,76
4198,2014-11-03,teste,77
7211,2023-02-22,teste,78
4240,2014-12-15,teste,79
4113,2014-08-06,teste,80
7802,2024-10-13,teste,81
3862,2013-11-22,teste,82
7627,2024-04-21,teste,83
7333,2023-06-24,teste,84
3820,2013-10-10,teste,85
3299,2012-04-24,teste,86
1407,2006-08-02,teste,87
296,2002-02-19,teste,88
6153,2020-03-28,teste,89
6199,2020-05-13,teste,90
4191,2014-10-27,teste,91
321,2002-03-24,teste,92
4813,2016-07-16,teste,93
6599,2021-06-17,teste,94
3182,2011-12-20,teste,95
4368,2015-04-24,teste,96
3915,2014-01-17,teste,97
8138,2025-09-18,teste,98
2483,2009-10-01,teste,99
3707,2013-06-15,teste,100
7956,2025-03-16,teste,101
6502,2021-03-12,teste,102
3478,2012-10-24,teste,103
4438,2015-07-05,teste,104
263,2002-01-08,teste,105
5309,2017-12-02,teste,106
6992,2022-07-18,teste,107
1173,2005-08-23,teste,108
3454,2012-09-30,teste,109
3395,2012-08-01,teste,110
1905,2008-01-13,teste,111
1714,2007-06-30,teste,112
4295,2015-02-10,teste,113
7104,2022-11-07,teste,114
4104,2014-07-28,teste,115
6953,2022-06-08,teste,116
1840,2007-11-05,teste,117
2888,2011-02-22,teste,118
4081,2014-07-05,teste,119
196,2001-10-09,teste,120
3262,2012-03-17,teste,121
6550,2021-04-29,teste,122
1820,2007-10-16,teste,123
6924,2022-05-10,teste,124
4851,2016-08-23,teste,125
3187,2011-12-25,teste,126
6980,2022-07-05,teste,127
6040,2019-12-06,teste,128
6110,2020-02-14,teste,129
2851,2011-01-16,teste,130
6829,2022-02-03,teste,131
2157,2008-09-30,teste,132
3838,2013-10-29,teste,133
80,2001-04-16,teste,134
8013,2025-05-12,teste,135
1726,2007-07-12,teste,136
4731,2016-04-25,teste,137
1379,2006-07-05,teste,138
4482,2015-08-19,teste,139
7856,2024-12-06,teste,140
2992,2011-06-11,teste,141
4205,2014-11-10,teste,142
3221,2012-01-28,teste,143
4176,2014-10-10,teste,144
6123,2020-02-27,teste,145
6848,2022-02-22,teste,146
2760,2010-10-17,teste,147
1741,2007-07-27,teste,148
6340,2020-10-01,teste,149
7313,2023-06-04,teste,150
1740,2007-07-26,teste,151
7882,2025-01-01,teste,152
5340,2018-01-02,teste,153
73,2001-04-09,teste,154
3884,2013-12-17,teste,155
7388,2023-08-18,teste,156
3286,2012-04-11,teste,157
2996,2011-06-15,teste,158
2112,2008-08-16,teste,159
7271,2023-04-23,teste,160
1410,2006-08-05,teste,161
5780,2019-03-20,teste,162
373,2002-05-26,teste,163
8184,2026-01-14,teste,164
7052,2022-09-16,teste,165
1702,2007-06-18,teste,166
4288,2015-02-03,teste,167
7304,2023-05-26,teste,168
2748,2010-10-05,teste,169
7307,2023-05-29,teste,170
7715,2024-07-18,teste,171
2481,2009-09-29,teste,172
354,2002-05-01,teste,173
8175,2026-01-04,teste,174
1210,2005-12-21,teste,175
6188,2020-05-02,teste,176
7084,2022-10-18,teste,177
3098,2011-09-25,teste,178
5879,2019-06-27,teste,179
3984,2014-03-28,teste,180
7247,2023-03-30,teste,181
2233,2008-12-15,teste,182
2997,2011-06-16,teste,183
2842,2011-01-07,teste,184
1188,2005-09-07,teste,185
1414,2006-08-09,teste,186
4509,2015-09-15,teste,187
6602,2021-06-20,teste,188
2865,2011-01-30,teste,189
437,2002-09-16,teste,190
5904,2019-07-23,teste,191
5769,2019-03-09,teste,192
5438,2018-04-11,teste,193
7426,2023-09-25,teste,194
491,2002-11-27,teste,195
1146,2005-07-27,teste,196
2577,2010-04-12,teste,197
964,2005-01-15,teste,198
118,2001-07-22,teste,199
5119,2017-05-25,teste,200
2063,2008-06-28,teste,201
3076,2011-09-03,teste,202
6430,2020-12-30,teste,203
4845,2016-08-17,teste,204
1535,2006-12-21,teste,205
4722,2016-04-16,teste,206
2287,2009-02-09,teste,207
2845,2011-01-10,teste,208
3668,2013-05-05,teste,209
2605,2010-05-10,teste,210
7557,2024-02-10,teste,211
2306,2009-03-03,teste,212
6083,2020-01-18,teste,213
6067,2020-01-02,teste,214
2534,2009-11-23,teste,215
6706,2021-10-03,teste,216
7367,2023-07-28,teste,217
5465,2018-05-08,teste,218
5579,2018-08-30,teste,219
4828,2016-07-31,teste,220
4245,2014-12-20,teste,221
8024,2025-05-23,teste,222
3481,2012-10-27,teste,223
1981,2008-04-03,teste,224
4832,2016-08-04,teste,225
6282,2020-08-04,teste,226
4328,2015-03-15,teste,227
1042,2005-04-05,teste,228
2246,2008-12-28,teste,229
6167,2020-04-11,teste,230
2829,2010-12-25,teste,231
5065,2017-04-01,teste,232
3877,2013-12-09,teste,233
5517,2018-06-29,teste,234
4487,2015-08-24,teste,235
7739,2024-08-11,teste,236
5590,2018-09-10,teste,237
6561,2021-05-10,teste,238
6985,2022-07-10,teste,239
1467,2006-10-03,teste,240
838,2004-04-17,teste,241
4694,2016-03-19,teste,242
4423,2015-06-19,teste,243
7315,2023-06-06,teste,244
4541,2015-10-17,teste,245
4269,2015-01-14,teste,246
7541,2024-01-24,teste,247
3378,2012-07-15,teste,248
8319,2026-08-19,teste,249
1557,2007-01-16,teste,250
4254,2014-12-30,teste,251
7570,2024-02-23,teste,252
1405,2006-07-31,teste,253
2199,2008-11-11,teste,254
6120,2020-02-24,teste,255
461,2002-10-17,teste,256
6860,2022-03-06,teste,257
5011,2017-02-06,teste,258
3949,2014-02-21,teste,259
1450,2006-09-15,teste,260
6684,2021-09-11,teste,261
1945,2008-02-23,teste,262
1744,2007-07-31,teste,263
3698,2013-06-06,teste,264
5819,2019-04-28,teste,265
7745,2024-08-17,teste,266
6577,2021-05-26,teste,267
3795,2013-09-14,teste,268
1393,2006-07-19,teste,269
1464,2006-09-30,teste,270
4532,2015-10-08,teste,271
34,2001-02-25,teste,272
5432,2018-04-05,teste,273
6887,2022-04-03,teste,274
2580,2010-04-15,teste,275
3948,2014-02-20,teste,276
6670,2021-08-28,teste,277
3129,2011-10-26,teste,278
1803,2007-09-29,teste,279
5965,2019-09-22,teste,280
2351,2009-04-17,teste,281
6009,2019-11-05,teste,282
7571,2024-02-25,teste,283
6962,2022-06-17,teste,284
3002,2011-06-21,teste,285
5123,2017-05-29,teste,286
5216,2017-08-30,teste,287
1044,2005-04-07,teste,288
6807,2022-01-12,teste,289
5719,2019-01-18,teste,290
4900,2016-10-11,teste,291
3733,2013-07-13,teste,292
5460,2018-05-03,teste,293
1142,2005-07-22,teste,294
4355,2015-04-11,teste,295
5612,2018-10-02,teste,296
3016,2011-07-05,teste,297
6046,2019-12-12,teste,298
2354,2009-04-20,teste,299
4416,2015-06-12,teste,300
4397,2015-05-23,teste,301
4982,2017-01-07,teste,302
7827,2024-11-07,teste,303
7753,2024-08-25,teste,304
4372,2015-04-28,teste,305
408,2002-07-13,teste,306
6176,2020-04-20,teste,307
7116,2022-11-19,teste,308
3964,2014-03-08,teste,309
6851,2022-02-25,teste,310
339,2002-04-14,teste,311
5171,2017-07-16,teste,312
3165,2011-12-02,teste,313
169,2001-09-12,teste,314
5007,2017-02-02,teste,315
5782,2019-03-22,teste,316
805,2004-03-08,teste,317
8009,2025-05-08,teste,318
8297,2026-07-28,teste,319
5482,2018-05-25,teste,320
7399,2023-08-29,teste,321
2840,2011-01-05,teste,322
6926,2022-05-12,teste,323
4686,2016-03-11,teste,324
7425,2023-09-24,teste,325
3682,2013-05-19,teste,326
4015,2014-04-30,teste,327
7854,2024-12-04,teste,328
2114,2008-08-18,teste,329
624,2003-07-31,teste,330
904,2004-11-13,teste,331
2303,2009-02-28,teste,332
6542,2021-04-21,teste,333
960,2005-01-10,teste,334
432,2002-09-11,teste,335
1515,2006-11-26,teste,336
2776,2010-11-02,teste,337
4084,2014-07-08,teste,338
6264,2020-07-17,teste,339
7359,2023-07-20,teste,340
2280,2009-02-02,teste,341
6592,2021-06-10,teste,342
5285,2017-11-08,teste,343
2910,2011-03-17,teste,344
1434,2006-08-30,teste,345
2859,2011-01-24,teste,346
1554,2007-01-13,teste,347
2698,2010-08-16,teste,348
2644,2010-06-22,teste,349
2317,2009-03-14,teste,350
3121,2011-10-18,teste,351
4148,2014-09-12,teste,352
3745,2013-07-25,teste,353
2531,2009-11-20,teste,354
6057,2019-12-23,teste,355
6866,2022-03-12,teste,356
3434,2012-09-10,teste,357
6862,2022-03-08,teste,358
6658,2021-08-16,teste,359
3543,2012-12-28,teste,360
6142,2020-03-17,teste,361
3936,2014-02-08,teste,362
3539,2012-12-24,teste,363
7910,2025-01-29,teste,364
2683,2010-07-31,teste,365
7154,2022-12-27,teste,366
4829,2016-08-01,teste,367
8206,2026-02-19,teste,368
8127,2025-09-03,teste,369
4860,2016-09-01,teste,370
239,2001-12-11,teste,371
1430,2006-08-26,teste,372
2310,2009-03-07,teste,373
4230,2014-12-05,teste,374
265,2002-01-14,teste,375
3404,2012-08-10,teste,376
5715,2019-01-14,teste,377
3689,2013-05-27,teste,378
1053,2005-04-16,teste,379
5748,2019-02-16,teste,380
3773,2013-08-22,teste,381
2688,2010-08-06,teste,382
3312,2012-05-07,teste,383
2669,2010-07-17,teste,384
5646,2018-11-05,teste,385
4800,2016-07-03,teste,386
1362,2006-06-18,teste,387
7954,2025-03-14,teste,388
1397,2006-07-23,teste,389
5863,2019-06-11,teste,390
544,2003-04-20,teste,391
7558,2024-02-11,teste,392
1894,2008-01-02,teste,393
6384,2020-11-14,teste,394
2319,2009-03-16,teste,395
8142,2025-09-23,teste,396
4663,2016-02-17,teste,397
7233,2023-03-16,teste,398
682,2003-10-18,teste,399
7929,2025-02-17,teste,400
1175,2005-08-25,teste,401
5099,2017-05-05,teste,402
1730,2007-07-16,teste,403
2458,2009-09-06,teste,404
3145,2011-11-12,teste,405
3143,2011-11-10,teste,406
8037,2025-06-05,teste,407
3571,2013-01-25,teste,408
247,2001-12-22,teste,409
1512,2006-11-23,teste,410
1732,2007-07-18,teste,411
5160,2017-07-05,teste,412
1784,2007-09-10,teste,413
5556,2018-08-07,teste,414
599,2003-07-01,teste,415
1034,2005-03-28,teste,416
7150,2022-12-23,teste,417
2987,2011-06-06,teste,418
5170,2017-07-15,teste,419
95,2001-05-01,teste,420
1883,2007-12-22,teste,421
7523,2024-01-06,teste,422
6289,2020-08-11,teste,423
996,2005-02-17,teste,424
4684,2016-03-09,teste,425
6683,2021-09-10,teste,426
4013,2014-04-28,teste,427
6656,2021-08-14,teste,428
4404,2015-05-30,teste,429
5744,2019-02-12,teste,430
3123,2011-10-20,teste,431
1768,2007-08-25,teste,432
4789,2016-06-22,teste,433
6064,2019-12-30,teste,434
472,2002-10-29,teste,435
8233,2026-04-27,teste,436
3199,2012-01-06,teste,437
6133,2020-03-08,teste,438
5907,2019-07-26,teste,439
4647,2016-02-01,teste,440
6918,2022-05-04,teste,441
6463,2021-02-01,teste,442
1922,2008-01-30,teste,443
1383,2006-07-09,teste,444
4019,2014-05-04,teste,445
4588,2015-12-03,teste,446
4294,2015-02-09,teste,447
5576,2018-08-27,teste,448
8203,2026-02-16,teste,449
6418,2020-12-18,teste,450
1446,2006-09-11,teste,451
8322,2026-08-23,teste,452
4897,2016-10-08,teste,453
4220,2014-11-25,teste,454
693,2003-10-29,teste,455
1443,2006-09-08,teste,456
3505,2012-11-20,teste,457
5503,2018-06-15,teste,458
6543,2021-04-22,teste,459
4677,2016-03-02,teste,460
1720,2007-07-06,teste,461
4817,2016-07-20,teste,462
7659,2024-05-23,teste,463
604,2003-07-10,teste,464
2867,2011-02-01,teste,465
8173,2026-01-02,teste,466
547,2003-04-23,teste,467
1212,2005-12-23,teste,468
7528,2024-01-11,teste,469
7237,2023-03-20,teste,470
501,2003-01-24,teste,471
3605,2013-02-28,teste,472
2638,2010-06-16,teste,473
1569,2007-01-28,teste,474
7772,2024-09-13,teste,475
847,2004-04-30,teste,476
5528,2018-07-10,teste,477
6234,2020-06-17,teste,478
4332,2015-03-19,teste,479
7464,2023-11-02,teste,480
1038,2005-04-01,teste,481
259,2002-01-04,teste,482
5857,2019-06-05,teste,483
110,2001-05-21,teste,484
2802,2010-11-28,teste,485
1805,2007-10-01,teste,486
969,2005-01-20,teste,487
379,2002-06-01,teste,488
3295,2012-04-20,teste,489
7120,2022-11-23,teste,490
751,2004-01-02,teste,491
1550,2007-01-09,teste,492
1168,2005-08-18,teste,493
2918,2011-03-25,teste,494
2925,2011-04-04,teste,495
7978,2025-04-07,teste,496
1149,2005-07-30,teste,497
2516,2009-11-05,teste,498
1056,2005-04-19,teste,499
7123,2022-11-26,teste,500
4545,2015-10-21,teste,501
6236,2020-06-19,teste,502
6784,2021-12-20,teste,503
4224,2014-11-29,teste,504
8179,2026-01-09,teste,505
3836,2013-10-27,teste,506
1739,2007-07-25,teste,507
7902,2025-01-21,teste,508
308,2002-03-09,teste,509
1078,2005-05-12,teste,510
1345,2006-05-31,teste,511
4561,2015-11-06,teste,512
5574,2018-08-25,teste,513
6044,2019-12-10,teste,514
1833,2007-10-29,teste,515
2118,2008-08-22,teste,516
5381,2018-02-12,teste,517
7336,2023-06-27,teste,518
4871,2016-09-12,teste,519
2249,2008-12-31,teste,520
6000,2019-10-27,teste,521
8153,2025-10-04,teste,522
3319,2012-05-14,teste,523
2864,2011-01-29,teste,524
2301,2009-02-26,teste,525
7568,2024-02-21,teste,526
4407,2015-06-03,teste,527
2316,2009-03-13,teste,528
6268,2020-07-21,teste,529
1346,2006-06-01,teste,530
561,2003-05-11,teste,531
5555,2018-08-06,teste,532
4617,2016-01-02,teste,533
6774,2021-12-10,teste,534
2132,2008-09-05,teste,535
5874,2019-06-22,teste,536
6250,2020-07-03,teste,537
5636,2018-10-26,teste,538
6727,2021-10-24,teste,539
6569,2021-05-18,teste,540
6921,2022-05-07,teste,541
6626,2021-07-14,teste,542
8137,2025-09-16,teste,543
1203,2005-12-14,teste,544
5337,2017-12-30,teste,545
7867,2024-12-17,teste,546
3049,2011-08-07,teste,547
6708,2021-10-05,teste,548
8197,2026-02-05,teste,549
6351,2020-10-12,teste,550
8144,2025-09-25,teste,551
7621,2024-04-15,teste,552
7171,2023-01-13,teste,553
371,2002-05-24,teste,554
4567,2015-11-12,teste,555
8219,2026-03-28,teste,556
7717,2024-07-20,teste,557
6075,2020-01-10,teste,558
4726,2016-04-20,teste,559
6775,2021-12-11,teste,560
2603,2010-05-08,teste,561
6425,2020-12-25,teste,562
8327,2026-08-29,teste,563
6060,2019-12-26,teste,564
6492,2021-03-02,teste,565
3096,2011-09-23,teste,566
6730,2021-10-27,teste,567
5324,2017-12-17,teste,568
3977,2014-03-21,teste,569
180,2001-09-23,teste,570
3383,2012-07-20,teste,571
4129,2014-08-23,teste,572
2388,2009-05-24,teste,573
6001,2019-10-28,teste,574
7823,2024-11-03,teste,575
479,2002-11-05,teste,576
1113,2005-06-17,teste,577
2124,2008-08-28,teste,578
7068,2022-10-02,teste,579
3065,2011-08-23,teste,580
3589,2013-02-12,teste,581
862,2004-05-22,teste,582
6006,2019-11-02,teste,583
2318,2009-03-15,teste,584
5889,2019-07-07,teste,585
2022,2008-05-15,teste,586
3960,2014-03-04,teste,587
6112,2020-02-16,teste,588
6843,2022-02-17,teste,589
7714,2024-07-17,teste,590
3039,2011-07-28,teste,591
1313,2006-04-12,teste,592
1912,2008-01-20,teste,593
443,2002-09-24,teste,594
5250,2017-10-03,teste,595
1032,2005-03-26,teste,596
6347,2020-10-08,teste,597
5599,2018-09-19,teste,598
5963,2019-09-20,teste,599
1662,2007-05-05,teste,600
8273,2026-06-25,teste,601
1049,2005-04-12,teste,602
8230,2026-04-23,teste,603
2034,2008-05-27,teste,604
6174,2020-04-18,teste,605
5673,2018-12-02,teste,606
4110,2014-08-03,teste,607
1487,2006-10-24,teste,608
6053,2019-12-19,teste,609
3441,2012-09-17,teste,610
2018,2008-05-11,teste,611
7178,2023-01-20,teste,612
6794,2021-12-30,teste,613
908,2004-11-17,teste,614
3708,2013-06-16,teste,615
2177,2008-10-20,teste,616
5953,2019-09-10,teste,617
216,2001-11-01,teste,618
7484,2023-11-23,teste,619
6441,2021-01-10,teste,620
4984,2017-01-09,teste,621
79,2001-04-15,teste,622
2464,2009-09-12,teste,623
518,2003-03-23,teste,624
5643,2018-11-02,teste,625
6963,2022-06-18,teste,626
5190,2017-08-04,teste,627
5701,2018-12-30,teste,628
1226,2006-01-06,teste,629
1119,2005-06-23,teste,630
752,2004-01-03,teste,631
3806,2013-09-25,teste,632
4108,2014-08-01,teste,633
6579,2021-05-28,teste,634
1561,2007-01-20,teste,635
2375,2009-05-11,teste,636
3816,2013-10-06,teste,637
6522,2021-04-01,teste,638
4810,2016-07-13,teste,639
7276,2023-04-28,teste,640
2488,2009-10-06,teste,641
1811,2007-10-07,teste,642
7957,2025-03-17,teste,643
3728,2013-07-08,teste,644
6162,2020-04-06,teste,645
3185,2011-12-23,teste,646
6646,2021-08-04,teste,647
7831,2024-11-11,teste,648
3685,2013-05-23,teste,649
511,2003-03-01,teste,650
5677,2018-12-06,teste,651
4055,2014-06-09,teste,652
6605,2021-06-23,teste,653
2602,2010-05-07,teste,654
6723,2021-10-20,teste,655
6508,2021-03-18,teste,656
5842,2019-05-21,teste,657
2337,2009-04-03,teste,658
3206,2012-01-13,teste,659
1559,2007-01-18,teste,660
3332,2012-05-28,teste,661
7875,2024-12-25,teste,662
188,2001-10-01,teste,663
622,2003-07-29,teste,664
1954,2008-03-03,teste,665
8306,2026-08-06,teste,666
4512,2015-09-18,teste,667
6193,2020-05-07,teste,668
7306,2023-05-28,teste,669
7638,2024-05-02,teste,670
3989,2014-04-02,teste,671
7376,2023-08-06,teste,672
7440,2023-10-09,teste,673
6355,2020-10-16,teste,674
5603,2018-09-23,teste,675
8092,2025-07-30,teste,676
6946,2022-06-01,teste,677
4623,2016-01-08,teste,678
8011,2025-05-10,teste,679
6247,2020-06-30,teste,680
2926,2011-04-05,teste,681
4700,2016-03-25,teste,682
6740,2021-11-06,teste,683
2024,2008-05-17,teste,684
6696,2021-09-23,teste,685
3774,2013-08-23,teste,686
2543,2009-12-02,teste,687
6470,2021-02-08,teste,688
6108,2020-02-12,teste,689
6571,2021-05-20,teste,690
7037,2022-09-01,teste,691
6145,2020-03-20,teste,692
4098,2014-07-22,teste,693
4275,2015-01-20,teste,694
6056,2019-12-22,teste,695
2088,2008-07-23,teste,696
7492,2023-12-01,teste,697
483,2002-11-09,teste,698
4755,2016-05-19,teste,699
5138,2017-06-13,teste,700
6638,2021-07-26,teste,701
4091,2014-07-15,teste,702
1488,2006-10-26,teste,703
3169,2011-12-06,teste,704
2794,2010-11-20,teste,705
211,2001-10-27,teste,706
1075,2005-05-09,teste,707
6458,2021-01-27,teste,708
6604,2021-06-22,teste,709
1027,2005-03-21,teste,710
1807,2007-10-03,teste,711
6206,2020-05-20,teste,712
4936,2016-11-16,teste,713
7011,2022-08-06,teste,714
328,2002-04-03,teste,715
1087,2005-05-21,teste,716
6406,2020-12-06,teste,717
58,2001-03-21,teste,718
3018,2011-07-07,teste,719
4291,2015-02-06,teste,720
181,2001-09-24,teste,721
5148,2017-06-23,teste,722
4342,2015-03-29,teste,723
2164,2008-10-07,teste,724
1897,2008-01-05,teste,725
1201,2005-12-12,teste,726
691,2003-10-27,teste,727
1649,2007-04-22,teste,728
3950,2014-02-22,teste,729
4863,2016-09-04,teste,730
2521,2009-11-10,teste,731
6395,2020-11-25,teste,732
1426,2006-08-22,teste,733
1566,2007-01-25,teste,734
1790,2007-09-16,teste,735
5033,2017-02-28,teste,736
5015,2017-02-10,teste,737
1153,2005-08-03,teste,738
5974,2019-10-01,teste,739
1979,2008-04-01,teste,740
1373,2006-06-29,teste,741
2515,2009-11-04,teste,742
351,2002-04-28,teste,743
4888,2016-09-29,teste,744
8093,2025-07-31,teste,745
6346,2020-10-07,teste,746
4526,2015-10-02,teste,747
5235,2017-09-18,teste,748
755,2004-01-07,teste,749
57,2001-03-20,teste,750
4427,2015-06-23,teste,751
4712,2016-04-06,teste,752
1244,2006-01-24,teste,753
2492,2009-10-12,teste,754
6649,2021-08-07,teste,755
701,2003-11-06,teste,756
7278,2023-04-30,teste,757
3661,2013-04-28,teste,758
5531,2018-07-13,teste,759
6650,2021-08-08,teste,760
3244,2012-02-28,teste,761
1103,2005-06-07,teste,762
7446,2023-10-15,teste,763
4716,2016-04-10,teste,764
4638,2016-01-23,teste,765
500,2003-01-23,teste,766
4053,2014-06-07,teste,767
286,2002-02-09,teste,768
1465,2006-10-01,teste,769
1127,2005-07-07,teste,770
3309,2012-05-04,teste,771
2966,2011-05-16,teste,772
6584,2021-06-02,teste,773
323,2002-03-26,teste,774
530,2003-04-04,teste,775
63,2001-03-26,teste,776
8141,2025-09-22,teste,777
2020,2008-05-13,teste,778
251,2001-12-26,teste,779
4575,2015-11-20,teste,780
210,2001-10-26,teste,781
6210,2020-05-24,teste,782
5480,2018-05-23,teste,783
4947,2016-11-27,teste,784
8274,2026-06-29,teste,785
1421,2006-08-17,teste,786
8042,2025-06-10,teste,787
6836,2022-02-10,teste,788
4405,2015-05-31,teste,789
7894,2025-01-13,teste,790
44,2001-03-07,teste,791
6061,2019-12-27,teste,792
748,2003-12-29,teste,793
4217,2014-11-22,teste,794
7529,2024-01-12,teste,795
5812,2019-04-21,teste,796
3614,2013-03-09,teste,797
332,2002-04-07,teste,798
7969,2025-03-29,teste,799
8267,2026-06-18,teste,800
3540,2012-12-25,teste,801
2753,2010-10-10,teste,802
3945,2014-02-17,teste,803
1672,2007-05-17,teste,804
3392,2012-07-29,teste,805
1084,2005-05-18,teste,806
6529,2021-04-08,teste,807
3680,2013-05-17,teste,808
970,2005-01-21,teste,809
3231,2012-02-07,teste,810
3126,2011-10-23,teste,811
1339,2006-05-25,teste,812
3961,2014-03-05,teste,813
3209,2012-01-16,teste,814
2883,2011-02-17,teste,815
6995,2022-07-21,teste,816
2960,2011-05-10,teste,817
6482,2021-02-20,teste,818
8139,2025-09-20,teste,819
3882,2013-12-14,teste,820
5335,2017-12-28,teste,821
506,2003-02-02,teste,822
6587,2021-06-05,teste,823
4359,2015-04-15,teste,824
8119,2025-08-26,teste,825
1694,2007-06-10,teste,826
7218,2023-03-01,teste,827
1419,2006-08-14,teste,828
6272,2020-07-25,teste,829
5935,2019-08-23,teste,830
2181,2008-10-24,teste,831
387,2002-06-10,teste,832
5002,2017-01-28,teste,833
1328,2006-04-29,teste,834
1729,2007-07-15,teste,835
8000,2025-04-29,teste,836
4522,2015-09-28,teste,837
1454,2006-09-19,teste,838
5676,2018-12-05,teste,839
1438,2006-09-03,teste,840
8251,2026-05-20,teste,841
7334,2023-06-25,teste,842
1499,2006-11-08,teste,843
7472,2023-11-11,teste,844
4539,2015-10-15,teste,845
4633,2016-01-18,teste,846
6261,2020-07-14,teste,847
7299,2023-05-21,teste,848
5743,2019-02-11,teste,849
2955,2011-05-05,teste,850
2651,2010-06-29,teste,851
5194,2017-08-08,teste,852
4273,2015-01-18,teste,853
5452,2018-04-25,teste,854
5129,2017-06-04,teste,855
2939,2011-04-19,teste,856
1322,2006-04-23,teste,857
1055,2005-04-18,teste,858
2183,2008-10-26,teste,859
5843,2019-05-22,teste,860
8288,2026-07-18,teste,861
3749,2013-07-29,teste,862
4030,2014-05-15,teste,863
3815,2013-10-05,teste,864
5809,2019-04-18,teste,865
3379,2012-07-16,teste,866
6583,2021-06-01,teste,867
3288,2012-04-13,teste,868
1921,2008-01-29,teste,869
3534,2012-12-19,teste,870
2006,2008-04-28,teste,871
2412,2009-06-17,teste,872
3045,2011-08-03,teste,873
4151,2014-09-15,teste,874
6326,2020-09-17,teste,875
4410,2015-06-06,teste,876
8212,2026-03-06,teste,877
6414,2020-12-14,teste,878
6983,2022-07-08,teste,879
1400,2006-07-26,teste,880
15,2001-02-02,teste,881
8242,2026-05-09,teste,882
6179,2020-04-23,teste,883
5873,2019-06-21,teste,884
3927,2014-01-29,teste,885
7236,2023-03-19,teste,886
3060,2011-08-18,teste,887
5303,2017-11-26,teste,888
2189,2008-11-01,teste,889
2208,2008-11-20,teste,890
2835,2010-12-31,teste,891
5128,2017-06-03,teste,892
586,2003-06-18,teste,893
1582,2007-02-13,teste,894
1850,2007-11-15,teste,895
5433,2018-04-06,teste,896
3509,2012-11-24,teste,897
231,2001-11-29,teste,898
2874,2011-02-08,teste,899
31,2001-02-22,teste,900
4247,2014-12-22,teste,901
4034,2014-05-19,teste,902
7519,2023-12-31,teste,903
5428,2018-03-31,teste,904
8278,2026-07-04,teste,905
5544,2018-07-26,teste,906
1371,2006-06-27,teste,907
5006,2017-02-01,teste,908
8240,2026-05-05,teste,909
5609,2018-09-29,teste,910
3939,2014-02-11,teste,911
75,2001-04-11,teste,912
4161,2014-09-25,teste,913
1871,2007-12-10,teste,914
5680,2018-12-09,teste,915
6280,2020-08-02,teste,916
7862,2024-12-12,teste,917
5825,2019-05-04,teste,918
4921,2016-11-01,teste,919
5834,2019-05-13,teste,920
8045,2025-06-13,teste,921
7947,2025-03-07,teste,922
1281,2006-03-06,teste,923
5229,2017-09-12,teste,924
7411,2023-09-10,teste,925
6651,2021-08-09,teste,926
6564,2021-05-13,teste,927
445,2002-09-26,teste,928
4450,2015-07-18,teste,929
2229,2008-12-11,teste,930
1972,2008-03-25,teste,931
3980,2014-03-24,teste,932
2094,2008-07-29,teste,933
5267,2017-10-21,teste,934
811,2004-03-16,teste,935
1444,2006-09-09,teste,936
2932,2011-04-11,teste,937
4515,2015-09-21,teste,938
3529,2012-12-14,teste,939
2885,2011-02-19,teste,940
4870,2016-09-11,teste,941
5489,2018-06-01,teste,942
2646,2010-06-24,teste,943
1634,2007-04-07,teste,944
4418,2015-06-14,teste,945
3260,2012-03-15,teste,946
2138,2008-09-11,teste,947
5046,2017-03-13,teste,948
2825,2010-12-21,teste,949
2868,2011-02-02,teste,950
2627,2010-06-05,teste,951
6274,2020-07-27,teste,952
4593,2015-12-08,teste,953
4949,2016-11-29,teste,954
2345,2009-04-11,teste,955
1782,2007-09-08,teste,956
800,2004-03-01,teste,957
3541,2012-12-26,teste,958
3438,2012-09-14,teste,959
6008,2019-11-04,teste,960
2498,2009-10-18,teste,961
893,2004-11-02,teste,962
2302,2009-02-27,teste,963
3314,2012-05-09,teste,964
5818,2019-04-27,teste,965
5793,2019-04-02,teste,966
3071,2011-08-29,teste,967
7757,2024-08-29,teste,968
5117,2017-05-23,teste,969
96,2001-05-02,teste,970
2439,2009-08-18,teste,971
1765,2007-08-22,teste,972
1109,2005-06-13,teste,973
7687,2024-06-20,teste,974
4024,2014-05-09,teste,975
6675,2021-09-02,teste,976
8186,2026-01-16,teste,977
5441,2018-04-14,teste,978
5193,2017-08-07,teste,979
5507,2018-06-19,teste,980
4510,2015-09-16,teste,981
6201,2020-05-15,teste,982
7622,2024-04-16,teste,983
5607,2018-09-27,teste,984
4353,2015-04-09,teste,985
1817,2007-10-13,teste,986
4556,2015-11-01,teste,987
1872,2007-12-11,teste,988
2420,2009-06-25,teste,989
2948,2011-04-28,teste,990
5113,2017-05-19,teste,991
5200,2017-08-14,teste,992
8012,2025-05-11,teste,993
6915,2022-05-01,teste,994
5239,2017-09-22,teste,995
3014,2011-07-03,teste,996
4050,2014-06-04,teste,997
2970,2011-05-20,teste,998
8028,2025-05-27,teste,999
6279,2020-08-01,teste,1000
19,2001-02-10,teste,1001
1195,2005-12-06,teste,1002
6479,2021-02-17,teste,1003
420,2002-08-29,teste,1004
7398,2023-08-28,teste,1005
7730,2024-08-02,teste,1006
7424,2023-09-23,teste,1007
8085,2025-07-23,teste,1008
435,2002-09-14,teste,1009
6227,2020-06-10,teste,1010
5697,2018-12-26,teste,1011
4645,2016-01-30,teste,1012
2446,2009-08-25,teste,1013
5540,2018-07-22,teste,1014
7173,2023-01-15,teste,1015
69,2001-04-05,teste,1016
3470,2012-10-16,teste,1017
7840,2024-11-20,teste,1018
5967,2019-09-24,teste,1019
8,2001-01-26,teste,1020
6240,2020-06-23,teste,1021
168,2001-09-11,teste,1022
3132,2011-10-30,teste,1023
7489,2023-11-28,teste,1024
4552,2015-10-28,teste,1025
410,2002-07-16,teste,1026
1677,2007-05-22,teste,1027
1158,2005-08-08,teste,1028
5952,2019-09-09,teste,1029
1793,2007-09-19,teste,1030
7977,2025-04-06,teste,1031
1417,2006-08-12,teste,1032
6499,2021-03-09,teste,1033
3217,2012-01-24,teste,1034
5553,2018-08-04,teste,1035
1691,2007-06-06,teste,1036
1699,2007-06-15,teste,1037
8111,2025-08-18,teste,1038
1558,2007-01-17,teste,1039
1330,2006-05-01,teste,1040
1372,2006-06-28,teste,1041
2684,2010-08-01,teste,1042
7524,2024-01-07,teste,1043
4868,2016-09-09,teste,1044
2473,2009-09-21,teste,1045
3703,2013-06-11,teste,1046
3349,2012-06-16,teste,1047
2569,2010-04-04,teste,1048
7708,2024-07-11,teste,1049
469,2002-10-26,teste,1050
1615,2007-03-19,teste,1051
7053,2022-09-17,teste,1052
5665,2018-11-24,teste,1053
4626,2016-01-11,teste,1054
2115,2008-08-19,teste,1055
2795,2010-11-21,teste,1056
1795,2007-09-21,teste,1057
2572,2010-04-07,teste,1058
6778,2021-12-14,teste,1059
549,2003-04-25,teste,1060
3519,2012-12-04,teste,1061
6596,2021-06-14,teste,1062
2778,2010-11-04,teste,1063
5003,2017-01-29,teste,1064
7938,2025-02-26,teste,1065
1452,2006-09-17,teste,1066
496,2002-12-11,teste,1067
737,2003-12-13,teste,1068
696,2003-11-01,teste,1069
6422,2020-12-22,teste,1070
7536,2024-01-19,teste,1071
5856,2019-06-04,teste,1072
7322,2023-06-13,teste,1073
3570,2013-01-24,teste,1074
2706,2010-08-24,teste,1075
5902,2019-07-21,teste,1076
2522,2009-11-11,teste,1077
1626,2007-03-30,teste,1078
2820,2010-12-16,teste,1079
8292,2026-07-22,teste,1080
2374,2009-05-10,teste,1081
2833,2010-12-29,teste,1082
3405,2012-08-11,teste,1083
5430,2018-04-02,teste,1084
3771,2013-08-20,teste,1085
4302,2015-02-17,teste,1086
3214,2012-01-21,teste,1087
1586,2007-02-17,teste,1088
4704,2016-03-29,teste,1089
1479,2006-10-15,teste,1090
2215,2008-11-27,teste,1091
5300,2017-11-23,teste,1092
3624,2013-03-19,teste,1093
3784,2013-09-02,teste,1094
6214,2020-05-28,teste,1095
2237,2008-12-19,teste,1096
88,2001-04-24,teste,1097
5362,2018-01-24,teste,1098
3720,2013-06-30,teste,1099
3038,2011-07-27,teste,1100
6115,2020-02-19,teste,1101
6332,2020-09-23,teste,1102
1652,2007-04-25,teste,1103
8002,2025-05-01,teste,1104
3282,2012-04-07,teste,1105
3161,2011-11-28,teste,1106
2321,2009-03-18,teste,1107
7821,2024-11-01,teste,1108
4934,2016-11-14,teste,1109
5937,2019-08-25,teste,1110
761,2004-01-13,teste,1111
1775,2007-09-01,teste,1112
1170,2005-08-20,teste,1113
2201,2008-11-13,teste,1114
3063,2011-08-21,teste,1115
6539,2021-04-18,teste,1116
2245,2008-12-27,teste,1117
4046,2014-05-31,teste,1118
6630,2021-07-18,teste,1119
7707,2024-07-10,teste,1120
5916,2019-08-04,teste,1121
7925,2025-02-13,teste,1122
6507,2021-03-17,teste,1123
3932,2014-02-04,teste,1124
6935,2022-05-21,teste,1125
5354,2018-01-16,teste,1126
198,2001-10-11,teste,1127
5934,2019-08-22,teste,1128
1199,2005-12-10,teste,1129
3159,2011-11-26,teste,1130
5018,2017-02-13,teste,1131
7348,2023-07-09,teste,1132
1643,2007-04-16,teste,1133
1783,2007-09-09,teste,1134
8225,2026-04-06,teste,1135
3047,2011-08-05,teste,1136
641,2003-08-28,teste,1137
8281,2026-07-09,teste,1138
7586,2024-03-11,teste,1139
7667,2024-05-31,teste,1140
3834,2013-10-25,teste,1141
1302,2006-03-27,teste,1142
2770,2010-10-27,teste,1143
5940,2019-08-28,teste,1144
4103,2014-07-27,teste,1145
6074,2020-01-09,teste,1146
2754,2010-10-11,teste,1147
3257,2012-03-12,teste,1148
2098,2008-08-02,teste,1149
1565,2007-01-24,teste,1150
2589,2010-04-24,teste,1151
7031,2022-08-26,teste,1152
6088,2020-01-23,teste,1153
6020,2019-11-16,teste,1154
7735,2024-08-07,teste,1155
7754,2024-08-26,teste,1156
4080,2014-07-04,teste,1157
4922,2016-11-02,teste,1158
2227,2008-12-09,teste,1159
7895,2025-01-14,teste,1160
866,2004-05-28,teste,1161
7755,2024-08-27,teste,1162
5666,2018-11-25,teste,1163
535,2003-04-09,teste,1164
3792,2013-09-10,teste,1165
4803,2016-07-06,teste,1166
7834,2024-11-14,teste,1167
8237,2026-05-02,teste,1168
5786,2019-03-26,teste,1169
2941,2011-04-21,teste,1170
5045,2017-03-12,teste,1171
7759,2024-08-31,teste,1172
3184,2011-12-22,teste,1173
132,2001-08-06,teste,1174
5683,2018-12-12,teste,1175
8053,2025-06-21,teste,1176
7454,2023-10-23,teste,1177
6416,2020-12-16,teste,1178
1578,2007-02-09,teste,1179
4054,2014-06-08,teste,1180
7800,2024-10-11,teste,1181
2807,2010-12-03,teste,1182
3941,2014-02-13,teste,1183
1995,2008-04-17,teste,1184
5325,2017-12-18,teste,1185
1297,2006-03-22,teste,1186
601,2003-07-03,teste,1187
3772,2013-08-21,teste,1188
6822,2022-01-27,teste,1189
3238,2012-02-22,teste,1190
5165,2017-07-10,teste,1191
291,2002-02-14,teste,1192
7511,2023-12-21,teste,1193
5009,2017-02-04,teste,1194
5865,2019-06-13,teste,1195
3558,2013-01-12,teste,1196
7471,2023-11-10,teste,1197
4184,2014-10-20,teste,1198
1352,2006-06-07,teste,1199
538,2003-04-12,teste,1200
7070,2022-10-04,teste,1201
87,2001-04-23,teste,1202
3077,2011-09-04,teste,1203
7434,2023-10-03,teste,1204
3910,2014-01-12,teste,1205
5021,2017-02-16,teste,1206
8246,2026-05-13,teste,1207
7709,2024-07-12,teste,1208
2348,2009-04-14,teste,1209
5204,2017-08-18,teste,1210
8029,2025-05-28,teste,1211
1335,2006-05-09,teste,1212
7142,2022-12-15,teste,1213
6037,2019-12-03,teste,1214
3544,2012-12-29,teste,1215
8279,2026-07-05,teste,1216
7705,2024-07-08,teste,1217
6375,2020-11-05,teste,1218
3055,2011-08-13,teste,1219
3154,2011-11-21,teste,1220
3535,2012-12-20,teste,1221
324,2002-03-27,teste,1222
3916,2014-01-18,teste,1223
4962,2016-12-14,teste,1224
6378,2020-11-08,teste,1225
2945,2011-04-25,teste,1226
1617,2007-03-21,teste,1227
4017,2014-05-02,teste,1228
7601,2024-03-26,teste,1229
4112,2014-08-05,teste,1230
2358,2009-04-24,teste,1231
2689,2010-08-07,teste,1232
6509,2021-03-19,teste,1233
2405,2009-06-10,teste,1234
7972,2025-04-01,teste,1235
37,2001-02-28,teste,1236
5639,2018-10-29,teste,1237
7877,2024-12-27,teste,1238
2487,2009-10-05,teste,1239
1123,2005-07-03,teste,1240
812,2004-03-17,teste,1241
5338,2017-12-31,teste,1242
7048,2022-09-12,teste,1243
7527,2024-01-10,teste,1244
7540,2024-01-23,teste,1245
5263,2017-10-17,teste,1246
5789,2019-03-29,teste,1247
6146,2020-03-21,teste,1248
8211,2026-03-05,teste,1249
