data,rn_mj_m2_dia,u2_ms,ur_media_pct,tmax_c,tmin_c,tmedia_inmet_c,eto_pmt
2001-01-18,18.362356084015452,2.1690581179870376,59.2,35.5,23.3,29.2,7.502613673455994
2001-01-19,17.39923110515487,2.3186483330206267,60.4,37.0,24.1,29.3,7.609331346681091
2001-01-20,17.02894584505277,1.9446727954366547,76.3,32.2,22.2,26.5,5.918960132782771
2001-01-21,12.705925854126246,1.5706972578526825,77.4,31.5,23.0,26.4,4.596763235459299
2001-01-22,11.79670013746291,0.9723363977183274,80.7,33.2,21.7,25.2,4.229230946705051
2001-01-23,14.752210591689389,1.4211070428190937,81.5,35.4,22.1,26.0,5.53171146413509
2001-01-24,14.69322557210863,1.271516827785505,79.8,34.7,23.2,26.5,5.3693812620391395
2001-01-25,14.81424972481742,1.4959021503358882,71.8,34.1,23.6,28.1,5.540296321404245
2001-01-26,14.660669696452878,1.7202874728862712,63.9,35.5,25.4,29.5,6.082897919421861
2001-01-27,14.782781016280953,1.4959021503358882,68.3,36.5,24.6,29.1,5.950108777060545
2001-01-28,15.762507900196479,1.7202874728862712,66.2,37.1,24.1,29.6,6.458820766585628
2001-01-29,15.909922766054745,1.795082580403066,63.6,37.9,24.9,29.1,6.904078764372772
2001-01-30,17.208078292901238,1.795082580403066,72.7,34.1,22.3,28.1,6.135728642688351
2001-01-31,16.48795647793532,2.019467902953449,75.5,35.7,23.9,27.8,6.449441324600171
2001-02-01,15.956316846790541,2.094263010470243,76.7,34.9,22.5,26.7,6.180896010912962
2001-02-02,17.756255987082177,2.019467902953449,71.5,36.1,23.3,28.4,6.871486809090055
2001-02-03,17.289868674659363,2.243853225503832,66.1,36.3,22.9,28.9,7.078546321327144
2001-02-08,10.50505355626874,0.7479510751679441,85.0,32.3,24.0,26.7,3.5784658048487894
2001-02-09,14.172993799102674,1.4211070428190937,82.0,34.2,24.1,27.7,5.067615987958945
2001-02-10,13.947785783129293,1.4211070428190937,77.1,36.3,24.0,27.5,5.487295994681613
2001-02-11,13.88427606028954,1.645492365369477,73.2,35.8,22.6,27.9,5.467965051504547
2001-02-12,8.048811663509518,1.4211070428190937,71.5,33.0,23.2,28.3,3.3266191737084956
2001-02-13,14.733063554750489,1.7202874728862712,68.5,33.7,24.0,27.3,5.815056517497993
2001-02-14,16.574655986574104,2.1690581179870376,66.6,35.8,23.1,28.2,6.797489073108116
2001-02-15,16.59699251274001,1.7202874728862712,65.8,37.1,23.4,29.5,6.654712655322512
2001-02-16,15.854523451967381,1.271516827785505,76.0,36.9,22.7,28.0,5.921425123772543
2001-02-17,14.942604872485838,2.094263010470243,73.4,33.8,22.1,27.0,5.7365453368242525
2001-02-18,17.454456021543876,1.4959021503358882,71.3,35.4,23.6,28.8,6.4080326847589415
2001-02-19,17.268648702749058,1.5706972578526825,63.3,35.5,23.1,28.9,6.683369062548575
2001-02-20,17.30047558183713,2.019467902953449,72.2,33.8,21.5,27.4,6.2545700124448125
2001-02-21,16.018692166012713,1.4959021503358882,75.0,34.4,22.8,27.6,5.825570268241275
2001-02-22,12.224889941497032,1.5706972578526825,69.1,33.9,23.8,27.9,4.957042817509549
2001-02-23,16.23143836307272,1.5706972578526825,68.1,36.0,23.1,28.3,6.353104069704561
2001-02-24,15.954469663188279,1.4211070428190937,66.9,35.7,22.9,28.4,6.1139249295328275
2001-02-25,16.17709837047339,1.645492365369477,63.7,36.0,23.3,28.8,6.49118333003166
2001-02-26,15.72517508037722,1.8698776879198602,66.8,35.5,22.4,28.1,6.328001153761492
2001-02-27,14.559770420699728,1.7202874728862712,71.5,33.3,21.6,26.8,5.47000146716737
2001-02-28,11.259389055385665,1.1967217202687106,76.6,31.2,21.5,26.1,3.963071185212358
2001-03-01,14.718041951865448,1.3463119353022994,77.3,33.3,21.0,25.6,5.281878182304328
2001-03-02,13.361119040845958,1.3463119353022994,71.0,32.9,19.8,25.4,5.006838221286983
2001-03-03,15.217926239603706,2.019467902953449,70.1,34.4,21.2,26.3,6.130148112055363
2001-03-04,15.095365607917161,1.8698776879198602,68.3,34.7,21.3,26.6,6.068223580857074
2001-03-05,13.056405590204548,1.8698776879198602,65.4,36.2,20.8,26.5,5.870346151215315
2001-03-06,14.84396136249831,2.3186483330206267,66.1,35.2,20.5,27.4,6.260744231807946
2001-03-07,13.744924508753764,1.795082580403066,59.9,37.5,23.9,29.6,6.185609846161848
2001-03-08,12.406651248628172,1.645492365369477,73.7,34.2,24.7,27.4,5.0514360125007265
2001-03-09,9.464808421113629,1.5706972578526825,73.6,32.3,23.3,26.2,3.975763285639253
2001-03-10,10.293843650388117,1.7202874728862712,76.0,33.7,23.2,26.2,4.416215024279026
2001-03-11,12.155896638535713,1.5706972578526825,82.4,31.2,22.3,25.3,4.322766201187343
2001-03-12,10.61253673126146,1.271516827785505,78.8,30.7,23.0,26.1,3.8037904991973117
2001-03-13,15.566488425288446,1.3463119353022994,73.5,35.2,22.4,27.9,5.7441558144530225
2001-03-14,14.946221343408936,1.645492365369477,69.7,34.9,22.9,28.0,5.823191915677465
2001-03-15,14.976869462592791,1.7202874728862712,65.9,34.0,23.0,27.8,5.914493950418455
2001-03-16,14.502353512654626,1.9446727954366547,65.1,35.1,22.4,27.6,6.0869534073656295
2001-03-17,14.31118695797985,2.019467902953449,72.5,32.8,21.9,27.1,5.3522588951726275
2001-03-18,11.411271746394641,1.271516827785505,81.0,34.2,23.1,26.1,4.382149326287051
2001-03-19,13.058139164172335,2.1690581179870376,68.9,35.4,22.3,27.5,5.725308814377109
2001-03-20,11.246494821108275,1.7202874728862712,72.7,32.4,23.7,26.6,4.584216802981409
2001-03-21,13.12380200664187,1.645492365369477,78.0,33.9,22.5,26.6,5.000644346769814
2001-03-22,14.339336860222046,1.271516827785505,69.2,35.8,22.7,28.4,5.520755800619192
2001-03-23,13.724913310886294,1.8698776879198602,63.9,37.1,22.6,28.9,6.062141452398357
2001-03-24,14.008243561021654,2.019467902953449,66.4,36.8,23.6,29.0,6.166923674720983
2001-03-25,14.113100817298777,1.5706972578526825,75.4,34.1,21.8,26.9,5.288765307088309
2001-03-26,13.238522298080545,2.1690581179870376,68.4,37.0,22.4,28.1,6.0873931223812745
2001-03-27,11.687759677872986,2.019467902953449,71.6,33.6,21.7,26.6,4.924973355805235
2001-03-28,11.270052863772177,1.1967217202687106,78.6,34.9,22.4,26.5,4.370887551147515
2001-03-29,7.828164562167435,2.019467902953449,84.9,30.7,22.0,24.7,3.25455191278577
2001-03-30,5.225981613616889,0.5983608601343553,89.5,27.6,22.2,24.1,1.7205170207506986
2001-03-31,9.256407601966336,0.8227461826847385,82.4,30.5,22.4,25.3,3.1865210742728705
2001-04-05,12.078529978245207,0.7479510751679441,80.2,32.2,22.0,26.0,4.072668478549375
2001-04-06,12.660059468697671,1.795082580403066,72.7,34.4,22.6,27.9,5.034064643078864
2001-04-07,11.059100984342708,1.4959021503358882,82.6,30.6,23.2,26.7,3.772391269637474
2001-04-08,9.037039075387852,0.9723363977183274,85.5,29.6,23.1,24.9,3.103270515361256
2001-04-09,11.027402458803584,0.897541290201533,80.2,31.2,21.4,25.3,3.781363172722518
2001-04-10,11.220490204913055,1.4959021503358882,73.9,33.4,21.9,26.9,4.3690578230499
2001-04-11,11.27132532278428,2.4682385480542153,72.3,32.4,24.6,27.7,4.839632129716469
2001-04-12,9.03943091825615,1.271516827785505,82.8,28.9,22.0,24.5,3.1976417325617454
2001-04-13,9.860286717376567,1.0471315052351216,79.0,28.6,19.4,23.2,3.366229012694082
2001-04-14,10.39813644718448,1.1967217202687106,80.7,29.6,18.1,23.2,3.5392099844725755
2001-04-15,10.000311667030868,1.0471315052351216,80.5,30.1,20.3,24.3,3.4607235744895317
2001-04-16,11.087234182044737,1.1967217202687106,80.4,28.7,20.0,23.9,3.6699605347181494
2001-04-17,10.385653071245237,1.3463119353022994,80.6,28.4,19.1,23.3,3.49935599556319
2001-04-18,9.518167615295269,1.4959021503358882,82.0,28.2,18.2,22.7,3.261358907643315
2001-04-19,11.126055895235325,1.1967217202687106,77.0,31.9,20.1,24.9,4.068732616423189
2001-04-20,10.53876566706986,1.5706972578526825,66.5,33.6,21.2,26.4,4.546288099931341
2001-04-21,10.621140748386107,1.5706972578526825,69.5,34.9,19.9,26.2,4.596973946050101
2001-04-22,10.649950502474269,1.4959021503358882,78.5,35.7,21.1,26.1,4.475046507528193
2001-04-23,10.481555902527962,1.271516827785505,68.9,35.6,23.2,28.2,4.44619128482864
2001-04-24,10.466419962572619,1.8698776879198602,60.9,35.1,22.6,28.6,4.970644997460879
2001-04-25,10.166711632254549,1.7202874728862712,77.9,31.0,20.7,25.8,3.728497723510498
2001-04-26,9.932018853629376,1.4959021503358882,71.8,32.7,22.3,26.2,4.1494502634856225
2001-04-27,9.776039195688913,1.3463119353022994,62.7,34.4,20.2,26.5,4.347356127477641
2001-04-28,9.680556509574673,1.271516827785505,64.7,34.9,18.8,26.1,4.2535739819267215
2001-04-29,9.716390426375458,1.795082580403066,69.4,34.4,20.2,26.8,4.357564038305963
2001-04-30,8.424768886817006,1.271516827785505,78.8,30.8,21.0,25.2,3.167489832453264
2001-05-01,9.790208080077761,1.121926612751916,73.5,32.7,19.8,25.3,3.7721735050425127
2001-05-02,9.768694042661952,2.019467902953449,64.3,34.3,21.4,27.7,4.648417247659902
2001-05-03,9.595216640838737,1.8698776879198602,63.4,35.0,21.9,27.8,4.726082667710086
2001-05-04,7.886096443490499,2.019467902953449,68.9,33.6,21.5,26.4,4.0534010234340485
2001-05-05,3.03684678733908,2.019467902953449,84.5,25.3,19.8,21.1,1.6985985088019433
2001-05-06,7.703052444439263,2.094263010470243,71.1,25.7,14.9,19.6,3.2626387923676528
2001-05-07,5.91554995089082,1.7202874728862712,74.3,25.7,17.0,20.7,2.529472574821904
2001-05-08,8.644952022175225,1.4211070428190937,76.5,27.3,14.4,20.1,3.171311964560172
2001-05-09,8.44105359335915,1.3463119353022994,78.8,29.3,15.6,20.8,3.283189601171499
2001-05-10,7.875092562287295,1.9446727954366547,68.1,33.7,17.7,23.4,4.318854554232005
2001-05-11,7.8571792317600195,2.019467902953449,72.4,30.8,18.4,24.1,3.568764440479753
2001-05-12,3.650482735851208,1.5706972578526825,91.7,23.6,20.8,21.4,1.3315544717561079
2001-05-13,4.112994624252116,1.4959021503358882,90.5,24.3,19.8,20.8,1.5707297500142103
2001-05-19,7.230646781275275,2.1690581179870376,72.4,25.8,16.6,20.9,3.068434538444196
2001-05-20,6.733749283943891,1.0471315052351216,81.3,26.5,18.4,21.4,2.398935104482535
2001-05-21,7.768045694634383,1.0471315052351216,78.8,27.4,15.8,20.7,2.7498148449557935
2001-05-22,7.351234388905581,1.795082580403066,65.2,29.3,16.3,22.6,3.437763475505798
2001-05-23,4.768700407152487,2.1690581179870376,64.9,26.8,21.1,23.4,2.9098938116880313
2001-05-24,3.6225070497047063,0.897541290201533,89.1,23.5,19.0,20.8,1.2196781728878088
2001-07-18,6.415033708001914,2.1690581179870376,43.9,32.5,20.2,25.6,4.689913869857135
2001-07-19,6.470860834725376,1.645492365369477,68.8,28.9,19.5,23.8,3.004254915582789
2001-07-20,7.074130464906713,2.019467902953449,58.2,34.5,17.8,26.2,4.330967653419157
2001-07-21,6.617125875499798,2.692623870604599,55.1,35.9,24.9,27.0,5.600697538779791
2001-07-22,3.0845402847766468,2.1690581179870376,93.2,22.4,20.5,20.5,1.2449562791932192
2001-07-23,3.1478494410823434,1.3463119353022994,93.0,19.1,16.5,17.5,0.964675930711488
2001-07-24,6.196072229244294,1.0471315052351216,83.3,25.2,17.0,20.1,2.144900079407979
2001-07-25,5.722787184419761,1.7202874728862712,85.6,24.3,18.6,20.9,2.026655745326107
2001-07-26,7.418213788182786,1.645492365369477,79.5,32.3,17.6,22.6,3.4646493911182605
2001-07-28,2.5727966862123433,2.9170091931549815,90.9,20.4,17.0,16.9,1.4662128220594246
2001-07-29,6.272874261060264,0.9723363977183274,76.6,21.5,11.1,16.3,2.004410723089515
2001-07-30,7.872219299853377,1.121926612751916,75.5,25.6,12.8,18.7,2.7394800628574068
2001-07-31,8.038758150158323,1.271516827785505,71.7,28.3,13.6,20.3,3.149300929270957
2001-08-01,8.297996262929876,2.1690581179870376,69.4,31.0,15.6,21.7,4.185378235151081
2001-08-02,8.243459563200126,1.7202874728862712,74.9,30.1,13.0,20.3,3.581561504202679
2001-08-03,8.079839301462627,1.271516827785505,78.9,28.2,17.1,21.8,2.9301675516472705
2001-08-04,8.781951325989532,1.4959021503358882,77.3,29.7,16.7,22.1,3.439787513857065
2001-08-05,8.439458820268294,1.645492365369477,79.7,27.9,16.4,20.7,3.2419341506850072
2001-08-06,6.875647123237602,0.8227461826847385,75.3,27.2,16.5,21.1,2.458643223728146
2001-08-07,8.750378682843328,1.3463119353022994,72.3,28.9,13.8,20.7,3.4111456321368485
2001-08-08,8.522185438174326,2.094263010470243,74.1,27.4,14.5,20.5,3.450643191916444
2001-08-09,8.64197606514087,1.7202874728862712,75.3,28.2,15.3,20.5,3.527454770881661
2001-08-10,8.588214721144208,1.7202874728862712,80.2,28.1,14.2,20.0,3.2675658727563546
2001-08-11,8.824817255087181,1.5706972578526825,81.0,27.1,15.7,20.8,3.083937522948301
2001-08-12,7.839735865994015,1.121926612751916,80.0,27.8,14.9,20.3,2.8144728543176223
2001-08-13,8.223422145671904,0.897541290201533,71.9,28.5,15.3,21.3,2.959627227184425
2001-08-14,8.945497485597453,1.1967217202687106,69.1,28.2,14.5,20.9,3.3698713155472633
2001-08-15,8.316092412735976,1.795082580403066,70.6,26.6,14.5,20.6,3.266859969671409
2001-08-16,8.762436469860189,1.1967217202687106,61.6,27.9,15.0,21.1,3.4654936208133424
2001-08-17,9.076797087132793,1.5706972578526825,68.1,29.7,14.6,21.3,3.8373201020551035
2001-08-18,8.317823964726397,1.7202874728862712,68.0,30.2,15.5,22.9,3.6536185075896324
2001-08-19,9.564981233392281,1.5706972578526825,68.5,31.3,16.3,23.7,3.977317710141005
2001-08-20,9.197083825717193,2.1690581179870376,62.3,32.2,16.8,23.6,4.754724443933141
2001-08-21,8.53665489962872,1.5706972578526825,75.6,28.7,16.2,21.2,3.3860261126515634
2001-08-22,5.113883086967735,1.271516827785505,79.3,25.7,17.9,21.1,2.0297772007480677
2001-08-23,6.412806952244178,0.9723363977183274,78.9,27.5,18.7,22.1,2.366357057171122
2001-08-24,6.906196350611802,1.8698776879198602,62.1,30.1,19.9,24.2,3.657178747186079
2001-08-25,9.020778914683383,1.9446727954366547,61.3,31.9,20.1,24.8,4.463901661918942
2001-08-26,9.574681759240335,2.3186483330206267,67.5,32.9,18.6,24.4,4.736271096778656
2001-08-27,5.242326053053112,1.645492365369477,64.3,30.5,21.1,25.4,2.936977284260662
2001-08-28,9.524727616610159,2.094263010470243,68.9,31.3,21.5,24.7,4.427280898279196
2001-08-29,8.54294490597034,1.4211070428190937,78.0,31.7,20.2,24.1,3.5432768668185854
2001-08-30,7.328299576222907,1.5706972578526825,68.8,30.2,20.2,24.7,3.326971508088264
2001-08-31,9.983773218563641,1.8698776879198602,61.7,32.4,19.8,25.6,4.624877811356385
2001-09-01,10.586457244095593,1.8698776879198602,66.1,32.1,19.5,25.1,4.667587952417637
2001-09-02,10.456210452597933,2.243853225503832,58.5,32.8,19.2,25.6,5.269994541144838
2001-09-03,10.677154161803344,1.9446727954366547,59.5,32.5,18.6,25.3,4.9835330215203735
2001-09-04,10.522189686693004,2.1690581179870376,64.7,34.0,18.4,24.7,5.205330867759413
2001-09-05,8.794331850367534,2.3186483330206267,81.4,27.0,20.3,22.7,3.327334955457783
2001-09-06,8.501943354021746,1.8698776879198602,81.8,27.5,19.4,22.2,3.1901397278712276
2001-09-07,6.211399456353067,1.645492365369477,72.7,24.1,19.2,20.7,2.6334975046513796
2001-09-08,10.832893868532285,1.5706972578526825,72.2,29.0,13.6,20.2,4.095364039512645
2001-09-09,11.491305101197632,1.8698776879198602,78.9,28.2,16.5,21.4,4.049679800186762
2001-09-10,10.668624520827255,2.3186483330206267,76.6,32.2,16.8,22.2,4.780939846881375
2001-09-11,2.8995772967762123,1.9446727954366547,89.9,22.7,19.0,20.1,1.2311967321821
2001-09-12,7.443718751483534,1.4959021503358882,70.8,23.8,17.1,19.9,2.854349304811997
2001-09-13,9.942093421457814,1.645492365369477,61.4,28.9,18.0,22.9,4.196437821362402
2001-09-14,3.9102655867656724,2.3186483330206267,69.5,25.7,22.0,23.6,2.4941494244023596
2001-09-15,3.9501204015553264,2.243853225503832,80.3,26.0,21.5,22.7,2.150236812079099
2001-09-16,4.680028090124658,1.9446727954366547,84.4,23.2,18.5,19.7,1.9529875478184604
2001-09-17,10.232320537242305,2.6178287630878043,65.4,22.5,13.2,17.5,3.878465550862287
2001-09-18,7.576720222440174,1.121926612751916,79.3,22.8,13.6,17.6,2.433863642293081
2001-09-19,12.441823791188433,0.9723363977183274,67.6,26.7,13.1,19.8,4.015977620939389
2001-09-20,11.379391492318646,1.7202874728862712,66.6,28.9,13.5,21.0,4.370675778135826
2001-09-21,10.451730019777427,1.5706972578526825,66.8,29.0,17.3,22.4,4.099401912027803
2001-09-22,8.164257235153856,1.1967217202687106,71.3,26.1,16.0,21.5,2.8823684038952355
2001-09-23,8.83363811685388,1.4211070428190937,73.8,27.6,15.8,21.4,3.245774597874411
2001-09-24,13.02388816506205,1.7202874728862712,72.5,32.6,16.4,23.1,5.116221325519716
2001-09-25,12.54907023705507,2.393443440537421,69.2,35.2,19.4,24.9,5.999282823216265
2001-09-26,8.186229566077605,1.1967217202687106,77.9,32.7,20.9,24.9,3.33144977992262
2001-09-27,3.4723592419616542,1.9446727954366547,87.1,24.0,22.2,22.1,1.5887971447807512
2001-09-28,4.332277745649009,1.1967217202687106,86.5,23.0,19.6,20.5,1.5597518832172372
2001-09-29,4.704699041509346,0.8227461826847385,81.4,23.8,18.1,20.4,1.6268115206895937
2001-09-30,9.037084307532034,1.4959021503358882,73.5,27.6,17.3,21.6,3.4247686026980695
2001-10-01,7.147397911118846,3.141394515705365,66.3,29.1,19.2,23.9,4.0265294981072275
2001-10-02,8.529105640247296,2.4682385480542153,67.7,31.4,19.3,25.3,4.178558135687358
2001-10-03,13.5702963688794,2.692623870604599,59.7,33.4,23.4,26.0,6.613259340649809
2001-10-04,14.132097994279356,2.019467902953449,65.5,30.8,15.7,22.2,5.602909566298557
2001-10-05,13.947643627146782,1.9446727954366547,71.0,27.5,16.1,21.4,4.837462949347349
2001-10-06,14.938551559460745,1.8698776879198602,76.3,26.9,15.7,21.1,4.744374109765338
2001-10-07,4.562596835561301,0.9723363977183274,82.0,23.2,16.8,20.2,1.528787141137427
2001-10-08,3.4901351879565343,1.271516827785505,87.7,21.3,18.5,19.2,1.2704682840492378
2001-10-09,5.7587633041951,0.9723363977183274,85.3,23.0,17.1,19.7,1.8325516098939063
2001-10-10,12.691105954858516,2.393443440537421,66.1,30.8,18.7,24.4,5.238752240737658
2001-10-11,13.621484876838878,2.094263010470243,73.7,30.4,18.5,23.3,5.087190138836534
2001-10-12,14.23599549436505,2.1690581179870376,78.7,28.7,17.2,21.7,4.910438243246924
2001-10-15,13.975866339227696,1.8698776879198602,76.0,30.5,17.2,22.3,5.099019197041277
2001-10-16,13.048435480404166,2.243853225503832,75.8,29.3,19.4,22.4,4.974739186799631
2001-10-17,10.299052046676293,1.9446727954366547,75.4,29.9,20.0,22.9,4.236515498902277
2001-10-18,13.090501176475874,2.1690581179870376,77.7,29.2,18.9,23.3,4.629520479285509
2001-10-19,10.555564246793564,1.271516827785505,78.0,31.8,19.7,23.9,3.9857605325527823
2001-10-20,5.165464135479819,1.7202874728862712,93.0,23.9,19.3,21.0,1.6309097323001496
2001-10-21,15.145837551969375,2.019467902953449,84.3,26.9,20.1,22.3,4.743226393510444
2001-10-22,6.585040520912269,1.1967217202687106,89.5,24.7,19.0,20.6,2.156177513514885
2001-10-23,14.244272874247208,1.8698776879198602,81.8,27.4,18.3,21.9,4.544077005280716
2001-10-24,4.704637105130271,2.1690581179870376,82.8,23.6,20.7,21.6,1.9670350723357846
2001-10-26,13.970734780618312,1.5706972578526825,67.5,28.2,18.7,22.4,4.988774043030398
2001-10-27,15.615657110517908,1.795082580403066,65.8,29.6,17.2,22.5,5.678877265017728
2001-10-28,16.45323886564884,2.019467902953449,66.1,32.2,16.2,22.8,6.359163262272403
2001-10-29,16.183261424485686,1.8698776879198602,61.3,34.1,17.2,24.6,6.575457778335791
2001-10-30,16.322892684219966,2.1690581179870376,61.6,35.0,18.0,25.1,7.032149876286944
2001-10-31,10.775325891988633,1.5706972578526825,81.6,26.8,17.7,21.5,3.5384043503676104
2001-11-01,13.373108535023057,1.9446727954366547,82.9,28.7,18.4,22.0,4.5543052708130345
2001-11-02,11.656515915224867,1.645492365369477,80.4,26.1,18.7,22.0,3.7394055559677746
2001-11-03,3.807695724874725,1.271516827785505,92.7,20.6,18.8,19.3,1.1710273130767141
2001-11-04,3.686430885267954,1.1967217202687106,94.8,19.8,18.1,18.6,1.0558325442214185
2001-11-05,5.183270449299286,1.121926612751916,92.4,23.1,18.4,19.8,1.6332604009520275
2001-11-09,14.533499663149168,2.094263010470243,80.8,28.9,22.3,24.4,4.955167414632964
2001-11-10,15.84519799571378,1.4959021503358882,76.5,30.6,22.0,25.5,5.362110679692248
2001-11-12,6.9937750692510345,1.4959021503358882,85.3,27.9,21.9,23.6,2.610651022294831
2001-11-16,8.075009587829737,1.4959021503358882,89.2,28.3,22.3,23.7,2.8359845733849274
2001-11-17,5.304181104421808,1.1967217202687106,91.2,25.7,22.2,23.0,1.794624196575513
2001-11-24,17.902951554080722,2.3186483330206267,64.8,35.8,22.0,27.8,7.308129149238931
2001-11-25,18.150962797241384,2.4682385480542153,77.1,32.0,20.9,25.6,6.324457419559411
2001-11-26,17.315585955570402,1.8698776879198602,78.8,31.7,21.8,25.8,5.898177701846723
2001-11-27,17.59719873073372,2.094263010470243,65.2,35.5,22.1,27.7,7.07436590870719
2001-11-28,13.021452320921156,1.5706972578526825,81.5,29.9,21.9,25.1,4.4003915802477716
2001-11-29,14.785870070960275,1.4959021503358882,75.6,31.4,21.7,25.5,5.203237049908387
2001-11-30,8.528309560148667,1.3463119353022994,77.7,30.2,22.1,25.7,3.1973947146759376
2001-12-01,9.23782462464711,2.393443440537421,73.2,29.6,24.1,25.5,4.121273746509818
2001-12-02,18.53821391269186,1.8698776879198602,69.4,28.1,17.1,22.6,6.0205310560865515
2001-12-04,17.707573431870777,1.5706972578526825,60.1,31.4,19.9,25.1,6.45417267494894
2001-12-05,16.669526047009356,1.4211070428190937,66.4,33.6,18.6,25.8,6.056680831477411
2001-12-06,11.839418843668458,2.243853225503832,63.5,33.4,24.6,28.0,5.46199660863883
2001-12-10,12.804129194061499,1.7202874728862712,82.3,30.4,22.7,25.7,4.3933076937763555
2001-12-11,18.041340070415423,2.1690581179870376,74.5,34.7,22.5,27.1,6.79941707211524
2001-12-12,16.52634584953885,1.795082580403066,72.4,35.1,20.9,26.9,6.285337053380548
2001-12-13,12.45436605498882,1.4959021503358882,79.4,35.0,22.8,25.8,5.005340410257056
2001-12-14,6.753982076551315,0.9723363977183274,81.9,29.6,20.8,25.3,2.36198525093588
2001-12-16,6.285530468487118,1.3463119353022994,92.5,26.6,22.4,23.1,2.158903946053869
2001-12-18,16.08057058129279,1.7202874728862712,77.1,34.3,22.3,27.3,5.813376834273092
2001-12-20,14.994709586564877,2.019467902953449,73.3,35.9,24.2,27.9,6.175365397301431
2001-12-21,15.017957640804582,1.7202874728862712,69.4,34.7,22.7,27.5,5.869683916001693
2001-12-22,10.950140414008372,1.8698776879198602,65.9,34.3,25.3,27.9,5.063427949026134
2001-12-23,8.535606734958886,1.8698776879198602,67.8,32.8,22.1,28.1,3.774150301850723
2001-12-24,4.964976516983694,2.9170091931549815,89.4,24.0,21.2,22.1,1.8558099082861104
2001-12-25,8.37664198015936,1.0471315052351216,79.7,25.4,19.5,22.2,2.7373328234453576
2001-12-26,6.505019055812934,1.121926612751916,88.5,23.9,20.6,22.0,2.0140225904015256
2001-12-27,13.37945610071687,1.4211070428190937,82.6,28.8,20.0,23.8,4.288592169262312
2001-12-28,12.751661980649974,1.5706972578526825,77.5,32.6,21.7,25.3,4.820948832986927
2001-12-29,9.835487123830738,1.7202874728862712,73.3,29.7,22.3,25.3,3.8592460227860617
2001-12-30,7.525369425334952,0.7479510751679441,88.6,29.7,22.3,23.9,2.5946424727172337
2001-12-31,18.092662893853937,1.5706972578526825,79.5,30.7,21.3,25.4,5.836836671046753
2002-01-02,13.673753957881644,1.8698776879198602,69.4,33.7,24.8,27.7,5.571159948753069
2002-01-03,14.8643103223927,2.1690581179870376,77.7,30.0,23.7,26.6,5.088550711255451
2002-01-04,18.40488327794489,1.5706972578526825,75.7,30.7,22.7,26.4,6.071535258024757
2002-01-05,13.589270795025381,1.271516827785505,75.3,31.1,22.4,26.2,4.711358724346578
2002-01-06,17.70527761554903,1.5706972578526825,67.6,34.7,22.3,28.0,6.545406184872944
2002-01-07,11.315241841115082,1.645492365369477,64.7,34.1,24.6,29.0,4.842111670417459
2002-01-08,9.646619769111783,2.094263010470243,63.0,33.3,26.9,29.2,4.74550694257449
2002-01-09,16.2053543733803,2.094263010470243,77.2,34.3,23.8,27.5,6.095312421330613
2002-01-14,11.117585872818509,1.1967217202687106,86.0,31.9,21.7,24.5,3.9552528141064736
2002-01-15,10.125372923114877,1.1967217202687106,87.3,30.2,23.1,24.7,3.5276122085562847
2002-01-16,10.384190947558604,2.9170091931549815,82.7,26.3,22.4,23.6,3.7534050224768722
2002-01-17,13.32289894048774,1.5706972578526825,73.6,27.5,18.7,22.9,4.446629775482886
2002-01-18,5.7057469414112365,0.5235657526175608,85.9,24.3,21.1,21.9,1.805479529321027
2002-01-19,6.222264107818417,0.9723363977183274,90.1,24.8,19.2,21.1,1.9712641151114036
2002-01-22,17.142611211431685,1.5706972578526825,74.8,36.9,21.9,27.7,6.497289237540881
2002-01-23,11.198292029643145,1.3463119353022994,80.1,35.4,24.5,26.8,4.558910143250476
2002-01-24,13.338489536650984,1.9446727954366547,78.8,29.9,22.7,25.9,4.604176955313603
2002-01-25,14.292890975352835,1.3463119353022994,77.4,35.3,22.4,27.2,5.313116358050835
2002-01-26,17.686936935697084,2.1690581179870376,68.3,37.6,22.6,28.5,7.337529023148972
2002-01-27,18.427509854615305,2.243853225503832,62.5,35.0,25.2,29.7,7.346512630939355
2002-01-28,16.575764321667293,1.7202874728862712,63.0,37.9,25.0,30.0,6.924985199832027
2002-02-01,11.474915350658343,1.4959021503358882,79.0,35.3,24.8,27.3,4.702600023564208
2002-02-02,7.196325474346651,1.645492365369477,82.4,31.7,22.5,25.7,3.0198707382214307
2002-02-03,8.688816967900504,1.4211070428190937,87.8,26.4,20.0,22.8,2.7394777592975705
2002-02-04,17.046784090875157,1.5706972578526825,76.8,28.5,18.3,23.0,5.415912432489488
2002-02-05,17.336789566090587,1.795082580403066,73.4,31.8,18.8,24.3,6.041398652257873
2002-02-06,15.169508872723565,1.4959021503358882,74.0,32.8,21.6,26.4,5.412013093837475
2002-02-07,6.970913118008269,0.8227461826847385,82.6,30.0,21.8,25.0,2.4703109180200427
2002-02-08,7.917579054112483,1.3463119353022994,74.6,31.7,23.1,27.0,3.205399243794917
2002-02-09,6.315121161915341,1.271516827785505,78.7,28.9,24.1,25.8,2.503504793695418
2002-02-10,11.64067845622841,1.7202874728862712,77.0,32.7,22.8,26.5,4.521895779244539
2002-02-11,15.632848933530651,2.4682385480542153,68.2,35.0,23.2,27.7,6.5871730607300645
2002-02-12,17.286230220846797,1.8698776879198602,67.4,34.1,24.0,27.7,6.674677224023286
2002-02-13,17.385084588527036,1.4959021503358882,70.9,34.3,21.4,27.1,6.2909493968862655
2002-02-14,15.133644658689255,1.8698776879198602,77.8,34.3,22.6,26.4,5.788027692924027
2002-02-15,15.911096585543673,1.7202874728862712,77.6,32.9,22.1,26.1,5.68809766540771
2002-02-16,11.599344023103857,1.795082580403066,77.2,31.0,22.2,25.6,4.331954786949668
2002-02-17,7.932456662280017,1.4211070428190937,86.4,27.6,22.0,24.1,2.7034513237655045
2002-02-18,11.969033674776465,1.271516827785505,80.3,28.6,20.5,23.8,3.9818824922260396
2002-02-19,9.285606831017994,0.5983608601343553,80.8,28.6,19.6,23.6,2.983027343368606
2002-02-20,6.655236518928068,0.5983608601343553,86.8,27.4,21.8,23.9,2.148690400864233
2002-02-21,6.861735239433116,0.8227461826847385,83.1,30.6,23.1,26.1,2.450891514154195
2002-02-22,7.461684481544565,1.1967217202687106,74.9,32.3,23.7,27.7,2.988984255808856
2002-02-23,7.1464802214328405,1.1967217202687106,83.9,29.3,24.3,25.8,2.627404548756534
2002-03-02,14.872812029475043,2.019467902953449,74.6,33.4,23.1,27.4,5.581800411394914
2002-03-03,15.144331576199525,1.4211070428190937,80.6,33.2,22.1,26.6,5.254123063392774
2002-03-04,15.841516128657243,1.3463119353022994,74.2,35.1,20.8,26.4,5.8192081717452595
2002-03-05,16.143186682504265,1.645492365369477,71.0,35.3,21.8,27.3,6.1891534231111915
2002-03-06,15.893443992987889,1.9446727954366547,67.0,35.3,22.3,28.1,6.324749282200447
2002-03-07,14.42981210506112,1.3463119353022994,67.9,36.4,23.5,28.3,5.733791982101387
2002-03-08,14.805096980111252,1.9446727954366547,65.1,36.5,24.1,29.2,6.311106157731901
2002-03-09,14.924368483425337,2.094263010470243,70.5,35.9,23.6,28.5,6.15960888098126
2002-03-10,15.416954736965966,1.9446727954366547,64.3,35.6,23.4,28.6,6.415258452738048
2002-03-11,15.047335170971007,1.7202874728862712,64.6,34.8,22.7,28.2,6.0474971362133205
2002-03-12,14.80117197470302,2.019467902953449,63.1,36.9,22.7,29.0,6.466895540979165
2002-03-13,14.775528131177213,2.019467902953449,64.9,36.7,23.9,29.0,6.4247510438363316
2002-03-14,13.85358501647187,1.795082580403066,69.4,34.7,23.9,28.2,5.5989401850684315
2002-03-15,8.934727827461233,1.795082580403066,74.9,32.7,22.8,26.0,3.939769591864081
2002-03-18,14.57991232479818,1.9446727954366547,67.3,37.4,24.2,29.1,6.377978917030069
2002-03-19,13.965301777867143,1.8698776879198602,66.9,36.8,24.3,29.0,6.071108398776813
2002-03-20,13.221518027441682,2.019467902953449,60.3,38.7,24.8,30.5,6.410864485563486
2002-03-21,6.870991463127993,1.8698776879198602,83.0,29.4,22.8,25.2,2.777121073277867
2002-03-22,7.519475254122263,0.897541290201533,82.3,28.0,19.9,23.2,2.5677400526187166
2002-03-23,13.380955013422952,1.3463119353022994,71.2,31.6,19.3,25.2,4.803728683002938
2002-03-24,11.465098054916764,2.094263010470243,64.2,34.5,23.2,27.7,5.32883181325453
2002-03-25,6.474378365013044,1.7202874728862712,83.6,31.7,22.5,25.4,2.855874902774433
2002-03-26,9.593575418081631,1.271516827785505,84.1,30.4,22.3,25.5,3.348124988423691
2002-03-27,10.928817817635712,1.3463119353022994,82.5,33.2,22.9,25.8,4.13301037909571
2002-03-28,12.910011881611982,1.645492365369477,80.0,31.8,21.3,26.0,4.511317566240075
2002-03-29,13.005178485764668,1.121926612751916,74.5,33.8,22.6,27.3,4.736927280011455
2002-04-02,12.322628324879403,1.9446727954366547,71.9,34.5,21.4,27.6,5.0190211057329135
2002-04-03,9.82541369639268,1.121926612751916,83.3,31.8,23.4,26.7,3.4573390785394955
2002-04-04,8.903727327655435,1.3463119353022994,82.6,30.8,21.1,24.3,3.337319747894521
2002-04-05,11.709399854684085,1.3463119353022994,80.7,30.6,19.8,24.0,4.100433780516752
2002-04-06,10.740089669859241,0.9723363977183274,79.9,30.9,20.2,24.6,3.6891183562873064
2002-04-07,9.233632452002905,1.1967217202687106,81.4,30.5,20.5,24.1,3.354142632505426
2002-04-08,10.674267584255594,1.3463119353022994,80.7,29.7,19.5,23.6,3.7267808110943683
2002-04-09,11.418140539974075,1.3463119353022994,79.1,29.7,19.5,24.0,3.9252465277891444
2002-04-10,10.739103864520104,0.897541290201533,76.3,30.9,19.5,24.5,3.711924234480499
2002-04-11,11.17886160992851,1.645492365369477,72.8,33.1,19.5,25.2,4.531012509376375
2002-04-12,10.779007362406645,1.4959021503358882,69.9,35.4,21.0,26.7,4.671273566708518
2002-04-13,10.151549004474363,1.4959021503358882,81.4,30.7,19.9,24.5,3.6549197827954494
2002-04-14,7.772066636361779,0.897541290201533,84.1,29.8,22.5,25.1,2.719987461850826
2002-04-15,9.759671206626116,1.0471315052351216,77.5,30.4,20.1,24.6,3.4450269997901932
2002-04-16,10.533031009075067,1.121926612751916,73.5,31.0,19.3,24.9,3.7945013925815863
2002-04-19,9.308872104604411,0.9723363977183274,82.8,31.6,22.3,25.4,3.33439862655661
2002-04-20,10.470947448808715,1.645492365369477,75.3,33.8,19.8,25.9,4.298260541450485
2002-04-21,10.146374281635278,1.9446727954366547,82.1,30.4,21.4,25.2,3.72629946662224
2002-04-22,8.424001206398213,1.4959021503358882,83.9,30.1,21.9,25.5,3.021032891311018
2002-04-23,10.237096341382259,0.9723363977183274,77.5,32.6,21.8,25.9,3.747898758574858
2002-04-24,10.03349024947962,1.7202874728862712,68.2,33.1,19.9,26.0,4.3758012986125525
2002-04-25,9.339922320962181,1.7202874728862712,55.0,35.5,22.4,27.8,4.911635198557299
2002-04-26,8.962307259048792,1.4959021503358882,60.6,35.2,21.1,26.8,4.455084887995193
2002-04-27,9.428221934479867,2.393443440537421,74.1,30.9,20.1,24.9,4.073796453836992
2002-04-28,4.237229520123384,1.4959021503358882,86.0,25.2,21.9,23.1,1.6193312482964732
2002-04-29,9.777742971193039,0.9723363977183274,76.8,31.5,20.0,24.7,3.5278342524433364
2002-04-30,9.441250077964515,1.8698776879198602,63.0,35.3,21.3,27.7,4.688720262186926
2002-05-01,4.527474338452714,1.271516827785505,85.9,26.2,21.6,23.4,1.6893344273827002
2002-05-04,7.466422204311565,1.271516827785505,82.8,28.6,20.1,23.6,2.7053719094522215
2002-05-05,7.584950754213971,0.7479510751679441,82.2,29.8,20.0,24.3,2.5883379563406255
2002-05-06,7.3932312262585,0.8227461826847385,85.7,30.1,21.0,23.9,2.60228106293397
2002-05-07,7.818594014864555,1.0471315052351216,84.3,29.5,21.1,24.5,2.724239699276795
2002-05-09,6.7067135731562555,1.4211070428190937,84.7,29.0,20.3,23.2,2.60202344560759
2002-05-11,8.42349686737462,0.8227461826847385,81.3,30.1,20.1,24.3,2.900256969050138
2002-05-12,8.374009607114006,0.6731559676511497,81.4,30.3,20.8,24.4,2.870741797669363
2002-05-13,8.512478940561497,1.271516827785505,76.0,30.9,19.7,24.8,3.2845535257913623
2002-05-15,8.566867335870409,1.9446727954366547,65.1,32.4,20.6,26.2,4.093599841093498
2002-05-16,8.04974266330993,1.8698776879198602,58.6,34.7,22.8,27.2,4.5434603639178865
2002-05-17,5.9849776276149225,0.897541290201533,85.1,27.7,21.5,23.7,2.10320926546225
2002-05-18,7.9094431686093625,1.121926612751916,80.3,30.5,18.1,23.1,2.9763852362427388
2002-05-19,6.080529234679973,2.4682385480542153,72.1,30.3,21.1,24.8,3.3738099346798216
2002-05-20,7.1881219108203815,1.5706972578526825,69.3,31.1,20.8,24.6,3.374761721242137
2002-05-21,4.752501573300123,1.9446727954366547,76.6,29.8,20.7,24.4,2.5557080366002305
2002-05-22,3.639629181303898,1.0471315052351216,92.4,22.8,19.0,19.8,1.244754544596009
2002-05-24,6.656363419173893,1.271516827785505,84.9,24.0,15.3,18.8,2.2180090670575394
2002-05-25,5.347373694248568,0.897541290201533,86.0,23.2,14.9,18.4,1.713978580574349
2002-05-26,7.724487484918462,0.8227461826847385,78.2,25.4,14.9,19.4,2.5426507376685588
2002-05-27,7.423123742510384,1.0471315052351216,76.8,26.2,13.6,19.3,2.5971393089366575
2002-05-28,7.090882509227052,0.897541290201533,79.0,27.2,15.4,20.3,2.4844675201448134
2002-05-29,7.468966249383713,0.9723363977183274,78.8,28.6,15.6,21.3,2.681627328491755
2002-05-30,6.920666750319794,1.3463119353022994,77.8,29.0,15.7,21.5,2.7878102345787976
2002-05-31,7.110837048132268,2.019467902953449,75.0,29.9,17.5,22.1,3.413142839553966
2002-06-01,5.772117529046552,1.0471315052351216,85.7,27.2,18.0,21.7,2.0643617130613965
2002-06-02,6.842021809761782,0.8227461826847385,82.5,27.3,19.0,22.4,2.3172957987260934
2002-06-03,7.023924871819721,1.3463119353022994,74.5,30.4,17.3,23.0,2.9744067810351043
2002-06-04,7.239433952816678,1.4211070428190937,73.2,30.3,18.3,23.3,3.1110512418849647
2002-06-05,7.202409700424624,1.7202874728862712,69.6,30.8,17.5,23.7,3.382854104051528
2002-06-06,6.463522237900499,1.795082580403066,61.5,31.2,21.8,24.9,3.6691614740152523
2002-06-07,6.671295068775163,1.645492365369477,64.5,31.1,17.9,24.1,3.3641814916375266
2002-06-09,6.751339609780042,1.121926612751916,71.0,32.6,17.5,23.8,3.0049957777400484
2002-06-10,6.530111227971572,1.7202874728862712,60.7,32.7,20.5,26.1,3.638250465321512
2002-06-11,6.921233700911097,0.6731559676511497,80.0,30.7,19.4,23.8,2.4814246270901803
2002-06-12,6.799916227627426,2.3186483330206267,66.1,33.0,20.2,25.4,4.101106081129328
2002-06-13,7.098747724680182,1.121926612751916,84.1,30.6,18.0,22.9,2.692476915827381
2002-06-14,6.953743687047165,2.243853225503832,78.2,31.0,17.4,23.3,3.3249147810424207
2002-06-15,6.637097410421233,1.1967217202687106,82.7,29.3,18.8,23.0,2.5224880937650833
2002-06-16,6.927877885488809,1.5706972578526825,78.7,29.9,19.1,23.2,2.9886964074633067
2002-06-17,7.014140116043165,1.1967217202687106,75.3,29.4,19.3,23.4,2.8446395246014182
2002-06-18,6.466155918083052,1.5706972578526825,69.2,31.7,16.9,23.5,3.2381070474105944
2002-06-21,6.2340985738011385,1.645492365369477,64.7,30.6,16.9,22.9,3.352708389202769
2002-06-22,5.105163754467331,1.271516827785505,79.8,26.4,16.1,20.1,2.086503520325061
2002-06-25,3.992610089836803,1.4211070428190937,88.8,21.8,18.0,19.4,1.3698494741789893
2002-06-26,3.6111870937099084,0.897541290201533,91.2,22.0,18.2,19.2,1.190877789166992
2002-06-27,6.808228487759802,0.897541290201533,81.4,26.7,17.9,21.2,2.3773619399740666
2002-06-28,6.75502920380958,0.897541290201533,74.7,29.8,16.2,22.2,2.5957467195971855
2002-06-29,6.83758481209903,1.4211070428190937,69.2,30.6,17.9,23.6,3.0950059421384823
2002-06-30,6.798464053429312,1.795082580403066,65.3,30.5,19.0,24.3,3.4332701714683074
2002-07-01,6.74198438690489,1.7202874728862712,67.9,31.5,18.8,23.4,3.534971356373262
2002-07-03,6.2829970689120085,0.6731559676511497,81.2,27.4,16.9,21.3,2.1362617421085113
2002-07-08,6.062004777126452,2.019467902953449,66.1,24.0,19.5,21.0,2.9899346028955183
2002-07-10,4.782636510931839,1.3463119353022994,77.9,24.5,17.9,20.4,1.9718758241132828
2002-07-13,2.791040796465092,1.5706972578526825,90.5,19.7,17.8,18.4,0.9758697516834896
2002-07-14,4.985780060892905,1.271516827785505,78.5,21.3,15.8,18.2,1.7957771354803462
2002-07-16,7.0162513703679465,1.121926612751916,81.7,27.3,16.1,20.5,2.519591257559463
2002-07-17,3.4594673397450877,1.9446727954366547,84.1,22.1,18.1,19.4,1.546681028094126
2002-07-18,3.5471871131079316,0.8227461826847385,90.0,18.9,12.6,15.8,1.0004922640566367
2002-08-20,9.06079411923838,2.54303365557101,52.8,31.5,18.4,24.4,5.266824295191962
2002-08-23,9.53215576642527,1.4211070428190937,73.0,32.3,20.6,24.3,4.019309213950347
2002-08-24,9.597056971148813,1.645492365369477,77.6,30.8,16.6,22.2,3.8615594036219214
2002-08-25,9.627959719644824,1.7202874728862712,73.8,31.7,16.9,22.6,4.13050082889204
2002-08-26,8.805748794460113,1.3463119353022994,75.0,29.8,16.3,22.1,3.4073229979109234
2002-08-27,8.510442673859988,1.0471315052351216,71.8,28.7,15.7,22.1,3.07734568433633
2002-08-28,9.910835056911582,2.094263010470243,59.8,31.1,16.6,23.8,4.71657373854856
2002-08-29,9.610931404683672,2.094263010470243,54.9,33.3,18.7,25.7,5.103640152229251
2002-08-30,7.475880579996453,2.1690581179870376,60.4,30.5,21.1,25.1,4.094026586591744
2002-08-31,8.237316572479742,1.4959021503358882,82.7,31.7,18.7,22.3,3.4738925990892575
2002-09-01,3.352135819527822,1.4959021503358882,91.1,20.3,18.2,18.8,1.127437071749997
2002-09-02,8.081201829626762,2.6178287630878043,75.8,21.8,16.0,17.6,3.1844165266326625
2002-09-03,10.386237333437943,1.645492365369477,69.3,26.8,10.3,17.1,3.9401564132888383
2002-09-04,7.596715471794301,1.645492365369477,77.3,23.2,12.9,18.0,2.5877724436996683
2002-09-05,10.245591520383195,1.0471315052351216,69.8,29.7,17.1,22.3,3.7347259396967285
2002-09-07,6.488563551111032,3.216189623222159,72.7,30.3,20.2,23.9,4.009954541485479
2002-09-08,3.913351281651738,0.897541290201533,85.3,20.2,16.6,17.8,1.2909031654083993
2002-09-09,8.887805749655755,0.9723363977183274,79.2,27.1,16.8,20.6,3.02614623840962
2002-09-10,7.018131180986906,1.4959021503358882,83.3,25.9,17.4,20.8,2.5014277162624956
2002-09-11,10.382601839302101,1.5706972578526825,70.5,28.8,16.9,22.3,3.9162682930990766
2002-09-12,11.265657403634425,2.8422140856381874,58.8,30.0,17.1,23.4,5.366233896294447
2002-09-13,8.007497948813635,2.7674189781213934,55.0,28.9,22.1,25.0,4.727721713345946
2002-09-14,3.1121595855666713,1.4959021503358882,88.3,24.9,19.9,21.3,1.3745946584607394
2002-09-15,9.362056571192374,1.5706972578526825,81.0,25.9,18.2,20.8,3.2490454277270286
2002-09-16,9.356303014472193,0.9723363977183274,73.8,28.4,18.7,22.3,3.3238344689201096
2002-09-17,12.508036409571687,2.019467902953449,66.2,31.3,17.4,24.0,5.077367101263529
2002-09-18,10.771355871127739,1.8698776879198602,69.3,29.7,17.5,23.6,4.218855612061506
2002-09-19,11.96299239629656,2.393443440537421,60.5,31.0,18.1,24.8,5.304293904522035
2002-09-20,7.206837578332547,2.8422140856381874,54.5,31.9,24.8,26.5,5.190457165321496
2002-09-23,4.02901504043083,1.121926612751916,91.0,20.3,15.8,17.6,1.2302914414321886
2002-09-24,3.6095141700269395,2.243853225503832,92.8,19.8,17.1,17.5,1.2688493339615645
2002-09-25,6.816204773510185,0.7479510751679441,85.1,22.3,14.8,18.3,2.0106112152056976
2002-09-26,13.623872532878565,1.121926612751916,74.5,28.3,15.0,20.8,4.44529655581186
2002-09-27,13.645732803341401,2.094263010470243,76.5,27.3,14.6,20.4,4.542789253295702
2002-09-29,13.479987679090687,1.7202874728862712,58.6,33.1,16.8,24.7,5.621835282154857
2002-09-30,12.164934463980444,2.094263010470243,50.1,35.3,21.6,28.4,6.059036904770271
2002-10-01,8.732273198373944,2.1690581179870376,72.4,30.0,21.2,24.7,3.914857521421813
2002-10-04,9.505416348118745,1.645492365369477,80.5,29.4,17.6,22.3,3.5363530540345227
2002-10-05,14.136906076121733,1.5706972578526825,71.9,36.0,18.6,25.2,5.7871885259724065
2002-10-06,14.144470122853939,1.4211070428190937,78.0,31.9,21.9,25.1,5.054128431383239
2002-10-07,14.748201663817014,2.393443440537421,47.9,37.0,20.8,29.6,7.337548144771452
2002-10-08,13.900106835345081,2.6178287630878043,50.7,36.9,27.5,29.2,7.759184866320915
2002-10-09,12.965430181840837,1.645492365369477,80.9,33.3,20.1,24.5,4.903628571526476
2002-10-10,14.723227112733223,1.3463119353022994,66.2,37.1,18.3,26.4,6.120360104404413
2002-10-11,15.353696922108997,1.3463119353022994,74.2,35.8,17.5,24.6,5.849746288923476
2002-10-12,15.288777922025952,2.3186483330206267,76.6,32.4,18.7,24.6,5.668712043612264
2002-10-15,14.824224700159869,1.795082580403066,68.3,38.5,17.7,26.0,6.718579037086435
2002-10-16,14.84349515972465,1.8698776879198602,61.4,39.7,17.4,27.1,7.254515914011589
2002-10-17,13.750623349319966,3.5153700532893377,62.0,31.4,19.8,26.3,6.187606583746797
2002-10-18,7.5284727627520205,2.1690581179870376,77.0,29.5,23.0,24.6,3.458097895728745
2002-10-19,14.200084775059471,1.4959021503358882,60.3,34.9,20.6,27.5,5.823106646406763
2002-10-20,14.797095532467832,2.692623870604599,44.3,37.4,21.6,29.9,7.9350948984519025
2002-10-22,9.116255654791008,2.6178287630878043,81.0,30.5,22.8,24.7,4.020860386315677
2002-10-23,5.479981846576896,1.7202874728862712,87.5,21.7,18.7,19.9,1.7869024163551728
2002-10-24,12.677393920806079,1.1967217202687106,68.4,30.0,18.7,23.6,4.527377890070318
2002-10-25,16.0410004448276,2.3186483330206267,65.2,34.8,18.0,25.2,6.7740017207049785
2002-10-26,12.712408757073076,2.243853225503832,71.0,34.5,22.4,26.1,5.729445193739821
2002-10-27,12.24840444487646,1.8698776879198602,79.8,29.7,20.8,24.2,4.346680150463763
2002-10-28,15.287375113391748,2.094263010470243,76.9,34.5,19.0,24.6,6.026999535533959
2002-10-29,15.533496321800358,2.1690581179870376,73.5,36.4,19.8,26.0,6.4419690160302245
2002-10-30,7.496169586587552,2.019467902953449,84.5,29.0,21.8,24.3,2.942306197083978
2002-10-31,7.219258022404119,1.8698776879198602,87.7,25.8,21.6,22.9,2.493193530363192
2002-11-01,6.338391839218116,1.0471315052351216,84.8,25.3,20.9,22.5,2.1268658461151055
2002-11-02,13.007357718428379,1.645492365369477,78.8,28.5,19.2,23.3,4.328079335430198
2002-11-03,17.198887539847828,2.019467902953449,74.2,32.3,18.9,24.4,6.178708907481019
2002-11-04,14.328548274736958,2.243853225503832,65.3,36.4,20.6,27.7,6.389125725319278
2002-11-05,3.401871108043817,1.795082580403066,91.4,25.6,22.3,22.4,1.5218259787326853
2002-11-06,6.245124073376492,2.3186483330206267,87.9,23.2,18.0,19.4,2.283057730159927
2002-11-07,5.994457675111508,1.121926612751916,87.9,21.4,17.1,18.4,1.8515900913375227
2002-11-08,14.688971346592158,1.4959021503358882,75.5,25.6,14.3,19.7,4.5069466291293185
2002-11-09,17.06522580566132,1.5706972578526825,67.8,30.7,15.0,22.4,5.884566642172223
2002-11-10,15.399110836151149,2.094263010470243,56.9,35.6,20.2,28.1,6.6382573959890765
2002-11-12,6.300782336576541,1.7202874728862712,89.7,25.6,21.5,22.6,2.1803931542200647
2002-11-21,16.73335960479626,2.1690581179870376,77.4,36.9,22.0,27.1,6.699044115366985
2002-11-22,11.557644679713533,2.9918043006717765,82.9,29.2,24.2,25.8,4.247766097044584
2002-11-23,15.663894790368824,1.4211070428190937,75.9,33.5,22.9,26.8,5.642440811949961
2002-11-24,14.617817378087667,1.645492365369477,80.3,33.4,23.1,26.6,5.293877053173146
2002-11-25,17.779656697710383,1.9446727954366547,64.6,36.1,23.4,28.9,7.076707967177973
2002-11-27,15.224783081346375,2.393443440537421,56.1,34.9,25.8,29.9,6.897816649616347
2002-11-29,17.53880782150589,1.795082580403066,54.3,37.6,21.2,30.0,7.392099097838315
2002-11-30,14.93086974764714,1.9446727954366547,52.9,36.6,26.4,30.3,6.922693886377745
2002-12-01,16.608008150687976,2.3186483330206267,54.1,39.6,24.8,30.9,8.074412539630922
2002-12-06,17.193640123424643,1.9446727954366547,63.8,35.3,25.7,29.3,6.967265561395073
2002-12-11,7.220242689667691,1.121926612751916,88.3,28.0,21.2,23.2,2.4922624279152727
2003-01-10,18.5627013035209,1.795082580403066,64.1,38.3,25.3,30.8,7.480747819502928
2003-01-14,7.072676585208012,1.795082580403066,91.3,25.6,22.0,23.2,2.2630962589595494
2003-01-16,13.171394442521388,1.4211070428190937,83.7,30.1,21.5,25.3,4.285547441802003
2003-01-23,11.440795595870823,1.795082580403066,70.4,33.3,24.9,28.3,4.720791603988769
2003-01-24,15.668896801720889,2.3186483330206267,68.3,34.1,24.6,28.5,6.331287003135747
2003-01-25,6.246757245544693,1.4211070428190937,89.6,26.0,22.7,24.0,2.058582977959969
2003-01-26,8.270277341021119,1.1967217202687106,87.2,29.2,21.1,23.7,2.8754643438622045
2003-01-27,7.379142396093323,1.121926612751916,87.8,29.5,21.8,24.3,2.611364953148298
2003-01-29,6.724759602230423,1.0471315052351216,92.3,27.8,22.5,23.8,2.249416989516592
2003-02-02,18.552690265031508,1.5706972578526825,67.6,35.2,23.4,28.7,6.858351503419496
2003-02-03,16.731113261570847,2.019467902953449,62.9,34.6,23.1,28.9,6.601696614417612
2003-02-06,17.43881940519592,1.8698776879198602,63.3,36.2,24.1,29.6,6.99955909484785
2003-02-07,17.56762110090781,1.7202874728862712,57.9,36.5,24.5,30.2,7.163799073799306
2003-02-13,17.10967120914947,2.3186483330206267,54.3,37.9,24.8,30.3,7.931799519364331
2003-03-01,15.796816333996919,1.795082580403066,70.4,37.1,22.6,28.1,6.4771408991663355
2003-03-11,12.028147724033058,2.243853225503832,66.4,33.5,23.4,27.4,5.3682384225953195
2003-03-14,14.71000264641156,1.7202874728862712,72.8,34.4,23.3,27.7,5.6115899775
2003-03-18,6.86641647560208,1.121926612751916,89.2,26.7,21.4,23.2,2.260503995570615
2003-03-19,9.787990892717506,1.1967217202687106,85.5,30.1,22.1,24.7,3.3985258921499066
2003-03-21,10.987270473781727,2.54303365557101,72.8,33.9,24.4,27.0,5.199158951812023
2003-03-22,6.75820818096404,1.4211070428190937,88.3,29.7,22.0,23.6,2.6633841587243285
2003-03-23,6.296483582780947,0.9723363977183274,88.0,25.9,20.7,22.6,2.056431449822555
2003-03-24,9.090316762200679,1.0471315052351216,82.6,28.2,21.8,24.0,3.091419020221177
2003-03-25,10.392832107159556,1.0471315052351216,82.1,29.0,20.5,24.0,3.459252577034512
2003-03-26,7.508082082057147,0.9723363977183274,80.5,27.4,20.8,23.6,2.5830901631471246
2003-03-27,8.383362424558442,0.5983608601343553,81.5,28.0,21.1,23.8,2.732966908625164
2003-03-28,8.641021527789382,1.271516827785505,82.3,28.7,20.3,23.5,3.0589123239452345
2003-03-29,12.030063505486993,1.1967217202687106,80.0,29.8,20.2,24.2,4.054254290340346
2003-03-30,12.359263384756641,1.121926612751916,75.8,31.4,20.1,25.1,4.316406800909449
2003-03-31,12.371496318263272,1.4211070428190937,74.9,33.1,21.3,26.1,4.663181246751015
2003-04-01,11.219923364955047,1.4959021503358882,81.6,30.5,21.0,25.0,3.9121956185547355
2003-04-02,11.999929780959475,1.5706972578526825,78.8,30.7,19.8,24.4,4.290491824343899
2003-04-03,11.355092634768518,1.3463119353022994,80.4,29.7,21.1,24.7,3.8838927032920316
2003-04-04,9.351884828875704,1.121926612751916,80.9,31.1,20.8,25.1,3.3552387870806584
2003-04-05,11.548266857728699,1.7202874728862712,75.4,32.6,23.1,26.6,4.559604476055722
2003-04-06,10.612425801239848,1.271516827785505,81.9,31.4,21.1,24.9,3.8071747346199167
2003-04-07,6.308678299476549,1.271516827785505,85.8,25.1,19.8,22.2,2.0774460303759343
2003-04-08,8.804411173974998,0.6731559676511497,78.9,28.2,20.9,23.8,2.9186726154181675
2003-04-09,10.596655682059339,0.9723363977183274,77.8,31.1,20.7,25.5,3.658063546248859
2003-04-10,4.887121387778185,1.1967217202687106,82.9,28.4,23.5,24.8,2.013283749034447
2003-04-11,7.987549320500396,1.271516827785505,82.3,30.1,21.6,24.4,3.011717094370841
2003-04-12,6.2187220124596205,1.7202874728862712,81.6,27.3,22.4,23.7,2.5528830633949986
2003-04-13,10.517262260873673,1.795082580403066,69.9,26.4,19.1,21.8,3.9956371094276353
2003-04-14,8.414246942597735,1.121926612751916,77.7,27.5,16.4,21.2,2.941257726742901
2003-04-17,10.223463170543823,1.121926612751916,73.1,30.5,18.4,23.7,3.7313419639830996
2003-04-18,10.342766364281204,2.019467902953449,67.9,30.9,18.6,24.7,4.357962157904502
2003-04-19,9.728328673571566,2.7674189781213934,61.0,32.1,23.5,27.3,5.1036230744139175
2003-04-20,10.24998816020051,1.8698776879198602,78.8,32.9,22.6,25.8,4.279748880120553
2003-04-21,9.513117996771435,1.271516827785505,81.3,30.8,21.7,25.5,3.3957980467854045
2003-04-22,9.124738691878273,0.897541290201533,79.8,32.1,22.6,26.1,3.3093810460493147
2003-04-23,10.354379898438324,0.897541290201533,77.4,30.3,20.1,24.9,3.536385447503466
2003-04-24,9.683655027950655,0.7479510751679441,78.7,30.8,19.7,24.5,3.2938539521783037
2003-04-25,10.15512251027398,1.795082580403066,70.3,31.3,19.4,25.5,4.087938354598692
2003-04-26,9.899699261794307,1.795082580403066,67.3,34.4,21.3,26.8,4.568397496702316
2003-04-27,10.014586879936765,1.5706972578526825,74.1,35.5,20.6,25.8,4.490600223262651
2003-04-28,9.590036437053477,1.7202874728862712,70.1,35.2,20.6,26.2,4.5322202906009466
2003-04-29,9.620166570269797,1.7202874728862712,78.7,31.8,21.0,25.4,3.783034984589911
2003-04-30,9.276471406169899,1.121926612751916,74.5,34.4,21.5,26.7,3.742239583110943
2003-05-01,8.663196298678042,1.4211070428190937,72.1,32.8,21.4,26.8,3.5754898092416085
2003-05-03,9.007491829724161,2.3186483330206267,73.0,25.4,18.3,21.1,3.609371676464145
2003-05-04,9.323941786953862,0.7479510751679441,76.9,26.8,16.0,20.7,3.030820496312121
2003-05-05,6.351372424829298,1.4959021503358882,77.9,27.6,16.9,21.3,2.6076366060417917
2003-05-07,8.728016448607391,1.271516827785505,77.3,26.5,19.0,21.6,3.1295066266637273
2003-05-10,4.840995308204183,0.8227461826847385,91.4,22.8,16.2,18.7,1.486524294928616
2003-05-11,8.063434984489776,0.897541290201533,82.4,26.4,14.6,19.6,2.6256411773563633
2003-05-12,7.333363955843229,1.121926612751916,83.5,27.0,17.0,20.8,2.5448922044475193
2003-05-15,8.094187859826143,0.5983608601343553,82.3,28.0,20.0,23.0,2.640542195488617
2003-05-16,8.495868480333158,1.121926612751916,78.0,29.6,17.7,22.7,3.116874692282381
2003-05-17,8.229184180249604,1.4959021503358882,73.3,29.9,17.2,22.7,3.3849394205923424
2003-05-18,7.999173254484724,1.4959021503358882,69.7,29.8,16.9,22.6,3.413263395152302
2003-05-19,7.782025729924376,1.0471315052351216,76.5,29.3,15.6,21.3,2.921837605061175
2003-05-20,7.581967674963805,1.121926612751916,78.8,28.9,16.4,21.8,2.7932263482288238
2003-05-21,7.898744612462385,2.019467902953449,71.9,31.4,20.2,24.4,3.808728893855992
2003-05-22,7.7767337421274405,1.4211070428190937,68.9,32.6,18.8,24.9,3.543942199055512
2003-05-24,7.495438310380449,1.8698776879198602,71.4,28.1,20.1,23.2,3.2796293397641603
2003-05-26,7.208196138823405,1.4959021503358882,73.0,25.9,13.1,18.2,2.9430561566277564
2003-05-31,7.258061915535352,1.645492365369477,70.4,28.9,16.7,22.4,3.1803058383303173
2003-06-02,6.798696566111067,1.9446727954366547,60.6,30.6,16.0,23.1,3.772255786705283
2003-06-03,6.608426475666046,2.094263010470243,55.4,33.6,21.9,25.8,4.447038950425235
2003-06-07,6.3059412003186015,1.271516827785505,84.1,28.3,20.0,23.2,2.3562035995501716
2003-06-08,5.552833583594174,1.645492365369477,83.6,29.3,21.8,23.6,2.510477247233896
2003-06-09,5.550109104653054,1.121926612751916,87.1,26.9,20.7,22.8,1.9910430524799916
2003-06-10,7.1948873101358854,1.1967217202687106,75.2,29.5,20.1,24.3,2.82414292003341
2003-06-11,6.6876517486326,2.019467902953449,59.0,32.2,21.2,25.8,3.992122987021429
2003-06-13,6.917871787740296,1.1967217202687106,81.6,29.6,17.7,22.3,2.6744095057576316
2003-06-14,6.616561003076843,1.795082580403066,80.5,30.8,17.3,22.4,3.0706698938548795
2003-06-15,6.2948069238676805,0.9723363977183274,82.1,28.2,18.3,22.2,2.2928984022311836
2003-06-16,6.870762388811798,1.1967217202687106,76.8,29.5,17.3,22.2,2.7585886450237815
2003-06-17,6.637014055900852,1.121926612751916,75.9,30.4,15.2,21.2,2.813489368998615
2003-06-18,6.249924373662266,1.9446727954366547,71.7,26.8,19.0,22.4,2.8423720872087728
2003-06-19,6.5530803965438755,1.271516827785505,71.9,30.3,17.7,22.4,2.977723979040683
2003-06-20,5.871702095722082,1.4959021503358882,80.1,26.0,16.9,21.0,2.2506078820701694
2003-06-21,6.533248077032566,1.1967217202687106,80.0,29.0,17.5,21.8,2.60439778172358
2003-06-22,6.297656898918852,1.5706972578526825,71.4,29.0,17.2,21.6,3.047629188964695
2003-06-23,6.599055648236271,0.897541290201533,79.3,28.5,15.3,20.8,2.4365522696264432
2003-06-24,6.5142134213001714,1.4959021503358882,75.2,30.7,16.2,21.7,3.105629636156612
2003-06-25,6.246170040073032,1.1967217202687106,79.0,28.2,15.8,20.6,2.5237450753543476
2003-06-26,6.526334129140765,1.795082580403066,77.3,29.5,16.0,20.7,3.1510164711784627
2003-06-27,6.3923704896505775,1.121926612751916,80.4,28.1,16.0,20.8,2.4672445004250916
2003-06-28,6.533519712358673,1.795082580403066,74.9,30.3,15.0,21.1,3.239588763278756
2003-06-29,6.27164608084668,1.5706972578526825,73.2,28.8,14.0,19.9,2.9974424327342337
2003-06-30,3.9421607089296407,0.5983608601343553,83.5,22.9,16.9,19.5,1.2949644667481197
2003-07-01,6.458687819301352,0.9723363977183274,74.7,27.1,13.9,19.2,2.5036435778287363
2003-07-02,6.197045269990431,2.1690581179870376,64.0,28.8,15.1,21.0,3.5959554883395874
2003-07-03,5.399812057662258,1.0471315052351216,82.1,25.1,14.6,18.7,1.9798099409549736
2003-07-05,6.243829111422936,1.645492365369477,59.4,31.2,13.7,22.2,3.550453927368203
2003-07-08,6.320291405960789,1.7202874728862712,59.4,33.5,16.1,23.9,3.9566384561541597
2003-07-10,6.167385408604847,1.271516827785505,77.1,29.0,16.0,21.5,2.559588468068958
2003-07-11,2.6230583140021126,1.8698776879198602,91.2,21.5,19.0,19.4,1.1074554649137922
2003-07-12,2.6923181711009327,0.9723363977183274,88.1,17.8,15.7,16.2,0.9029538220378577
2003-07-13,3.3498554310216626,0.37397553758397206,90.8,19.3,15.2,16.7,0.9497092419419646
2003-07-14,5.590377652296399,1.0471315052351216,78.4,23.7,15.0,18.9,1.976201445761536
2003-07-15,6.991874272071553,1.0471315052351216,72.6,25.8,14.5,19.6,2.5655966939123243
2003-07-16,6.951727789313759,1.645492365369477,67.3,28.0,14.2,20.2,3.2208374132121174
2003-07-17,5.840517741741055,1.4959021503358882,75.7,25.9,15.2,19.8,2.4115254288617898
2003-07-19,7.284262876405887,1.7202874728862712,69.7,30.9,15.4,21.9,3.5784642649461054
2003-07-20,7.016406231111729,1.5706972578526825,61.2,31.7,15.8,22.9,3.667285216812547
2003-07-21,6.973202381247503,2.019467902953449,53.7,33.2,17.5,24.4,4.462602177321409
2003-07-22,7.3014269588501,2.1690581179870376,65.6,26.2,18.1,22.7,3.2539702926277267
2003-07-23,7.443028815934346,1.271516827785505,70.8,30.4,15.0,21.7,3.2389248826890524
2003-07-24,7.070194611501452,2.019467902953449,52.8,31.3,18.8,24.7,4.216082712137702
2003-07-25,7.548141538058946,1.9446727954366547,70.7,32.4,15.7,22.4,3.9605715413737816
2003-07-26,6.143770102021028,1.3463119353022994,82.6,26.0,19.1,21.6,2.28946535526573
2003-07-27,7.165677268782816,1.4211070428190937,80.3,26.9,16.4,21.2,2.605465164971914
2003-07-28,4.958205710672204,0.4487706451007665,83.1,25.5,16.0,20.4,1.5659250450418947
2003-07-29,5.775989050057442,0.5983608601343553,79.8,26.6,18.0,21.3,1.9778789378514123
2003-07-30,6.793723845720347,1.1967217202687106,70.0,31.0,16.8,23.0,3.0064265590001824
2003-07-31,6.793101497526541,1.4211070428190937,81.3,26.6,18.0,21.6,2.5068397040060724
2003-08-01,5.086675690423599,1.121926612751916,79.6,26.3,19.2,21.5,2.0385155800378083
2003-08-02,6.852855484438942,0.9723363977183274,77.4,27.4,18.0,22.0,2.4862351646265486
2003-08-05,7.836237467190165,1.645492365369477,57.4,31.3,14.8,22.5,4.039272613907919
2003-08-06,7.423441077617833,2.1690581179870376,48.0,33.0,18.6,25.4,4.810959760397451
2003-08-07,7.33816889702274,1.271516827785505,64.5,31.2,15.7,22.7,3.3377979755007696
2003-08-08,3.9948334031452135,1.4211070428190937,83.1,23.7,18.8,21.2,1.5199530092959677
2003-08-09,2.4789268280183703,1.645492365369477,79.2,23.8,18.7,21.1,1.3714334741205063
2003-08-10,3.698664801467243,1.3463119353022994,83.7,19.5,15.3,16.9,1.3417194757769053
2003-08-11,6.196956974607339,1.121926612751916,75.9,22.8,15.0,17.0,2.3163409456002406
2003-08-15,6.243479183519095,1.4959021503358882,81.5,24.9,14.4,19.2,2.248172302831906
2003-08-17,8.633656614396422,2.019467902953449,72.8,22.9,14.8,17.9,3.2449839628646635
2003-08-18,8.20248945043835,1.121926612751916,72.4,23.4,12.7,17.4,2.769383986644701
2003-08-22,9.370916899766765,1.5706972578526825,70.6,32.2,12.8,20.5,4.229334936113086
2003-08-23,9.553314148575875,1.645492365369477,66.4,31.9,13.9,22.5,4.243401931988899
2003-08-25,7.407985901992166,3.141394515705365,62.0,28.3,21.9,24.1,4.561545888948207
2003-08-26,3.103137567785335,2.3186483330206267,94.5,18.9,16.7,17.0,1.0664011299709806
2003-08-28,3.245400196008496,1.3463119353022994,91.3,20.7,17.8,18.5,1.1321206838930418
2003-08-29,4.177937574791212,2.019467902953449,92.3,18.8,16.1,16.9,1.2975739781034072
2003-08-30,5.878578343177505,0.7479510751679441,84.7,21.9,15.1,17.9,1.7952315437320738
2003-09-01,3.946171696085374,0.8227461826847385,85.8,21.5,17.8,19.2,1.3014736848093584
2003-09-06,10.901275618060527,2.094263010470243,62.8,27.6,14.5,21.6,4.345957450944474
2003-09-07,10.879006672818047,2.692623870604599,56.2,29.3,17.1,23.1,5.272629147424812
2003-09-08,10.629532162425747,2.9918043006717765,45.5,30.6,21.6,25.6,6.238419203555047
2003-09-10,10.393298864816298,2.4682385480542153,71.7,32.9,17.8,23.1,5.087280816792601
2003-09-11,4.329046999166704,3.5153700532893377,85.4,20.6,17.4,18.1,1.962520265283876
2003-09-12,7.678901733962848,1.0471315052351216,75.6,23.3,15.0,18.5,2.545461842292159
2003-09-13,8.56023450542004,2.6178287630878043,75.7,27.4,16.8,20.8,3.7241103461129725
2003-09-14,4.289061281296842,1.645492365369477,91.0,20.0,18.1,18.5,1.3729521788183416
2003-09-16,8.102103806154412,1.795082580403066,80.0,27.7,16.0,20.6,3.143097584127064
2003-09-17,6.328759777159618,1.3463119353022994,85.8,23.1,18.2,20.0,2.088905844463316
2003-09-18,6.381599389058172,1.0471315052351216,84.3,23.9,17.7,19.7,2.142990149666636
2003-09-19,11.900209771214762,1.1967217202687106,73.0,28.6,18.4,22.1,4.171454376862321
2003-09-20,12.55395852379782,1.795082580403066,68.3,34.1,17.2,23.6,5.411482591609822
2003-09-21,7.5590452208613845,1.4211070428190937,84.2,25.2,18.6,21.5,2.497866463666872
2003-09-22,12.691036001447838,2.1690581179870376,75.6,28.7,19.4,22.7,4.693728596269166
2003-09-23,12.775225555461686,1.3463119353022994,78.9,30.9,17.2,22.6,4.45802954698217
2003-09-24,11.955447923705282,2.393443440537421,70.6,35.9,18.5,24.6,5.884125803227391
2003-09-25,7.829916161402971,2.019467902953449,79.7,26.3,22.0,23.3,3.01407664392532
2003-09-26,3.9400384335210585,0.6731559676511497,84.0,25.2,20.8,22.2,1.4046559780497205
2003-09-27,4.1178707211885115,1.271516827785505,81.3,27.0,20.4,22.5,1.8318659380137678
2003-09-28,11.435757532243386,1.645492365369477,82.8,28.1,18.3,22.1,3.832634810200054
2003-09-29,9.36213583748671,1.7202874728862712,86.4,29.2,20.2,22.2,3.5217596841247154
2003-09-30,9.897647612458078,2.1690581179870376,77.3,25.5,19.1,21.6,3.565165749912326
2003-10-01,7.063864545325969,1.121926612751916,76.5,25.3,18.9,21.7,2.4906983790019868
2003-10-02,12.49637466243348,1.3463119353022994,73.9,30.1,18.4,23.2,4.442847141020137
2003-10-03,13.8554319770778,2.243853225503832,73.4,28.8,18.8,23.6,4.875921393463133
2003-10-04,13.627707948205874,1.3463119353022994,73.7,31.0,20.3,24.3,4.855965772721444
2003-10-08,3.31755944981001,0.7479510751679441,93.7,23.1,21.1,21.8,1.020016096527187
2003-10-09,13.727715640264895,2.094263010470243,65.2,34.2,21.5,27.3,5.784826649612997
2003-10-10,8.088189098276311,2.3186483330206267,84.3,29.2,20.6,22.7,3.43351059007042
2003-10-11,2.915556960977373,1.3463119353022994,93.0,21.4,19.6,19.8,1.022918506180168
2003-10-12,5.638243849792204,1.121926612751916,92.3,21.8,16.8,18.2,1.7182316379250868
2003-10-13,7.963763502151387,1.121926612751916,85.8,23.2,17.1,19.3,2.45538695563311
2003-10-14,9.305280172391642,1.645492365369477,86.0,22.3,17.0,18.8,2.805417206698626
2003-10-15,8.28710719665552,0.9723363977183274,81.3,22.4,16.0,18.5,2.5391153054767543
2003-10-16,14.65603085670169,1.121926612751916,72.1,24.4,13.8,18.8,4.389924021578538
2003-10-17,15.836517731361663,1.3463119353022994,70.1,27.3,12.1,18.7,5.068566270997718
2003-10-18,15.618969675516098,1.3463119353022994,70.1,29.4,14.0,20.7,5.241746581208926
2003-10-19,14.039162923198921,1.5706972578526825,58.7,35.2,17.2,25.8,5.916130452216564
2003-10-20,11.91303346222547,2.393443440537421,72.1,27.6,21.5,24.7,4.405703659422591
2003-10-21,12.219991422466993,1.271516827785505,80.2,30.2,21.2,24.4,4.2185919823789035
2003-10-22,4.979676862882698,1.1967217202687106,85.2,28.1,21.1,23.1,2.0017454823799987
2003-10-23,3.394419845517866,0.14959021503358882,93.6,21.1,19.4,20.2,0.9570502691048397
2003-10-24,12.581801265447528,1.0471315052351216,79.3,28.7,18.7,22.7,4.117114440772302
2003-10-25,16.570457205568573,2.019467902953449,68.4,33.9,19.5,25.2,6.465290911536106
2003-10-26,16.377477768618963,2.3186483330206267,56.3,34.6,20.7,28.1,6.95608766055622
2003-10-27,15.981306931130112,2.9170091931549815,64.5,29.9,25.8,27.1,6.49851894879541
2003-10-28,14.78614623606857,1.5706972578526825,80.3,30.7,22.4,25.2,5.073094573780895
2003-10-29,13.567520384116715,1.121926612751916,78.6,30.9,20.7,24.6,4.602582689030001
2003-10-30,12.522376041845419,1.3463119353022994,82.3,29.1,20.5,23.9,4.128775366764977
2003-10-31,15.886423719477051,1.3463119353022994,79.0,29.8,21.0,24.7,5.156628872632966
2003-11-01,15.241926754300387,1.645492365369477,73.5,34.4,20.2,25.6,5.814586002448613
2003-11-02,4.24201949396398,2.1690581179870376,91.9,24.1,21.8,21.5,1.7279453151143214
2003-11-03,8.520918216029274,2.094263010470243,88.3,21.8,17.0,18.2,2.6450735166119634
2003-11-04,12.2573123875077,1.121926612751916,80.8,23.9,15.7,19.0,3.6490622346417125
2003-11-05,11.198758851662262,0.5983608601343553,77.2,26.5,14.2,19.8,3.385702670816989
2003-11-06,11.41693893093561,1.4959021503358882,70.9,27.2,17.9,21.9,4.049787840490238
2003-11-07,13.701051893103568,2.1690581179870376,73.6,30.0,18.0,22.8,5.106597325474869
2003-11-08,16.3562745776569,2.54303365557101,74.9,29.8,17.9,22.7,5.769223742767632
2003-11-09,15.828543573483557,1.7202874728862712,79.8,27.7,19.0,23.2,4.882401542834936
2003-11-10,16.290159254694267,1.795082580403066,79.9,29.4,20.3,24.1,5.290681224579076
2003-11-11,16.517724233688945,1.1967217202687106,79.5,30.6,18.3,23.8,5.269218587428022
2003-11-12,17.486966884898113,1.9446727954366547,63.2,36.3,20.9,28.8,6.940417797836851
2003-11-13,9.795780585829231,2.3186483330206267,64.4,32.4,28.1,27.6,5.237203055878815
2003-11-14,8.316204071339325,1.7202874728862712,81.9,25.0,19.1,22.0,2.7465570738589653
2003-11-15,11.802955211026372,0.7479510751679441,77.8,28.3,19.8,23.1,3.7944975935689134
2003-11-16,16.764722598753345,1.8698776879198602,68.2,33.0,20.1,26.7,6.108639084603042
2003-11-17,7.134520396269883,1.7202874728862712,63.0,30.1,26.8,28.2,3.51972406624892
2003-11-18,10.470634895435627,1.8698776879198602,56.0,32.9,26.4,29.6,4.973103669558437
2003-11-19,8.72336969023765,2.019467902953449,68.8,31.4,26.6,27.0,4.297392488498849
2003-11-20,6.160636276579023,1.4211070428190937,76.9,28.6,22.6,25.1,2.5440033179363293
2003-11-21,5.768349810810583,0.6731559676511497,84.0,24.8,20.8,22.3,1.875591099169389
2003-11-22,9.565943023560234,0.7479510751679441,76.8,27.5,20.3,22.9,3.170918499372707
2003-11-23,14.589122880101382,1.1967217202687106,75.8,31.3,19.1,24.4,4.936523030461551
2003-11-24,14.029974703481212,1.8698776879198602,68.2,33.5,21.5,27.1,5.492425319175555
2003-11-25,10.47952446895207,1.3463119353022994,66.3,34.1,22.5,27.4,4.388695432901871
2003-11-26,14.726670893743789,1.795082580403066,67.5,34.7,23.5,27.5,5.984263718391657
2003-11-27,12.634356690402116,1.8698776879198602,66.9,34.9,22.6,28.4,5.306667392411199
2003-11-28,11.299249383165465,2.4682385480542153,75.3,29.6,25.2,26.6,4.4889328575468435
2003-11-29,4.951869835016652,2.3186483330206267,94.0,24.1,22.4,22.9,1.5847084687220272
2003-11-30,7.209608618396005,0.8227461826847385,88.2,27.0,21.3,23.2,2.336665900457115
2003-12-01,5.5702680422116035,0.29918043006717765,89.5,28.8,22.5,24.7,1.7757946240649236
2003-12-02,16.362232631019623,1.8698776879198602,77.5,31.9,24.0,26.9,5.738696344875781
2003-12-03,18.356874247813327,1.8698776879198602,79.0,34.9,22.8,27.1,6.61983250685509
2003-12-05,12.794099261863657,1.1967217202687106,78.0,34.2,23.5,27.6,4.642543457749651
2003-12-06,12.023267548663824,1.9446727954366547,80.3,29.8,24.9,25.7,4.45888096030586
2003-12-07,9.145749439215326,0.5235657526175608,78.5,26.7,20.4,23.2,2.8860807304417575
2003-12-08,12.17283003221506,0.7479510751679441,80.8,29.5,21.5,24.6,3.928561656935443
2003-12-09,7.616600426436143,1.8698776879198602,72.4,29.4,24.0,26.7,3.2305979094185036
2003-12-10,8.843763113061016,0.897541290201533,74.8,28.7,21.7,24.6,3.116281823671813
2003-12-11,16.524629640974773,1.3463119353022994,71.2,35.5,20.9,27.4,6.038096305208099
2003-12-12,13.258001811452154,1.8698776879198602,72.1,35.1,24.7,28.0,5.52981741065014
2003-12-13,10.25472124911814,0.897541290201533,87.0,27.8,21.9,23.9,3.2595902128810628
2003-12-16,17.66106754167763,1.795082580403066,63.9,38.8,23.7,30.3,7.328604810411027
2003-12-17,5.2935779372925,2.1690581179870376,88.5,28.5,22.1,22.9,2.4882055374305474
2003-12-19,5.461818194957372,0.29918043006717765,86.8,25.6,20.7,22.3,1.6905567503491599
2003-12-21,10.218246693455724,0.897541290201533,81.0,30.8,22.1,25.4,3.508250740129885
2003-12-22,13.97562887495806,2.1690581179870376,68.3,33.0,22.0,27.2,5.57090221286828
2003-12-24,12.408482804382835,2.692623870604599,85.3,26.7,21.9,23.3,4.118664868359319
2003-12-25,5.952405172460855,1.795082580403066,90.7,24.1,20.1,22.4,1.7571770409569942
2003-12-26,13.584973088731976,1.4211070428190937,87.6,27.6,21.1,23.4,4.195557673076713
2003-12-27,17.634497436309235,1.271516827785505,75.3,32.0,20.2,25.2,5.918737252287506
2003-12-28,17.752007158737232,1.9446727954366547,64.5,32.8,22.0,26.3,6.730041985129001
2003-12-29,17.143586451353656,2.1690581179870376,65.8,33.8,21.4,26.5,6.70652624000034
2003-12-30,18.13854414002316,2.094263010470243,67.7,32.8,23.3,26.9,6.789128786050487
2004-01-01,10.063461131037819,2.3186483330206267,87.6,29.2,22.8,24.6,3.5956788376615023
2004-01-02,5.38046588930305,2.094263010470243,91.8,22.6,20.1,20.8,1.7310658398400685
2004-01-03,6.762623227759436,0.8227461826847385,90.8,23.2,18.4,20.0,2.018929530811689
2004-01-04,6.1816819154902,0.4487706451007665,89.7,25.0,19.1,20.8,1.9001917063719782
2004-01-06,15.595661087153145,1.121926612751916,75.2,32.3,21.0,26.0,5.287080619691562
2004-01-07,8.946423095463858,1.121926612751916,82.4,30.0,21.7,24.7,3.1639541123838852
2004-01-08,11.92450873386677,1.4959021503358882,74.6,31.9,21.8,25.7,4.483441534207316
2004-01-09,6.2492817926471105,1.9446727954366547,81.8,28.2,22.6,24.1,2.7043414243435433
2004-01-10,16.992709943977303,1.7202874728862712,78.5,30.5,20.8,24.8,5.623992508907537
2004-01-11,17.261217833795882,1.9446727954366547,81.5,31.4,20.9,25.0,5.764919528341645
2004-01-12,14.397049445801215,2.3186483330206267,78.4,31.0,22.8,26.3,5.111796205963541
2004-01-13,12.316530014617697,1.4211070428190937,84.8,29.2,22.6,25.0,4.054614296965576
2004-01-14,10.135239124811008,1.4211070428190937,84.9,30.2,22.3,25.1,3.529485008775291
2004-01-15,14.058844672902328,2.019467902953449,85.1,32.2,23.7,26.1,5.013720867693632
2004-01-16,10.763943045318845,2.1690581179870376,87.8,27.9,22.4,24.7,3.4501216984611154
2004-01-18,16.993162308450735,1.1967217202687106,76.2,28.7,18.5,23.3,5.33529855375732
2004-01-20,16.541720843242214,0.897541290201533,71.0,30.3,18.8,24.3,5.34798242927317
2004-01-21,17.341277676324097,1.4959021503358882,74.0,32.5,18.7,24.8,5.968436713469058
2004-01-22,10.74302344539286,1.1967217202687106,82.8,31.2,22.0,24.8,3.8305318698561033
2004-01-23,10.052680457858262,0.8227461826847385,82.0,31.4,21.8,25.7,3.4286599060996643
2004-01-24,8.476902862448014,0.9723363977183274,75.7,31.3,22.6,26.6,3.1082324516692035
2004-01-25,16.674486280186862,2.019467902953449,60.7,34.2,23.9,28.7,6.751764846374535
2004-01-26,9.992040495214058,1.1967217202687106,64.9,32.1,24.7,27.8,4.035284550181965
2004-01-27,16.21480889232168,1.645492365369477,68.8,34.3,23.1,28.0,6.134005720597286
2004-01-28,11.522424753741474,1.3463119353022994,75.1,32.3,22.0,26.9,4.215228260519781
2004-01-29,17.58249243228702,1.8698776879198602,65.1,35.9,23.1,28.8,6.960319934298923
2004-01-30,17.98346880256243,1.9446727954366547,61.6,35.6,23.4,28.9,7.209899974080125
2004-02-01,16.796770543365334,1.795082580403066,61.4,37.2,23.0,29.0,7.008494896413609
2004-02-02,17.911233124965893,2.1690581179870376,61.9,36.3,23.9,28.9,7.451020029354613
2004-02-03,16.741547823234313,2.393443440537421,64.3,35.7,24.6,28.6,7.139752385046116
2004-02-04,17.025326705232587,1.5706972578526825,70.4,37.4,22.7,28.3,6.66627934954591
2004-02-05,16.959202641786142,1.8698776879198602,69.4,36.4,24.0,28.9,6.6889367926912415
2004-02-06,5.652884384479309,1.4211070428190937,90.0,30.9,24.4,25.3,2.362476107336571
2004-02-07,8.388493673199054,1.271516827785505,85.1,27.1,21.3,23.1,2.8673679961573484
2004-02-08,13.716119435117484,1.3463119353022994,78.9,28.6,19.9,23.3,4.511757906442145
2004-02-09,13.711692254960528,1.4959021503358882,79.2,28.6,20.2,23.4,4.5504683622552555
2004-02-10,9.442941301316008,1.1967217202687106,84.0,28.8,19.4,22.9,3.2209755897409686
2004-02-12,9.92436350418949,0.5983608601343553,85.8,29.7,21.7,23.8,3.2518328292958674
2004-02-13,15.856388331541817,1.271516827785505,76.9,32.9,20.0,25.1,5.48356825924357
2004-02-14,15.53508555717616,2.019467902953449,69.8,33.0,19.5,26.2,5.792588350317296
2004-02-15,8.217517921018594,2.094263010470243,77.5,30.8,22.5,25.6,3.5344060910629653
2004-02-16,12.168729904683518,1.5706972578526825,85.0,29.4,21.5,25.1,3.9249393378214883
2004-02-18,15.719204252480605,1.1967217202687106,77.6,33.6,21.6,26.9,5.390095394436188
2004-02-20,6.772798989920685,0.8227461826847385,89.9,28.2,21.9,24.1,2.2238988915245383
2004-02-21,5.863049396726761,0.5983608601343553,91.5,29.2,23.0,24.2,1.9928988948190716
2004-02-22,12.909029351982621,1.4211070428190937,85.7,32.9,23.2,25.7,4.621092118143483
2004-02-25,5.302579338481079,1.1967217202687106,90.9,24.9,20.0,21.6,1.7584588637837366
2004-02-27,14.362965135782925,1.1967217202687106,83.0,32.2,20.6,24.5,4.904771564413016
2004-02-28,10.23485992708903,1.3463119353022994,81.3,30.7,19.9,23.4,3.7769159499160803
2004-02-29,16.00664480190583,1.795082580403066,75.7,30.8,19.9,24.2,5.581490435909665
2004-03-01,14.674163565669447,1.9446727954366547,82.1,30.4,19.1,24.0,4.871291127275731
2004-03-02,15.727749559791995,1.795082580403066,77.7,34.5,21.6,26.2,5.872652928355494
2004-03-03,15.281887788745028,2.019467902953449,69.5,36.4,22.9,28.0,6.368839415630717
2004-03-06,10.964762433367685,0.7479510751679441,83.0,32.4,21.7,25.2,3.7731682478376056
2004-03-07,9.295853082959075,0.897541290201533,81.2,32.1,22.3,25.7,3.3418794454644267
2004-03-08,15.317901092549358,1.4211070428190937,73.0,33.9,21.6,27.1,5.549121732337092
2004-03-09,15.428389532731632,1.8698776879198602,67.8,34.0,23.2,27.9,6.032676756334487
2004-03-12,10.595147488065113,0.9723363977183274,79.9,30.2,21.0,24.3,3.661290331051218
2004-03-13,12.902559075422753,0.8227461826847385,75.4,31.2,20.1,25.0,4.321496620791176
2004-03-14,12.356505420909926,1.1967217202687106,74.9,31.9,19.7,25.4,4.332763965482633
2004-03-15,4.16942127668471,1.1967217202687106,87.0,26.9,22.5,24.1,1.5812540056234663
2004-03-16,13.435550763482683,1.645492365369477,81.2,30.8,20.6,24.5,4.654543366465415
2004-03-17,13.76284045943644,1.1967217202687106,80.0,30.4,19.8,24.3,4.566912366179595
2004-03-18,11.243471108389986,1.121926612751916,80.8,29.6,20.6,24.1,3.7976866074607534
2004-03-19,9.334681511660627,0.7479510751679441,80.4,29.9,20.6,25.3,3.0614398833236294
2004-03-20,6.4098919491935105,1.271516827785505,85.7,27.1,20.8,23.5,2.2177863649929335
2004-03-21,11.055715542257772,1.4211070428190937,80.8,27.7,19.2,22.7,3.686956058878335
2004-03-22,13.320410374065661,1.5706972578526825,77.5,27.8,18.0,22.3,4.408834317895482
2004-03-23,12.019094684728707,1.5706972578526825,79.6,27.3,17.7,21.9,3.9512714861847535
2004-03-24,11.234420062398598,1.271516827785505,78.5,27.5,17.6,21.9,3.7121872632304846
2004-03-25,11.91918709721439,1.3463119353022994,77.9,28.2,19.3,22.9,4.0171468784812365
2004-03-26,12.502074251803919,1.645492365369477,75.7,32.2,20.1,23.9,4.857429872319626
2004-03-27,5.309500115281689,1.1967217202687106,86.3,25.0,20.0,22.4,1.7697298859839186
2004-03-28,12.557589753280292,1.5706972578526825,75.4,33.0,20.0,24.8,4.823686925570613
2004-03-29,11.058150616062928,1.271516827785505,84.0,31.6,19.3,23.6,3.930595033773676
2004-03-30,11.937864244390939,1.7202874728862712,79.9,30.0,19.7,23.5,4.280293217453293
2004-04-02,10.86886984277759,1.271516827785505,79.6,33.2,20.4,25.2,4.088827986349754
2004-04-06,9.829369649573014,1.7202874728862712,78.1,32.6,22.4,25.9,4.010318530913437
2004-04-07,8.848606691826546,1.5706972578526825,73.7,32.8,21.7,25.4,3.881578691202151
2004-04-08,11.454318024681786,1.9446727954366547,74.0,32.7,22.6,26.4,4.683186535901004
2004-04-09,9.552303728710907,1.4211070428190937,81.8,30.4,22.1,25.3,3.455376851789745
2004-04-10,6.890334850922969,1.0471315052351216,85.5,28.7,21.0,23.9,2.421591072446099
2004-04-11,9.766053500479462,0.897541290201533,83.1,29.7,19.8,24.0,3.241098935156601
2004-04-12,8.113155470304786,0.5983608601343553,85.7,30.8,21.3,24.4,2.74705091605019
2004-04-13,6.609079293339125,0.5235657526175608,87.5,28.5,22.0,24.5,2.139708133059791
2004-04-14,6.13212795667379,0.8227461826847385,81.9,29.6,22.0,25.3,2.202621424608663
2004-04-15,8.418616642708928,1.3463119353022994,75.4,31.8,22.3,26.7,3.298410715948863
2004-04-16,9.579223603562262,1.8698776879198602,69.2,32.9,23.5,27.2,4.3181000661735665
2004-04-17,9.589206006341833,1.4959021503358882,74.3,34.8,22.7,27.2,4.116697394086073
2004-04-18,10.680018225281632,1.8698776879198602,72.8,34.4,22.1,26.9,4.628275141428466
2004-04-19,10.31576239522784,1.4959021503358882,69.2,34.3,22.8,28.0,4.362212197918699
2004-04-20,6.023433870034561,1.8698776879198602,82.6,29.5,22.7,25.0,2.6166606489575557
2004-04-22,10.543343616585108,0.7479510751679441,80.4,31.1,21.4,25.4,3.5540977386985917
2004-04-24,8.909758825931478,2.094263010470243,72.8,29.5,22.6,26.0,3.6399545559246844
2004-04-25,3.107805958273712,1.5706972578526825,93.5,24.6,21.1,21.3,1.2954112186368292
2004-04-26,5.285119253923988,0.5983608601343553,88.7,23.1,18.5,20.1,1.618200537594989
2004-04-27,5.756090809391202,0.22438532255038324,84.3,25.2,18.7,21.1,1.7344098033842479
2004-04-30,9.483387646707232,1.121926612751916,74.9,29.8,16.3,21.8,3.5035875112710495
2004-05-01,9.343730616080407,1.5706972578526825,73.5,31.0,16.1,22.4,3.836577933913848
2004-05-04,9.370884805761598,1.645492365369477,82.2,32.6,19.0,23.7,3.8256494704950215
2004-05-05,7.612888042508876,1.0471315052351216,83.2,29.7,20.8,24.4,2.7024942532549434
2004-05-06,4.375691944939968,1.271516827785505,90.6,25.4,21.8,22.9,1.5297371540518245
2004-05-07,4.215143121473585,0.7479510751679441,89.7,27.4,21.6,23.3,1.4916365961213542
2004-05-08,7.3634982739303965,1.0471315052351216,83.3,30.4,20.9,23.8,2.7741993773607048
2004-05-10,7.783290572462112,1.1967217202687106,81.7,26.3,16.0,20.1,2.6915439920199495
2004-05-11,7.800131117308764,1.271516827785505,80.5,25.7,15.8,20.1,2.6797028100250557
2004-05-13,6.911838108461193,1.645492365369477,79.6,29.0,18.3,22.7,2.8241111039662776
2004-05-15,2.7035809636461527,0.897541290201533,92.1,24.2,18.5,20.6,0.9708004992741495
2004-05-16,4.397977854239331,0.8227461826847385,83.3,23.2,18.5,19.9,1.562364548070032
2004-05-19,5.431644677101149,0.9723363977183274,88.1,24.3,18.0,20.4,1.7702688072305734
2004-05-20,3.2647692715738956,1.1967217202687106,93.7,22.4,19.2,19.7,1.1443668979080732
2004-05-21,4.26320351288725,0.4487706451007665,89.6,22.2,17.4,19.0,1.28967297202575
2004-05-22,5.620760897788838,0.4487706451007665,84.3,25.2,17.0,20.4,1.753422957254265
2004-05-23,6.4749288256560895,0.8227461826847385,82.6,26.5,16.7,21.0,2.164967571799155
2004-05-24,7.48492169093037,1.645492365369477,71.2,29.1,18.3,23.3,3.1873063535376436
2004-05-25,5.449075457607471,0.7479510751679441,80.2,28.8,19.4,23.0,2.0300784696652454
2004-05-28,6.342566588538509,1.1967217202687106,77.3,23.1,13.0,17.6,2.212705958890668
2004-05-31,3.4839228027534124,0.8227461826847385,89.5,23.2,18.2,19.8,1.193218027651676
2004-06-08,6.059737509636304,0.37397553758397206,81.3,25.3,16.0,19.3,1.898836256159008
2004-06-09,5.877166820069999,1.795082580403066,72.4,27.0,15.5,21.2,2.644747756912276
2004-06-10,6.459850185627452,2.243853225503832,68.3,29.8,17.1,23.8,3.285175010175824
2004-06-12,6.1742557622893495,3.290984730738954,66.0,30.5,20.9,23.2,4.565388569042753
2004-06-13,3.8265867057602017,2.019467902953449,80.9,18.9,15.1,16.6,1.5833584715930953
2004-06-14,4.623436319209779,0.29918043006717765,80.3,21.0,15.0,17.5,1.3566300681058605
2004-06-15,5.77141388011548,0.6731559676511497,83.1,25.1,14.3,18.6,1.8911147608412666
2004-06-16,6.773783362250007,1.271516827785505,78.4,26.0,14.1,19.5,2.485780256290415
2004-06-17,6.651521363432631,1.795082580403066,72.0,29.2,17.0,22.0,3.145371385862514
2004-06-18,6.475858910214138,1.4959021503358882,70.3,29.8,17.1,21.9,3.122221279529696
2004-06-19,6.379551139993142,1.121926612751916,82.1,26.7,15.7,19.9,2.340580941048371
2004-06-21,6.619679310701337,1.4959021503358882,71.4,27.9,15.1,20.8,2.880836965508319
2004-06-22,6.116162278873642,1.4211070428190937,62.8,29.5,16.5,21.8,3.103851875707333
2004-06-23,6.6778335623585825,2.019467902953449,75.3,27.9,15.0,20.7,3.001757567044878
2004-06-24,6.2559105114101765,1.4959021503358882,74.6,28.5,15.8,21.5,2.7487997145421055
2004-06-25,6.2456845010073705,2.1690581179870376,59.3,28.9,19.8,24.0,3.6117508870685446
2004-06-26,6.452739121207388,1.645492365369477,62.9,29.4,19.3,23.5,3.2857431217358966
2004-06-27,6.692472372094338,2.1690581179870376,63.1,30.1,18.7,24.5,3.5596699697255985
2004-06-28,5.912668639670237,1.9446727954366547,66.7,30.4,20.7,24.0,3.387748379410211
2004-06-29,6.314684690433596,0.7479510751679441,83.3,28.5,16.9,21.3,2.219096708987882
2004-06-30,6.855350323588384,1.271516827785505,74.3,28.6,17.1,22.4,2.756384134157785
2004-07-01,6.49141745826073,2.094263010470243,63.9,30.0,18.3,24.2,3.4685082251151735
2004-07-02,6.563780819284833,1.8698776879198602,61.9,30.9,21.7,24.5,3.766627149674664
2004-07-03,6.935219453745871,1.9446727954366547,67.6,31.9,18.3,24.1,3.6832480460689414
2004-07-04,6.877845222387819,2.243853225503832,74.5,29.6,17.9,23.1,3.2826944179884046
2004-11-02,12.550201252228828,1.7202874728862712,84.9,30.5,21.7,24.5,4.363850733897235
2004-11-03,16.847466970849545,1.8698776879198602,66.5,35.1,21.2,28.0,6.574557150592732
2004-11-04,14.966669656689012,2.393443440537421,54.4,32.6,26.9,29.1,6.7539036730507895
2004-11-05,14.642804989363869,2.019467902953449,65.9,38.3,22.8,28.2,6.720256622853429
2004-11-06,14.48992115728542,2.9170091931549815,70.8,36.7,22.9,27.5,6.854324620701277
2004-11-07,4.593064232300964,2.393443440537421,95.4,24.1,19.2,20.1,1.6910992897397714
2004-11-08,4.502640374594906,0.7479510751679441,94.5,21.4,17.9,19.2,1.2967240791747119
2004-11-09,13.548318780147163,0.9723363977183274,81.0,27.9,18.5,22.4,4.234920159437
2004-11-10,16.943902203181693,2.019467902953449,70.2,32.8,18.3,25.5,6.1318716635464705
2004-11-11,14.662178410897639,2.1690581179870376,60.5,35.4,25.4,29.1,6.572191961326015
2004-11-12,14.100305251639039,1.645492365369477,75.5,31.5,23.0,25.8,5.1517703347408075
2004-11-13,12.244143787665692,2.094263010470243,82.7,27.1,17.2,21.5,3.9835928934184675
2004-11-14,6.4719010949223525,0.8227461826847385,85.1,24.0,18.3,20.8,2.01464056400275
2004-11-15,14.200833453249874,1.5706972578526825,74.6,30.3,19.0,23.6,4.971121604303459
2004-11-16,4.292476718864523,0.7479510751679441,95.2,23.5,21.1,21.8,1.2875476106375967
2004-11-17,6.741762822134911,0.897541290201533,84.4,29.2,21.4,24.8,2.33607288538912
2004-11-18,6.634695212420469,2.094263010470243,87.8,25.8,22.6,23.6,2.3510163351663436
2004-11-19,7.29865122990575,1.0471315052351216,90.1,27.0,21.4,22.8,2.4276145424053626
2004-11-20,14.456279277506333,1.795082580403066,78.5,26.5,18.7,22.3,4.537056152997511
2004-11-21,6.358062541349854,0.897541290201533,83.2,23.5,19.4,21.1,2.038297151181407
2004-11-22,9.574431532821203,0.897541290201533,80.0,25.6,18.0,21.6,3.0038223391805103
2004-11-23,17.153020993040187,1.1967217202687106,71.6,29.3,18.4,23.4,5.539880398319055
2004-11-24,17.993004703882857,2.3186483330206267,72.0,32.3,17.3,23.4,6.623659462478141
2004-11-25,17.807481901453276,1.795082580403066,68.3,35.4,18.3,25.9,6.820009749064456
2004-11-26,16.279523165576645,2.1690581179870376,69.7,35.3,19.9,26.5,6.517320695812387
2004-11-27,13.355633765975266,1.645492365369477,72.4,37.1,21.1,26.8,5.688680778709158
2004-11-28,6.493475017978156,1.3463119353022994,79.7,31.3,22.9,25.4,2.8040191358392934
2004-11-30,16.231863500102833,1.4959021503358882,82.3,27.3,19.0,22.9,4.885859654141335
2004-12-01,6.08328294096238,0.4487706451007665,87.9,25.5,19.0,21.8,1.855781293240407
2004-12-02,11.037230001076379,1.121926612751916,78.9,27.0,19.1,22.8,3.5412364311339464
2004-12-03,8.241952084089222,0.37397553758397206,82.0,27.0,20.4,23.0,2.564801759946757
2004-12-04,9.542256140307742,0.897541290201533,86.0,32.4,21.1,24.7,3.392400968867862
2004-12-05,14.299363543035863,2.3186483330206267,73.7,32.3,23.7,26.9,5.536504413430003
2004-12-06,16.29406690739898,1.7202874728862712,79.3,32.6,22.1,26.1,5.674497098904104
2004-12-07,12.264495542256913,1.795082580403066,79.3,34.5,22.8,26.1,4.993203850469488
2004-12-08,12.978829032551467,1.795082580403066,70.2,36.5,22.7,28.1,5.542627106945006
2004-12-09,12.804545764778805,2.3186483330206267,78.0,31.8,25.2,26.8,5.060477447733009
2004-12-10,6.542119906674197,1.645492365369477,92.1,25.0,21.8,22.9,2.057378824838663
2004-12-11,5.586550952658602,0.9723363977183274,93.0,23.4,20.9,21.6,1.6907447181895818
2004-12-12,15.13990003612176,1.645492365369477,82.7,27.3,17.8,22.1,4.612448508769017
2004-12-13,16.726627311369548,1.4959021503358882,82.0,28.0,19.7,23.1,5.173298504058264
2004-12-14,14.931254060129396,1.5706972578526825,81.0,28.7,19.1,23.2,4.794506310758343
2004-12-15,16.12766695777805,1.1967217202687106,79.2,31.1,20.3,25.0,5.254738115993489
2004-12-16,18.53154889820204,1.7202874728862712,70.8,35.6,21.5,27.5,6.873720788001442
2004-12-18,15.42482193726259,1.4211070428190937,84.0,31.5,22.8,25.9,5.125677126718544
2004-12-19,7.918259683499663,0.5983608601343553,83.9,29.7,22.9,26.1,2.5873060317471497
2004-12-20,9.268557817485618,1.4959021503358882,77.3,32.8,25.2,26.8,3.8871887527071687
2004-12-21,6.2734122476049095,1.9446727954366547,92.1,26.4,23.5,24.1,2.168438911111155
2004-12-22,4.92772525495088,0.7479510751679441,93.6,22.5,20.1,21.1,1.4325467826283418
2004-12-23,3.8486055518523936,0.8227461826847385,96.7,22.3,18.8,20.5,1.063518498872096
2004-12-24,14.052963022649294,1.3463119353022994,89.4,32.3,20.4,23.6,4.80279697761136
2004-12-25,11.977383115825305,1.271516827785505,87.3,28.3,20.5,23.9,3.7259891207641247
2004-12-26,16.462970981064096,1.7202874728862712,82.8,35.6,21.4,25.9,6.109481779740503
2004-12-27,10.094527143504404,1.7202874728862712,79.7,30.2,22.5,25.6,3.743695554809238
2004-12-28,14.238211622630347,1.5706972578526825,84.0,29.2,22.0,25.0,4.56868688955312
2004-12-29,15.817868808424429,1.795082580403066,80.0,31.0,22.5,25.6,5.4016928009224685
2004-12-30,17.291269713992524,1.7202874728862712,81.6,32.9,23.4,26.5,5.974877959754406
2004-12-31,18.430147691342157,1.5706972578526825,81.9,32.7,23.3,26.9,6.1237456814785745
2005-01-01,16.63645920961682,1.795082580403066,83.1,30.9,22.1,26.1,5.3312929202416965
2005-01-02,13.052963336147092,0.9723363977183274,83.0,32.7,22.2,25.6,4.478760204188548
2005-01-03,17.53891134671224,1.7202874728862712,68.6,34.6,21.5,27.6,6.538651797705077
2005-01-04,10.076354808714825,1.795082580403066,64.1,30.4,24.4,27.4,4.272786375670457
2005-01-05,8.105749310954051,1.8698776879198602,75.9,30.2,23.2,26.6,3.298229798582087
2005-01-06,10.632940963456546,2.019467902953449,71.9,31.7,23.8,27.8,4.265455887158493
2005-01-07,13.141901071610084,1.8698776879198602,71.2,34.7,25.5,28.3,5.475415446213275
2005-01-08,15.83326883876663,1.8698776879198602,71.9,33.9,25.5,28.3,6.069021691273773
2005-01-09,17.249931594890946,1.7202874728862712,75.7,35.5,23.6,27.6,6.46414753899616
2005-01-10,17.630564702625925,2.1690581179870376,66.0,36.2,23.9,29.8,6.997877609378495
2005-01-11,7.000056177835002,0.8227461826847385,90.0,29.7,23.3,25.2,2.374697147390683
2005-01-13,17.351165164398957,1.3463119353022994,81.0,29.2,20.2,24.1,5.448867698972703
2005-01-14,16.077221781550925,0.897541290201533,78.1,31.0,20.1,25.0,5.172074375320473
2005-01-15,18.218254783609158,1.3463119353022994,73.5,35.7,21.4,28.3,6.413358905968789
2005-01-16,16.360526833893257,2.1690581179870376,68.5,36.7,27.0,30.0,6.896165887022087
2005-01-17,6.221459947291871,1.0471315052351216,89.7,27.3,24.6,25.5,2.067274621592473
2005-01-18,10.065810927016056,1.121926612751916,92.5,29.5,23.8,25.0,3.2888816259106313
2005-01-19,10.551687271529767,1.1967217202687106,89.7,30.7,23.4,25.8,3.508290787343162
2005-01-20,9.036357641797526,0.5983608601343553,81.8,34.0,24.2,27.6,3.203050517331927
2005-01-21,8.639349496401081,1.5706972578526825,86.2,30.6,24.5,26.7,3.1095715405331124
2005-01-22,14.780183043883438,1.5706972578526825,88.2,30.5,23.9,26.6,4.686691607374405
2005-01-23,14.112981452990638,1.7202874728862712,86.3,30.8,23.8,26.6,4.608786443470135
2005-01-24,15.436454577341749,1.121926612751916,87.0,33.2,23.5,26.4,5.182596531906744
2005-01-25,14.056396400908772,2.094263010470243,70.5,37.6,24.0,28.9,6.178190631685199
2005-01-26,5.410282324919777,2.1690581179870376,95.3,26.8,21.3,22.2,2.052687911691319
2005-01-27,4.281355733640404,0.29918043006717765,96.0,21.6,19.1,20.2,1.1994886926120043
2005-01-28,6.134752649519526,0.8227461826847385,92.1,23.9,19.3,21.1,1.8334929556753108
2005-01-29,9.283450130263201,0.5235657526175608,86.9,28.1,20.4,23.3,2.8947041577805184
2005-01-30,13.697024619091625,1.121926612751916,86.2,30.2,21.8,24.7,4.439109064525374
2005-01-31,9.59837128243955,1.8698776879198602,92.0,28.2,21.9,23.9,3.1334810097066
2005-02-01,14.349005500154835,1.8698776879198602,89.6,28.2,21.7,24.0,4.397473012798475
2005-02-02,14.616965760838957,1.0471315052351216,87.5,31.9,22.1,24.8,4.859191387580668
2005-02-03,15.83386431582139,1.645492365369477,86.6,31.0,21.4,25.2,5.075328382064367
2005-02-04,7.7048590074397225,1.4959021503358882,93.8,26.9,23.3,24.2,2.4237626916767763
2005-02-05,10.056343636337324,1.5706972578526825,92.2,26.7,21.8,23.1,3.1358412056541227
2005-02-06,14.399435952857779,1.4211070428190937,81.5,28.5,20.9,23.6,4.70684005757224
2005-02-07,16.184912644894805,1.3463119353022994,78.8,27.8,17.6,22.6,4.966672799945958
2005-02-08,14.714069385229585,1.0471315052351216,79.8,27.9,16.8,22.5,4.466179291651537
2005-02-09,12.149596234588426,1.121926612751916,81.4,27.8,17.6,22.4,3.8102406553884793
2005-02-10,16.944070512901057,1.0471315052351216,74.8,31.9,18.4,24.4,5.6205304271971785
2005-02-12,6.549126077051597,1.271516827785505,81.5,28.5,20.3,23.6,2.4770671174554058
2005-02-13,16.167677667028734,1.9446727954366547,81.8,30.7,20.1,24.3,5.36005665726186
2005-02-14,14.934128392398144,1.7202874728862712,84.4,28.8,20.1,24.1,4.6448579861740695
2005-02-15,16.013242145022232,1.645492365369477,79.9,31.2,20.0,24.7,5.377369948709282
2005-02-16,14.766286451252785,1.5706972578526825,82.7,30.3,20.6,24.7,4.830171468554865
2005-02-17,15.10670399851102,1.645492365369477,79.4,34.4,21.7,26.6,5.508493132677105
2005-02-18,14.886762155504531,1.9446727954366547,81.6,32.8,21.9,26.7,5.1614081226243576
2005-02-19,12.334498754099195,1.4959021503358882,85.3,31.2,22.4,26.1,4.14530757080975
2005-02-20,12.218813066834091,1.645492365369477,84.6,29.2,20.9,25.0,3.892902692981169
2005-02-21,14.36204501104421,1.7202874728862712,80.8,29.6,20.0,24.3,4.722510140078972
2005-02-22,16.06065002825364,1.7202874728862712,77.6,33.3,19.3,24.8,5.783101920723751
2005-02-23,13.129711844997813,1.7202874728862712,77.1,34.1,21.2,26.8,4.954774834385844
2005-02-24,14.813007324449924,0.5235657526175608,85.3,32.2,22.4,26.5,4.71023753312206
2005-02-25,11.916739137453693,0.897541290201533,81.6,33.8,23.7,27.4,4.167087276670215
2005-02-26,11.603196514640178,1.8698776879198602,70.9,36.3,24.2,28.1,5.24671859643556
2005-02-27,11.747443398022517,1.1967217202687106,69.2,35.0,25.4,28.9,4.671073144614036
2005-02-28,13.612475179877228,1.8698776879198602,77.3,33.5,22.1,27.0,5.076818639437432
2005-03-01,12.09013300993535,1.4211070428190937,87.5,31.2,23.5,26.1,4.083366935386132
2005-03-02,10.747337700493661,1.4959021503358882,85.2,28.7,21.6,24.3,3.583349560295407
2005-03-03,3.5006861321496725,0.7479510751679441,97.1,22.9,19.8,20.8,1.0257133951841666
2005-03-04,8.555330642113383,0.5983608601343553,89.4,26.9,20.4,22.7,2.636164262703141
2005-03-05,6.754720330667518,0.8227461826847385,90.0,26.8,21.0,23.2,2.1490749747342517
2005-03-06,14.514061956591235,1.3463119353022994,83.8,29.4,20.7,24.3,4.633587456432891
2005-03-07,15.026150028817339,1.271516827785505,81.9,32.9,20.6,25.3,5.130370893584586
2005-03-08,15.080423544053446,1.0471315052351216,80.6,34.5,21.7,26.7,5.216484657804517
2005-03-09,15.702351072427106,0.5983608601343553,81.4,35.1,21.6,27.0,5.216956474966459
2005-03-10,14.067299210847874,0.14959021503358882,84.1,32.1,22.4,26.2,4.406044395043188
2005-03-11,14.45393020467742,0.0,81.1,31.1,24.2,27.2,4.50062881769014
2005-03-12,14.965117850554032,0.9723363977183274,83.3,33.6,22.1,26.9,4.991026883380064
2005-03-14,12.243328874546844,1.4211070428190937,69.4,34.9,24.2,29.3,4.808347147647799
2005-03-15,11.58517494087026,1.795082580403066,67.4,35.2,27.9,29.9,5.217234376971561
2005-03-16,12.881103760318368,1.7202874728862712,65.6,35.9,25.1,30.1,5.469149506715796
2005-03-17,7.3078420521953085,1.3463119353022994,77.4,33.1,24.7,27.3,3.1674312159881013
2005-03-18,8.80887540109658,1.3463119353022994,86.7,33.2,23.7,25.6,3.507059785035281
2005-03-19,8.727446255774224,1.121926612751916,88.3,31.4,22.1,25.2,3.0760585096375053
2005-03-20,11.220651713014629,1.1967217202687106,83.5,33.4,22.9,26.3,4.0907608204615205
2005-03-21,9.099011292801652,0.8227461826847385,85.0,33.6,23.0,26.0,3.3105006491631586
2005-03-22,7.709877284309798,1.121926612751916,85.2,32.7,23.0,26.0,2.969418303638583
2005-03-23,10.035666030884881,1.1967217202687106,80.4,35.2,24.1,27.1,4.021762161216459
2005-03-24,7.219164104149967,0.897541290201533,92.8,31.4,23.3,25.2,2.544874762617077
2005-03-25,7.265312054285575,1.121926612751916,93.9,27.0,22.0,23.5,2.296436313693085
2005-03-26,5.655677761766229,0.7479510751679441,91.5,26.0,21.1,22.6,1.8104926597571884
2005-03-27,10.681104316744682,0.5983608601343553,87.0,29.2,20.0,23.6,3.349630837865973
2005-03-28,10.60449482881789,0.5235657526175608,84.2,30.7,21.6,24.6,3.455596539332963
2005-03-29,12.623429173709013,1.0471315052351216,77.6,32.2,20.4,25.9,4.343968088289786
2005-03-30,12.338669140971211,1.795082580403066,76.3,33.5,21.6,26.4,4.815464750016915
2005-03-31,12.167587213441807,0.9723363977183274,84.3,32.6,21.2,25.6,4.138301398346661
2005-04-01,11.896762500510418,0.9723363977183274,80.6,32.5,21.9,26.5,4.095646812038715
2005-04-02,11.604234110633913,1.9446727954366547,66.4,33.7,25.0,28.7,5.008446369052387
2005-04-03,12.0243650585949,1.795082580403066,65.1,35.8,26.1,29.4,5.411204520479468
2005-04-04,11.4947818921239,1.795082580403066,74.8,34.2,24.3,28.3,4.63951369477304
2005-04-05,7.797136183796142,0.897541290201533,90.5,29.7,22.5,25.5,2.537991603984216
2005-04-06,7.9678917442823565,0.6731559676511497,88.7,30.2,24.3,26.2,2.6452172675524204
2005-04-07,11.440804769562652,0.6731559676511497,84.0,33.9,22.3,26.7,3.9029672958924353
2005-04-08,11.964986099418057,1.3463119353022994,77.8,35.6,22.8,28.1,4.59030738611219
2005-04-09,10.8961586177009,1.1967217202687106,87.7,30.8,22.6,25.9,3.593580464417009
2005-04-10,10.768704605509129,0.8227461826847385,84.4,32.7,21.6,26.2,3.6540556421723567
2005-04-11,11.54266309535156,1.3463119353022994,77.7,33.7,22.3,27.4,4.2825633292389576
2005-04-12,11.184815276617055,1.5706972578526825,74.5,35.7,22.8,27.9,4.64471106523903
2005-04-13,11.07822712422088,1.4211070428190937,86.4,30.8,20.4,25.1,3.6685581186160303
2005-04-14,10.464059584154086,1.271516827785505,79.6,32.7,21.0,25.8,3.9029707957982156
2005-04-15,10.809379603896454,1.8698776879198602,69.8,33.6,21.7,27.6,4.516715838291361
2005-04-16,10.306997433003012,2.094263010470243,69.1,34.1,23.2,28.0,4.670184911668308
2005-04-17,8.294442411013458,1.271516827785505,87.5,29.6,22.2,25.1,2.833148174188946
2005-04-18,4.94128203310644,0.37397553758397206,89.1,26.8,21.1,23.7,1.5363908804317576
2005-04-19,9.717552967701698,0.897541290201533,78.9,32.8,20.7,25.6,3.5063320867620926
2005-04-20,10.099075350104483,1.645492365369477,76.7,32.6,21.6,26.6,3.9304172764072365
2005-04-21,5.721125908666655,0.6731559676511497,86.7,28.6,22.5,24.5,1.9631572435299705
2005-04-22,7.3223607055941535,1.1967217202687106,90.1,27.0,19.5,22.4,2.3776245114709633
2005-04-23,8.859475788925671,1.271516827785505,85.2,30.4,19.5,23.8,3.1473041364066305
2005-04-24,9.925368380672872,1.0471315052351216,82.5,30.6,20.1,24.2,3.4447858301272656
2005-04-25,8.695212787578251,1.8698776879198602,80.2,31.1,20.7,25.4,3.425294922267536
2005-04-26,3.647529681982336,2.3186483330206267,95.7,25.7,20.2,20.3,1.7764712881844638
2005-04-27,7.171882679520272,0.8227461826847385,87.4,24.7,17.8,20.2,2.249747283671205
2005-04-29,6.487450198847171,1.4211070428190937,89.5,25.7,20.0,22.1,2.1385358391499256
2005-04-30,4.930107320175476,1.795082580403066,90.8,24.8,19.9,21.5,1.756722527337495
2005-05-01,7.044025224049685,1.271516827785505,86.9,25.6,17.1,19.9,2.415601733482818
2005-05-02,7.120014196130549,0.9723363977183274,88.3,24.8,16.4,19.5,2.256797942374964
2005-05-03,5.614470992640412,0.4487706451007665,90.1,24.6,16.7,19.5,1.6975731314592093
2005-05-04,8.762008109073186,0.7479510751679441,84.6,27.7,14.8,19.9,2.81280362199807
2005-05-05,8.781989250994503,0.897541290201533,81.2,28.0,16.5,21.3,2.9386537285558854
2005-05-06,8.847333240845266,1.0471315052351216,80.3,28.8,16.6,21.9,3.0823758481017713
2005-05-07,8.617848205783298,1.121926612751916,73.1,30.2,19.7,24.0,3.308722039017918
2005-05-08,8.421215312503582,1.4211070428190937,81.3,30.3,17.3,23.1,3.1478616867363343
2005-05-09,8.111873968831151,1.0471315052351216,83.8,30.0,21.2,24.2,2.9177639486874285
2005-05-10,6.715861532237996,0.897541290201533,84.0,30.1,20.3,23.9,2.4546244854576678
2005-05-11,9.021895678287947,0.897541290201533,81.6,32.7,19.3,24.8,3.2645943114204634
2005-05-12,9.006852133428623,1.645492365369477,76.0,33.0,20.5,25.9,3.7698245966976414
2005-05-13,8.865745715140843,1.4211070428190937,77.9,31.4,19.5,24.7,3.4612230070364296
2005-05-14,8.657378100276441,1.8698776879198602,72.3,31.1,19.0,24.8,3.705991704236171
2005-05-15,8.570233304476236,1.795082580403066,71.3,31.5,19.5,25.3,3.678746331345171
2005-05-16,8.545726402819286,1.9446727954366547,69.1,30.8,20.3,26.0,3.670538654758406
2005-05-17,8.170874032775012,1.7202874728862712,66.8,33.5,23.9,26.7,4.115223456926681
2005-05-18,7.635496931351858,1.3463119353022994,79.3,32.4,18.5,23.7,3.2060673681223286
2005-05-19,8.277991416684577,1.8698776879198602,81.4,33.0,20.1,24.8,3.6609760724961076
2005-05-20,7.992150600964961,1.0471315052351216,80.3,33.1,20.2,25.5,3.088687933733877
2005-05-21,7.215111278563718,1.7202874728862712,71.3,34.1,21.2,26.9,3.5712660669191414
2005-05-22,2.886688232610538,1.5706972578526825,95.6,25.4,18.8,20.8,1.1500181739262227
2005-05-24,5.32284589907589,1.4211070428190937,84.6,27.9,18.5,22.7,2.0525589119895034
2005-05-25,2.2251667277154055,1.121926612751916,85.5,24.7,20.2,22.0,1.0143530227525575
2005-05-26,6.175444988516132,1.4959021503358882,84.7,25.3,18.4,21.3,2.19305864665461
2005-05-27,7.421165734553846,0.9723363977183274,81.4,26.8,15.1,20.1,2.5330732554252946
2005-05-28,7.126334517992766,1.121926612751916,76.6,27.8,15.3,21.2,2.6319203466734526
2005-05-29,7.527495007572973,1.121926612751916,79.2,28.7,15.6,21.3,2.7803077454028813
2005-05-30,7.087651005746263,1.1967217202687106,83.8,29.4,16.7,21.7,2.650933989839059
2005-05-31,7.169281861109001,0.9723363977183274,85.3,28.8,17.8,22.5,2.4711793069201913
2005-06-01,5.707959983639923,0.8227461826847385,86.4,27.2,18.5,22.2,1.9213998398865895
2005-06-02,5.538784621014343,1.121926612751916,85.3,26.9,19.2,22.2,2.0132780853046297
2005-06-03,7.375374904604812,0.9723363977183274,80.8,29.6,16.9,22.1,2.6887924293835894
2005-06-04,7.390144765597395,0.897541290201533,81.3,29.1,17.3,22.4,2.6028856845778394
2005-06-05,7.2276655447517415,1.1967217202687106,79.8,28.3,17.0,22.3,2.6213965723043886
2005-06-06,7.133688960164215,1.271516827785505,81.9,28.1,17.8,21.8,2.6553127218542625
2005-06-07,6.759420146296701,0.8227461826847385,82.3,28.1,16.4,21.5,2.3360055717600594
2005-06-08,7.16131866499602,1.1967217202687106,78.8,29.7,16.0,21.9,2.7967228141293017
2005-06-09,7.035735704602037,1.1967217202687106,77.5,30.2,17.2,22.8,2.8027323513905613
2005-06-10,7.128698885201596,1.4959021503358882,76.3,28.4,16.4,21.9,2.870078871094623
2005-06-11,6.974581728851925,1.8698776879198602,70.9,28.6,17.4,22.9,3.093784711889129
2005-06-12,6.914459481852852,2.019467902953449,66.4,29.9,19.4,24.2,3.499446559628264
2005-06-13,6.898314831502559,1.9446727954366547,66.7,29.4,18.7,24.3,3.285824803233608
2005-06-14,6.743882208585873,1.8698776879198602,63.5,30.4,21.5,25.3,3.537352065485923
2005-06-15,6.907458410823095,1.8698776879198602,71.0,31.6,21.9,24.2,3.668353595490744
2005-06-16,6.945443384546849,0.897541290201533,82.6,30.3,15.9,22.1,2.5335230827851682
2005-06-17,6.745435097030216,1.9446727954366547,70.6,31.4,19.3,24.2,3.479473855717443
2005-06-18,6.698838780047996,1.271516827785505,79.4,31.8,15.6,22.7,2.858304148830654
2005-06-19,5.896723252476095,1.121926612751916,83.3,28.0,19.8,23.0,2.201957026449875
2005-06-20,4.225433463339848,0.7479510751679441,91.4,27.8,16.8,20.3,1.5509336095473656
2005-06-21,3.1113558117637163,1.4211070428190937,97.1,20.5,18.6,18.7,0.9729649610966797
2005-06-22,4.512234549111077,0.29918043006717765,89.0,22.8,16.6,18.7,1.3349677976649041
2005-06-23,6.2740193429870565,0.8227461826847385,82.8,25.2,14.8,19.0,2.1093409659066986
2005-06-24,6.544333656773595,1.8698776879198602,78.5,25.5,16.2,20.3,2.5766273514848392
2005-07-01,6.1436810303897165,0.897541290201533,87.9,27.4,19.0,21.9,2.1135797845907938
2005-07-02,6.943414507272761,1.3463119353022994,80.5,29.9,17.3,22.8,2.7348243757893784
2005-07-03,6.777469533333419,1.5706972578526825,65.0,32.0,21.4,24.7,3.5745616191682865
2005-07-04,6.557624948055137,1.5706972578526825,62.4,31.0,17.9,23.2,3.446067137185819
2005-07-05,6.611793980785091,2.3186483330206267,70.8,27.5,18.6,23.0,3.1216925381847833
2005-07-06,2.6593029930458956,1.3463119353022994,96.9,21.5,19.0,19.1,0.9205642287634949
2005-07-07,2.5481846349787576,1.7202874728862712,95.0,18.0,15.7,16.7,0.7571788662014575
2005-07-08,4.967075053542762,0.5983608601343553,90.3,21.9,14.9,16.8,1.5246219968337684
2005-07-09,5.713860197448932,0.8227461826847385,88.5,22.4,12.6,16.7,1.7279194263329416
2005-07-10,4.751010473469591,0.6731559676511497,90.4,22.5,12.4,16.7,1.4322109938866059
2005-07-11,7.127682452225416,0.7479510751679441,83.5,26.2,13.5,18.7,2.324198957074002
2005-07-12,7.072534279553447,1.3463119353022994,81.0,27.7,13.3,19.3,2.719564996955813
2005-07-13,6.910420584832587,0.897541290201533,83.9,26.1,14.0,19.0,2.301520304874349
2005-07-14,7.349120197079942,0.8227461826847385,80.1,26.5,14.4,20.0,2.428996664935672
2005-07-15,6.720915076896186,1.3463119353022994,78.4,27.0,13.4,19.8,2.5412026036250794
2005-07-16,7.116691454310672,1.8698776879198602,64.1,30.6,16.2,23.1,3.601381073159945
2005-07-17,6.954310204844799,2.1690581179870376,59.0,32.4,20.6,25.1,4.266091372620091
2005-07-18,2.9128401898874765,1.5706972578526825,86.8,22.4,18.9,20.0,1.2424934241025254
2005-07-19,2.362227328788461,1.0471315052351216,97.0,18.0,17.2,17.1,0.6852864781529039
2005-07-20,2.9683138409523107,0.5235657526175608,96.6,19.0,15.8,16.7,0.8317324951216793
2005-07-21,6.295204769819495,0.897541290201533,84.1,24.9,15.7,19.5,2.0739723863435175
2005-07-22,7.472778639108449,1.7202874728862712,76.6,27.9,16.5,21.6,3.010674576781364
2005-07-23,7.676244442297936,1.9446727954366547,71.7,30.5,16.6,23.2,3.524265282196173
2005-07-25,3.941083133004221,0.897541290201533,91.4,24.2,18.7,20.7,1.3050232568840399
2005-07-26,4.3248350069019645,1.121926612751916,87.1,22.6,18.3,19.3,1.5504879681876511
2005-07-27,3.1320614486955023,0.37397553758397206,85.9,21.1,17.2,18.7,0.9671962687139957
2005-07-28,7.396548371124975,1.271516827785505,84.3,27.0,16.6,20.2,2.662423059398378
2005-07-29,8.168578056689391,1.4211070428190937,86.0,27.0,15.4,20.3,2.752854419815732
2005-07-30,8.12719116412659,1.1967217202687106,81.4,29.0,14.3,20.3,3.001606992241172
2005-07-31,8.21216694691785,1.271516827785505,76.9,29.4,14.2,20.7,3.1751264321526307
2005-08-01,8.156087867787518,1.7202874728862712,63.5,29.7,17.0,22.9,3.7395262250469616
2005-08-02,8.257031933900498,2.094263010470243,65.5,29.9,16.7,22.3,4.033853926667698
2005-08-03,8.33701878955595,1.8698776879198602,68.5,30.1,15.5,22.3,3.7795682868594134
2005-08-04,8.380224282031001,1.4211070428190937,69.5,30.6,14.3,21.7,3.5660729292946356
2005-08-05,8.613709253137447,1.5706972578526825,74.2,29.4,14.2,21.1,3.4825430039840066
2005-08-06,8.59437334428154,1.795082580403066,71.4,30.8,14.8,21.6,3.891520863406335
2005-08-07,8.635208996296086,2.094263010470243,72.4,30.7,15.7,21.6,4.03782450965823
2005-08-08,8.107399624076153,1.4211070428190937,83.2,29.6,16.6,21.0,3.167883939936411
2005-08-09,7.714725933999924,1.3463119353022994,82.7,28.4,18.4,21.6,2.925409375910917
2005-08-10,6.578321580623054,1.3463119353022994,77.6,30.8,16.7,21.6,2.983204985486707
2005-08-11,7.644400076011994,1.271516827785505,75.2,25.3,15.1,19.8,2.732751698285318
2005-08-12,4.757461292162464,0.9723363977183274,81.5,24.0,15.7,19.9,1.6227825141675591
2005-08-13,5.563453311523156,1.1967217202687106,86.9,26.0,18.2,20.8,2.016148173489394
2005-08-14,9.119559149663843,1.271516827785505,81.7,31.0,18.9,23.3,3.434100346421422
2005-08-15,9.252489770675355,1.121926612751916,83.5,31.6,16.2,22.5,3.377266939730511
2005-08-16,8.954599878562316,1.4211070428190937,75.8,30.5,17.3,23.3,3.482454550528583
2005-08-17,8.777809285596454,1.7202874728862712,68.9,30.6,18.1,24.2,3.7403063895168627
2005-08-18,9.188815439043413,2.692623870604599,69.3,32.0,22.0,24.3,4.946908248024576
2005-08-19,6.735676429083364,0.9723363977183274,87.2,27.2,18.5,21.6,2.2920669203502277
2005-08-20,7.034337916568623,1.0471315052351216,87.8,26.7,18.4,21.6,2.3290726496881295
2005-08-21,8.229838936941086,0.897541290201533,79.0,29.5,17.5,22.6,2.913247498178529
2005-08-22,9.508273485259853,2.019467902953449,67.0,30.7,16.7,23.3,4.266159100374748
2005-08-23,9.159357593182163,1.9446727954366547,55.0,32.5,17.5,25.3,4.662428298338556
2005-08-24,8.497070332501458,2.3186483330206267,50.2,34.8,21.7,26.3,5.529081239623438
2005-08-25,3.4555208125225416,1.8698776879198602,88.0,23.9,20.0,20.2,1.6518411221630906
2005-08-26,5.466267939513296,0.5983608601343553,86.9,24.5,17.4,19.9,1.7377289392197817
2005-08-27,8.69259412336455,1.4211070428190937,74.0,31.9,17.7,24.0,3.595551883551048
2005-08-28,9.3337873346447,2.3186483330206267,50.9,34.7,22.9,28.4,5.470196503375494
2005-08-29,9.386426953779763,2.393443440537421,44.1,36.8,24.7,29.7,6.225156227959231
2005-08-30,8.999742956847225,2.692623870604599,45.2,38.4,25.8,30.9,6.594020190718513
2005-08-31,9.97278220903124,2.9170091931549815,67.5,31.0,24.1,27.1,4.828527884291825
2005-09-01,8.636621118808446,1.121926612751916,79.4,32.5,22.4,25.8,3.3556251693505486
2005-09-02,4.2016465428612815,1.5706972578526825,88.0,25.7,21.6,22.8,1.6716212659940712
2005-09-03,4.082527047277349,1.3463119353022994,82.8,24.2,19.2,21.0,1.6450544779938343
2005-09-04,10.65207786382529,1.8698776879198602,74.8,33.9,16.9,23.6,4.700252895477354
2005-09-05,5.757831689279345,2.1690581179870376,74.2,30.9,20.1,23.5,3.3146391479632995
2005-09-06,4.378787084673093,1.7202874728862712,93.4,24.1,18.7,20.3,1.5389602259598425
2005-09-07,3.018233123378028,0.8227461826847385,96.3,19.8,18.0,18.6,0.8496218861178526
2005-09-08,4.327799924030541,0.8227461826847385,90.9,22.9,17.4,19.1,1.396773633641859
2005-11-08,3.6779883761951466,1.271516827785505,96.5,22.0,20.8,20.6,1.1329934447548107
2005-12-02,4.577136694117601,1.7202874728862712,93.9,25.7,23.1,23.3,1.629787056301418
2005-12-03,10.30692546876093,2.019467902953449,84.5,26.0,18.6,20.9,3.5131776478468533
2005-12-04,18.002254517941733,1.4211070428190937,75.0,29.7,15.7,22.0,5.762371296286251
2005-12-05,17.117940935076856,1.4211070428190937,66.5,33.6,17.9,25.6,6.126127976707269
2005-12-06,7.353808367005002,1.7202874728862712,75.7,30.7,24.3,26.0,3.3256522449793247
2005-12-07,6.293852215535191,2.6178287630878043,82.0,25.0,21.2,22.7,2.5569926939149745
2005-12-08,6.952332392182035,0.4487706451007665,86.8,24.0,18.5,20.5,2.0768648751696475
2005-12-09,16.71448737755914,1.7202874728862712,81.3,31.8,17.3,22.9,5.661612785121543
2005-12-10,13.33026344511141,1.645492365369477,85.3,34.5,19.9,24.6,5.000060604161751
2005-12-11,5.364017682782692,1.1967217202687106,94.0,24.5,20.3,22.4,1.575253594285018
2005-12-12,3.60196075345244,0.897541290201533,96.1,21.6,20.3,20.5,1.0540715785560733
2005-12-13,11.017868970244336,0.897541290201533,86.2,27.4,18.9,22.3,3.413997427197898
2005-12-14,10.666342592821607,1.3463119353022994,86.8,26.7,19.3,22.6,3.293647113030023
2005-12-15,7.736129369064264,0.8227461826847385,88.7,25.3,19.0,22.0,2.3274346445418908
2005-12-16,14.582967049088552,0.7479510751679441,82.2,34.4,20.2,24.8,4.956173243666555
2005-12-17,14.632909239183348,1.7202874728862712,60.5,36.3,21.9,28.7,6.179567098759749
2005-12-18,11.275577547468103,1.3463119353022994,72.3,34.2,23.4,27.0,4.538553282550063
2005-12-19,10.614079556880645,0.897541290201533,80.0,32.0,21.9,25.5,3.737710450113134
2005-12-20,14.171171194839513,2.1690581179870376,66.9,35.8,23.6,27.7,6.28008521260182
2005-12-21,8.80197513997977,0.9723363977183274,88.1,29.6,22.3,24.6,2.9614337919760576
2005-12-22,14.84461096551453,1.0471315052351216,82.4,34.1,23.5,26.5,5.205639439075656
2005-12-23,17.85084639415898,1.1967217202687106,70.3,35.7,22.4,28.7,6.39719790713799
2005-12-24,15.735023335956036,2.243853225503832,60.7,36.6,23.9,29.2,6.979039053683182
2005-12-25,6.178309267428184,0.897541290201533,94.0,27.1,22.1,23.0,2.0307793219144967
2005-12-26,11.73097013476315,0.9723363977183274,83.5,27.5,20.1,22.9,3.70444345020532
2005-12-27,14.71286389838524,1.121926612751916,78.1,29.1,18.3,23.3,4.683434819735273
2005-12-28,12.888778905245971,1.271516827785505,78.5,27.9,17.7,23.0,4.068237483930137
2005-12-29,16.708221666085258,1.3463119353022994,78.1,30.6,17.7,23.7,5.374372436889225
2005-12-30,16.635473263357106,1.4959021503358882,77.5,33.9,19.4,25.5,5.868944601768068
2005-12-31,14.304466625429182,1.7202874728862712,73.8,35.6,21.8,26.4,5.787602308648533
2006-01-01,12.815958561232703,1.5706972578526825,78.5,32.4,21.9,25.8,4.703127398808411
2006-01-02,4.589772092979291,0.37397553758397206,92.7,26.6,21.0,23.9,1.3805424275744889
2006-01-03,7.5834945604960495,1.4211070428190937,82.1,31.2,23.1,25.2,3.0907725349854047
2006-01-04,8.244496747914408,1.8698776879198602,91.5,29.6,22.1,24.1,2.995318088945072
2006-01-05,6.740897228713382,0.5235657526175608,94.4,25.1,20.2,22.3,1.9721692849851817
2006-01-06,4.819824517934846,0.22438532255038324,95.9,25.1,21.8,23.2,1.421991694725494
2006-01-07,16.586587475097303,1.4959021503358882,85.3,30.4,20.6,24.8,5.2037922535140435
2006-01-08,17.896445665914122,1.271516827785505,76.9,34.3,20.6,26.6,6.154238166140106
2006-01-09,18.201133931975264,1.645492365369477,67.5,34.7,22.6,28.3,6.691619847171694
2006-01-10,17.955389208115648,1.9446727954366547,63.5,34.8,23.2,28.3,7.04183757789492
2006-01-11,16.431445806340673,1.1967217202687106,71.9,33.8,21.6,27.2,5.741541277423346
2006-01-12,16.268421210047013,0.8227461826847385,74.0,33.9,21.5,27.1,5.489655173667245
2006-01-13,16.677578468395534,1.645492365369477,65.5,33.8,23.2,28.1,6.27083465768115
2006-01-14,18.1472032379167,2.019467902953449,65.8,36.1,22.6,28.2,7.235200383128143
2006-01-15,18.1120936940634,1.645492365369477,72.3,36.1,21.0,27.4,6.773888163932945
2006-01-16,17.918129635343693,1.795082580403066,74.1,35.0,21.3,26.8,6.63526399609892
2006-01-17,17.960869782969375,1.8698776879198602,80.1,33.7,21.0,25.6,6.343934069823653
2006-01-18,16.653790017705063,1.5706972578526825,80.9,33.5,22.0,25.8,5.84028503270652
2006-01-19,17.083825451879246,1.1967217202687106,73.5,35.9,20.6,27.3,6.132153416273128
2006-01-20,17.78299779743672,1.4959021503358882,64.3,36.2,22.3,28.9,6.792995285362866
2006-01-21,17.42001413311164,2.019467902953449,58.5,36.3,23.5,29.7,7.2889316051304425
2006-01-22,17.45584975099837,2.1690581179870376,56.9,38.4,24.4,29.5,7.9547204636954145
2006-01-23,16.96279712471975,1.795082580403066,80.5,32.5,21.2,26.2,5.710302305997742
2006-01-24,17.379704096581165,1.795082580403066,72.9,39.0,22.8,28.4,7.133176571735407
2006-01-25,16.023957308883777,1.795082580403066,66.5,38.9,22.2,29.2,6.778158148515762
2006-01-26,15.9571041699791,2.3186483330206267,79.9,35.7,23.7,27.5,6.323770193869915
2006-01-27,8.27241847998932,1.4211070428190937,90.2,30.9,24.1,25.6,3.0366752267887103
2006-01-28,13.038373957976608,1.4211070428190937,86.3,32.5,21.4,25.0,4.555343900076519
2006-01-29,9.25126874760953,0.9723363977183274,88.7,32.4,22.6,24.7,3.3581750503684873
2006-01-30,9.933421356757258,0.5983608601343553,86.0,31.5,21.0,25.2,3.2474096036651416
2006-01-31,7.918026051087432,0.897541290201533,91.3,30.3,23.3,24.8,2.727545856561726
2006-02-01,7.400101592343379,0.897541290201533,88.4,28.3,21.8,24.4,2.416418414021906
2006-02-02,9.587985325505452,1.271516827785505,86.5,30.4,21.7,24.6,3.341913953600095
2006-02-03,17.075831397187315,1.271516827785505,79.6,35.3,21.3,26.4,6.026947449801826
2006-02-04,17.775506393378507,1.645492365369477,75.4,35.4,23.1,28.2,6.463699741765432
2006-02-05,17.677358221038908,1.3463119353022994,69.0,36.2,22.7,29.1,6.500886856201272
2006-02-06,15.97005055622485,1.7202874728862712,61.8,38.3,23.0,29.8,6.7486996683933125
2006-02-07,13.518866387624351,1.8698776879198602,75.4,33.9,22.8,28.1,5.036884902114304
2006-02-08,15.260445991630956,1.8698776879198602,80.5,32.4,24.4,27.8,5.275936814097442
2006-02-09,11.577513008355394,1.3463119353022994,86.5,32.1,23.0,26.3,3.994920160858202
2006-02-10,11.578381512291282,1.1967217202687106,89.4,33.0,24.5,26.5,4.0819487490309
2006-02-12,5.622075600090551,0.22438532255038324,93.0,27.7,23.0,24.6,1.733167371500648
2006-02-13,11.075286236009063,1.271516827785505,85.3,33.6,22.8,25.8,4.112678403664985
2006-02-14,10.429584383913799,1.7202874728862712,91.2,29.6,23.4,25.3,3.4471363104014685
2006-02-15,8.467138010989673,1.0471315052351216,89.7,29.5,23.0,25.4,2.791735948463754
2006-02-16,12.136514301662519,1.121926612751916,85.8,33.3,21.9,25.9,4.239636436905484
2006-02-17,14.620466084644585,2.019467902953449,78.7,34.9,23.0,27.6,5.575795349097873
2006-02-18,15.012618228214768,1.645492365369477,82.3,35.5,24.1,27.5,5.623627808133086
2006-02-19,16.048214996538515,1.271516827785505,85.2,32.3,23.1,27.2,5.18381486235956
2006-02-20,15.188118174492807,1.0471315052351216,82.7,34.1,23.4,27.9,5.13776726701667
2006-02-21,10.88059538001774,1.5706972578526825,80.5,34.4,24.1,27.4,4.333409421887309
2006-02-22,8.355335896998115,1.8698776879198602,78.9,32.0,21.5,25.9,3.4738924795445554
2006-02-23,14.102783275192579,1.8698776879198602,73.0,35.1,23.7,28.0,5.637234066188758
2006-02-24,14.96103613814527,1.4959021503358882,76.8,35.9,21.9,27.4,5.602640743637717
2006-02-25,14.160642120716354,0.22438532255038324,83.1,34.5,24.0,27.9,4.585300912649305
2006-03-01,15.0043927777665,0.5235657526175608,82.8,33.6,22.0,26.8,4.862020336455654
2006-03-02,15.433139557917054,0.37397553758397206,81.0,35.1,23.2,27.9,5.061040889462831
2006-03-03,15.953066215257666,0.14959021503358882,78.0,36.0,23.3,28.5,5.166889497150668
2006-03-04,14.665205030433832,0.5235657526175608,78.0,36.8,24.0,28.8,5.040115192086482
2006-03-05,10.29347144125991,1.121926612751916,70.5,34.8,25.2,28.9,4.111020061492028
2006-03-06,4.256856987141545,1.645492365369477,85.3,27.6,25.4,25.2,1.9465673392382414
2006-03-07,11.016999687485956,0.29918043006717765,82.8,31.0,20.9,25.3,3.463647665285664
2006-03-08,14.585498217107048,0.07479510751679441,81.5,32.3,22.5,26.6,4.553138531671936
2006-03-09,15.318941827867778,0.07479510751679441,78.9,34.2,22.0,26.9,4.833898954364402
2006-03-10,15.050419436057224,0.07479510751679441,81.0,32.9,21.5,26.5,4.68740387732114
2006-03-11,9.048355335113186,0.22438532255038324,83.7,28.6,20.0,24.3,2.7518866689051835
2006-03-12,6.498914600464272,0.897541290201533,90.0,27.3,21.3,23.5,2.1180150418370842
2006-03-13,13.761463108404445,0.22438532255038324,83.2,30.8,19.2,24.6,4.202801596753497
2006-03-14,8.851957018982509,0.0,88.0,31.5,21.0,24.8,2.708707293460034
2006-03-15,7.08077503661175,0.0,87.5,29.1,22.0,25.3,2.1469979121672185
2006-03-16,9.841414485150537,0.22438532255038324,83.1,33.1,22.3,26.2,3.180802865538296
2006-03-17,13.693897025146942,0.07479510751679441,75.1,34.4,21.1,27.2,4.313269485859152
2006-03-18,12.283778395278032,0.0,78.8,34.4,22.3,26.7,3.856730843630429
2006-03-19,13.167824220002958,0.0,69.0,33.9,23.3,27.9,4.146280865261823
2006-03-20,12.452384778514253,0.0,69.7,35.1,23.1,28.1,3.943374267865833
2006-03-21,13.008856489493878,0.0,72.0,34.2,24.6,27.9,4.13341857662553
2006-03-22,12.823995832691523,0.0,82.7,34.3,21.8,26.5,4.0121974274585455
2006-03-23,13.458663032739842,0.0,75.0,33.9,22.6,27.4,4.220677720543673
2006-03-24,12.127209247761394,0.0,65.7,35.4,23.2,29.2,3.8490050763986003
2006-03-25,10.216274510331257,0.0,75.3,34.0,24.5,28.2,3.2406937186838976
2006-03-26,3.8598125279137454,0.0,94.1,25.6,21.8,23.7,1.1407099538795962
2006-03-27,10.270647347754721,0.0,89.6,29.0,21.2,24.2,3.095465400920396
2006-03-28,12.30643698207362,0.0,80.9,31.1,19.8,24.8,3.726533913840872
2006-03-29,7.253558808426791,0.0,84.6,30.6,19.7,24.6,2.187627646160285
2006-03-30,4.539037984977673,0.0,91.8,26.8,22.9,23.7,1.3633614186744005
2006-04-05,10.078554805065599,0.0,82.8,30.0,18.2,23.1,2.9956978210775227
2006-04-06,9.331999899104877,0.0,82.5,31.4,20.4,24.4,2.8426784837218673
2006-04-07,10.346257378936064,0.0,79.3,32.5,22.5,26.1,3.2157595089814546
2006-04-08,9.80743677384254,0.0,78.9,32.4,21.9,25.8,3.035274004306753
2006-04-09,11.120833975453701,0.0,82.3,30.4,22.3,25.3,3.4073523025008225
2006-04-10,9.453247778631791,0.0,83.8,32.9,22.0,25.8,2.936417298978452
2006-04-11,10.922880624376788,0.0,81.2,33.2,22.7,25.9,3.4133579465608093
2006-04-12,10.584420736180716,0.0,80.7,32.9,20.5,25.2,3.2574335475532195
2006-04-13,10.669494036760085,0.0,80.5,33.1,20.2,25.0,3.2815474055359286
2006-04-14,8.74244729894616,0.0,80.5,31.6,20.6,25.0,2.6700264183244835
2006-04-15,10.085487593819357,0.0,79.8,33.3,19.8,25.4,3.09800852997361
2006-04-18,5.213083274004611,0.0,94.1,22.9,18.1,19.3,1.4656736123628087
2006-04-19,5.431596060051311,0.0,85.7,24.8,17.5,20.5,1.5435890799506486
2006-04-20,9.644830696607016,0.0,80.7,27.7,16.9,21.5,2.7913528213104146
2006-04-21,10.125044573701963,0.0,78.5,30.3,16.9,22.5,2.98796872243889
2006-04-22,9.618417371247512,0.0,73.3,30.1,20.4,25.0,2.9047723134002568
2006-04-23,10.272596561635737,0.0,85.3,31.7,21.4,25.2,3.1554837063532766
2006-04-24,9.501138324073603,0.0,86.0,28.8,21.2,24.5,2.8596538123886086
2006-04-25,9.698259710608944,0.0,82.0,31.1,20.9,25.5,2.958100357976797
2006-04-26,9.129927623506452,0.0,74.6,33.5,20.2,25.9,2.8150934229867337
2006-04-27,7.069850707675509,0.0,78.1,28.0,20.5,23.9,2.1058729872424404
2006-04-28,6.491291224267323,0.0,83.9,27.4,19.6,22.6,1.9128343480854784
2006-04-29,7.5552347833952656,0.0,83.5,28.3,18.6,22.8,2.224726955271684
2006-04-30,9.301456246989058,0.0,81.8,31.5,18.6,23.7,2.8014589882180707
2006-05-01,9.45366201022205,0.0,85.0,31.4,19.8,24.3,2.8683948102293892
2006-05-02,8.683883676943553,0.0,82.4,29.8,21.4,24.3,2.6348315440775454
2006-05-04,8.422022103441284,0.0,80.0,25.5,15.0,20.1,2.3579197443679583
2006-05-07,7.216760983008424,0.0,85.3,25.6,15.7,19.9,2.0341031263857725
2006-05-08,6.583381090649602,0.0,82.8,27.1,16.7,21.1,1.8934896384801425
2006-05-09,5.025522513351636,0.0,88.7,25.0,18.9,21.2,1.4465590124476335
2006-05-11,8.00138871055142,0.0,88.3,26.9,18.8,21.2,2.335211500954947
2006-05-17,7.961787304963623,0.9723363977183274,79.5,26.4,13.4,19.0,2.7071330092732104
2006-05-20,6.423186342093856,1.645492365369477,60.3,29.5,17.5,21.9,3.456052239431633
2006-05-25,4.51825951302751,0.6731559676511497,90.8,23.4,16.5,18.7,1.434912519816975
2006-05-26,7.257717593224123,1.0471315052351216,86.7,28.6,15.8,20.1,2.6209834734656847
2006-05-27,7.76791473295704,1.7202874728862712,84.4,27.8,16.2,20.9,2.897656085037179
2006-05-28,7.426939770279203,1.795082580403066,75.8,31.3,17.2,22.6,3.4941934397929084
2006-05-29,6.485859408173714,1.271516827785505,84.8,26.9,18.1,21.9,2.2833165330365426
2006-05-30,7.465883207072228,1.1967217202687106,83.0,30.0,16.9,22.4,2.7926955240671347
2006-05-31,7.022374242679264,2.243853225503832,72.1,31.4,18.3,24.1,3.5721733519350565
2006-06-01,3.780634818723961,1.7202874728862712,88.3,23.4,19.4,21.1,1.3938941858483058
2006-06-02,4.655806636836387,0.897541290201533,91.5,22.1,16.0,18.8,1.3783477215352709
2006-06-03,5.488285926513145,0.897541290201533,82.9,24.1,15.8,19.2,1.8658531241132075
2006-06-04,6.885142101847073,1.7202874728862712,76.0,25.6,12.9,19.1,2.685967099525276
2006-06-05,6.285362648888179,2.094263010470243,63.9,29.2,18.3,22.0,3.6388334720390088
2006-06-06,5.617853884394544,1.3463119353022994,87.1,26.9,17.4,21.1,2.0755883721444155
2006-06-07,6.200291545962367,1.121926612751916,87.4,28.1,17.5,20.9,2.3079591044738037
2006-06-09,7.100074731429018,1.271516827785505,79.0,28.8,15.7,21.3,2.784421684101326
2006-06-10,6.894950477574329,2.393443440537421,65.3,28.9,17.5,23.8,3.4591535407902008
2006-06-11,6.545601281020531,2.393443440537421,71.0,30.2,21.5,23.9,3.700668296388476
2006-06-12,5.6781565041251545,1.5706972578526825,90.4,25.5,19.0,21.0,2.0309064219597275
2006-06-13,6.688550235054179,1.0471315052351216,82.0,26.8,17.3,20.8,2.4029982532365146
2006-06-14,6.8248002114998725,1.4959021503358882,77.5,28.6,15.6,21.1,2.850969370489844
2006-06-15,6.573341657931591,1.7202874728862712,70.1,29.8,15.9,21.3,3.29891086291407
2006-06-16,6.512176888870038,2.243853225503832,72.8,26.1,15.4,20.8,2.868229417928742
2006-06-17,6.211146785665648,1.1967217202687106,85.9,25.4,16.5,20.2,2.1106496108341095
2006-06-18,4.833545666030318,0.7479510751679441,85.7,25.3,16.6,20.1,1.6404055159669033
2006-06-19,6.668092243039954,1.5706972578526825,75.2,27.2,14.4,20.6,2.714951877897777
2006-06-20,6.541104792445964,2.4682385480542153,65.3,27.5,18.5,22.2,3.5787855979874035
2006-06-21,6.128074559217277,2.019467902953449,58.8,29.5,18.1,23.1,3.620577162548689
2006-06-22,6.4198875367053665,2.243853225503832,67.6,30.5,19.4,22.9,3.7865004024258493
2006-06-23,6.825917786598762,1.1967217202687106,87.4,28.6,16.0,21.0,2.4519852233278554
2006-06-24,6.909437648778274,1.3463119353022994,77.7,28.2,18.1,22.0,2.7770061822647683
2006-06-25,6.6806343145676585,2.019467902953449,67.9,29.0,16.1,22.6,3.2631419538214903
2006-06-26,3.8208853253577586,2.3186483330206267,70.8,26.3,21.7,22.6,2.679198817733877
2006-06-27,5.062387592174623,2.9918043006717765,74.8,22.9,17.4,20.1,2.4495632018562556
2006-06-28,4.549670468935947,1.4211070428190937,83.6,20.2,13.8,17.0,1.495494360289325
2006-06-29,4.769443724641097,0.7479510751679441,85.3,22.1,14.5,17.7,1.5111941536676583
2006-06-30,6.499197347046819,1.645492365369477,82.6,26.3,14.6,19.6,2.491946474944311
2006-07-01,6.684141146976182,1.3463119353022994,82.5,26.5,15.2,19.8,2.479952787696823
2006-07-02,6.23805658162531,2.094263010470243,76.5,27.4,15.1,20.8,2.8392575873833814
2006-07-03,3.7870051617877554,1.0471315052351216,90.3,22.8,17.9,19.2,1.3292524194094175
2006-07-04,6.878526025177442,1.3463119353022994,83.9,27.8,15.2,19.8,2.6550044256700756
2006-07-05,6.784284783613292,1.7202874728862712,76.9,27.8,15.6,20.4,2.948234785879973
2006-07-06,6.088958747809896,0.9723363977183274,81.9,25.4,13.9,18.9,2.1131753542027547
2006-07-07,6.795702084702561,1.5706972578526825,78.0,27.3,12.5,19.1,2.7812066649689293
2006-07-08,6.583761961144683,2.4682385480542153,64.1,31.2,17.9,22.7,4.200684472886694
2006-07-09,6.625435470126576,2.094263010470243,58.5,33.5,17.2,24.6,4.217091343876122
2006-07-10,5.782823752763827,1.9446727954366547,78.5,29.2,16.6,21.8,2.759324026703954
2006-07-11,6.873120034772092,1.271516827785505,78.0,28.7,16.4,22.1,2.6312264564133474
2006-07-12,7.156443920440685,1.7202874728862712,73.6,28.7,16.5,22.4,3.061747028968393
2006-07-13,7.080204299534976,2.1690581179870376,66.3,28.5,16.6,22.1,3.55548415806547
2006-07-14,7.040701890476984,1.645492365369477,68.0,29.3,15.0,21.7,3.2549082687541353
2006-07-15,6.8243075700473455,1.9446727954366547,75.6,27.0,15.5,20.9,2.850140618480999
2006-07-16,7.0569632871236365,1.3463119353022994,82.5,27.0,15.4,19.8,2.6437253056530747
2006-07-17,7.1808515554031205,1.5706972578526825,81.4,27.7,13.6,19.7,2.7965163234310495
2006-07-18,7.445953090941329,1.271516827785505,78.8,27.6,15.9,20.7,2.8208220642109505
2006-07-19,7.051660662067158,1.645492365369477,74.4,30.6,13.8,20.8,3.375203649210483
2006-07-20,6.981116145192885,1.4959021503358882,72.9,29.0,15.3,20.9,3.0964015869893626
2006-07-21,6.9817223855399995,1.4211070428190937,70.4,31.9,14.4,21.4,3.4649051954805525
2006-07-22,6.947490321735406,1.7202874728862712,58.5,33.3,15.2,23.3,4.0381074536108565
2006-07-23,6.609365142077777,1.7202874728862712,50.9,32.6,17.1,23.9,4.122459108114018
2006-07-24,6.575573481201766,2.019467902953449,44.8,34.2,17.2,25.2,4.758279039056475
2006-07-25,7.084133173845074,1.5706972578526825,69.9,32.1,13.4,21.4,3.527323421690986
2006-07-26,7.294191404396926,1.8698776879198602,65.4,34.3,15.9,23.5,4.263787395655382
2006-07-27,7.196441730560712,1.5706972578526825,58.5,34.9,14.9,24.1,4.235636264865136
2006-07-28,6.238682949447889,2.094263010470243,48.5,35.2,17.1,25.7,4.794362168557653
2006-07-29,3.4085905047742764,2.1690581179870376,79.4,26.1,18.1,22.0,1.8685397853884067
2006-07-30,2.825721167945405,1.271516827785505,95.2,18.7,15.7,16.7,0.8462508898306229
2006-07-31,3.0875265252807966,0.5235657526175608,94.9,18.8,15.5,16.6,0.8604336477886957
2006-08-01,5.335725138444506,1.4211070428190937,88.1,25.2,16.5,19.4,1.9731092589269865
2006-08-02,3.0389759366725695,1.271516827785505,97.6,19.5,16.1,18.0,0.7511107943325819
2006-08-03,3.3214716420088295,0.5235657526175608,91.8,20.7,16.4,18.1,0.9864822809788069
2006-08-04,6.544862299159241,1.121926612751916,86.3,26.7,16.4,20.2,2.298125259942029
2006-08-05,8.64229853050005,1.4211070428190937,84.8,28.6,16.2,21.0,3.092680880799881
2006-08-06,8.780742858520743,1.795082580403066,75.8,31.9,16.4,23.0,3.815749232700036
2006-08-07,8.661328462529195,1.5706972578526825,69.8,32.7,18.8,24.0,3.9716585178678447
2006-08-08,8.717874394277416,1.9446727954366547,62.8,33.4,16.7,24.4,4.546868158364628
2006-08-09,8.147063519906085,2.094263010470243,44.8,32.7,16.8,25.6,4.941153491943874
2006-08-10,7.941189217293801,1.8698776879198602,46.8,35.8,20.9,26.9,5.065638746157193
2006-08-11,8.714687665316962,1.645492365369477,75.4,28.5,15.7,21.9,3.2966503648205494
2006-08-12,8.63662351180875,1.645492365369477,69.8,31.9,16.4,23.9,3.824287488015521
2006-08-13,8.143820588478556,2.094263010470243,49.5,33.7,20.8,26.6,4.953355381605917
2006-08-14,8.774364945045487,2.019467902953449,52.6,34.1,20.4,26.7,4.9583273870515345
2006-08-16,9.10706193991875,1.5706972578526825,72.6,34.6,20.0,25.3,4.199562866042378
2006-08-17,7.5880664783251675,2.019467902953449,87.8,27.2,19.1,22.9,2.563038821778002
2006-08-18,7.611755072864405,1.4211070428190937,84.2,28.9,20.1,23.4,2.7845735992366842
2006-08-19,7.490077788565852,1.7202874728862712,86.0,29.7,18.2,22.7,2.887926381603875
2006-08-20,6.458487267525851,2.1690581179870376,88.6,25.7,19.0,21.7,2.259051803206283
2006-08-21,7.909218482949473,2.243853225503832,72.8,24.5,17.4,19.7,3.3332212187850265
2006-08-22,5.1132239084432305,0.897541290201533,73.2,20.7,15.1,18.0,1.7511363536933933
2006-08-23,9.543686212751712,1.9446727954366547,78.0,28.9,12.9,19.8,3.706878746500417
2006-08-24,8.902102038711275,1.3463119353022994,84.8,26.8,15.3,20.4,2.9119254034634157
2006-08-25,9.910347453603588,1.271516827785505,74.3,31.3,17.3,23.5,3.780320600907934
2006-08-26,9.46770124091891,2.4682385480542153,60.2,32.4,17.2,25.5,4.861397610783922
2006-08-27,6.69579900593434,2.692623870604599,55.3,31.2,23.8,25.7,4.821330588608477
2006-08-28,4.53400246746618,1.0471315052351216,85.6,24.5,16.7,20.7,1.5296854826922608
2006-08-29,4.578658197444036,2.692623870604599,91.0,21.5,19.1,18.7,1.8774485585296345
2006-08-30,7.345147788244891,1.3463119353022994,72.7,23.1,13.7,18.4,2.5477404055982036
2006-08-31,9.931908542867674,2.019467902953449,66.2,26.2,12.0,19.2,3.8875717191125663
2006-09-01,5.608529205267068,2.094263010470243,73.6,24.6,15.2,20.5,2.374516178723508
2006-09-02,3.964651819606779,1.8698776879198602,84.3,24.5,19.1,21.5,1.6881631255574148
2006-09-03,8.678610186226457,2.7674189781213934,71.4,25.5,21.0,22.3,3.8102744044605172
2006-09-04,3.2573379701592415,1.8698776879198602,93.5,19.1,16.8,17.4,1.0387354979360148
2006-09-05,5.185162099282599,2.1690581179870376,79.0,18.3,13.6,15.5,1.9425099509287442
2006-09-06,9.348283477715764,1.645492365369477,77.5,22.4,8.5,15.3,2.9233548196219212
2006-09-07,7.8317039650393125,1.121926612751916,79.8,23.3,12.7,18.1,2.4346469130623283
2006-09-08,10.575837729935222,1.7202874728862712,69.3,27.6,12.9,20.3,3.94750675247918
2006-09-09,11.078704756489405,2.7674189781213934,58.7,30.0,14.9,22.7,5.287497910998036
2006-09-10,6.945253225707195,2.3186483330206267,56.6,29.5,21.5,23.8,4.296577970810807
2006-09-11,11.305578392544781,1.7202874728862712,66.3,33.9,15.5,24.3,4.916583526873166
2006-09-12,11.415341059421113,1.795082580403066,61.5,35.5,17.8,26.3,5.2984956768746105
2006-09-13,11.433050446537646,2.4682385480542153,60.7,36.4,18.9,26.4,6.185037682298105
2006-09-14,11.487474447671223,1.795082580403066,63.7,36.5,17.3,26.0,5.5718837298259025
2006-09-15,10.764026951176957,2.243853225503832,39.0,38.1,21.3,30.2,6.65013798087027
2006-09-16,9.347201550070505,2.393443440537421,74.0,31.5,21.0,24.5,4.406133449177312
2006-09-17,6.904919998510395,1.645492365369477,87.3,27.7,20.3,22.2,2.6324536560253047
2006-09-18,5.709022467720522,1.4211070428190937,91.2,25.0,19.6,21.2,1.9382367991089564
2006-09-19,8.001449695721105,0.897541290201533,84.6,26.7,19.1,21.8,2.63117106724572
2006-09-20,11.296198226846354,2.3186483330206267,76.0,29.1,18.5,23.5,4.2127874378135575
2006-09-21,8.776792334797157,2.7674189781213934,75.3,31.2,21.6,23.9,4.444718729373995
2006-09-22,5.128451254744307,0.8227461826847385,86.6,25.2,18.1,21.4,1.6724044205293727
2006-09-23,11.28354809348962,1.121926612751916,82.8,32.8,18.3,23.5,4.065672133307141
2006-09-24,4.3885309932346885,2.019467902953449,91.3,23.3,20.5,20.6,1.671477318933359
2006-09-25,5.0804837469636785,1.1967217202687106,92.6,22.2,17.3,18.7,1.5999022484502494
2006-09-26,5.741775683255247,0.9723363977183274,89.4,21.9,16.4,18.5,1.7284261648837633
2006-09-27,11.528338952751536,1.121926612751916,73.9,26.9,17.1,20.9,3.857816146527288
2006-09-29,12.353083133579037,2.9170091931549815,73.3,27.9,17.4,22.5,4.603311192493034
2006-09-30,3.602530108695408,1.0471315052351216,94.8,22.2,19.4,20.3,1.1057292746967426
2006-10-01,6.223345483948551,1.121926612751916,88.0,24.2,19.0,20.9,2.00208093849843
2006-10-02,4.5403693521629584,0.9723363977183274,90.6,22.9,18.1,20.5,1.3685692839975239
2006-10-03,12.420311941207213,2.1690581179870376,84.4,29.5,19.4,23.3,4.259286330455432
2006-10-04,13.097754692876686,1.795082580403066,85.5,30.2,20.1,23.8,4.407542871986067
2006-10-05,9.552494913076018,1.8698776879198602,77.5,33.5,20.1,25.7,4.100160077416126
2006-10-06,10.199597983971284,2.243853225503832,85.8,33.2,21.9,24.7,4.3475933655852215
2006-10-07,4.1890848317147045,1.3463119353022994,97.2,24.8,21.1,21.7,1.374655927283244
2006-10-08,4.119243564807308,1.8698776879198602,95.5,23.1,20.8,21.4,1.3029927256629394
2006-10-09,5.022356212569904,0.6731559676511497,89.9,24.6,20.0,21.5,1.5979707183072234
2006-10-10,9.944340621152088,0.7479510751679441,85.6,28.3,20.4,22.8,3.206168671793986
2006-10-11,10.963066960584293,1.7202874728862712,75.4,32.4,20.7,25.2,4.408843735866438
2006-10-12,12.381331712188944,2.4682385480542153,71.6,32.9,21.5,25.9,5.310940842953872
2006-10-13,7.028130925758649,1.4211070428190937,91.6,26.1,21.2,23.1,2.2192535978913046
2006-10-14,10.721948496710892,1.4959021503358882,86.4,27.9,21.7,24.0,3.482125586378846
2006-10-15,15.997608456900647,1.4211070428190937,81.3,32.7,21.1,25.8,5.420439212130931
2006-10-17,5.506740440972283,2.019467902953449,90.1,27.3,23.2,23.9,2.1633468401133404
2006-10-18,4.871595606421728,1.9446727954366547,95.3,23.2,20.8,21.3,1.5231923483110905
2006-10-19,3.518823633088557,1.121926612751916,97.6,21.0,19.3,20.1,0.9297683562436044
2006-10-20,8.902814740346566,2.1690581179870376,89.9,25.4,19.3,20.6,3.0479312158303014
2006-10-21,7.406908501270356,1.121926612751916,86.2,24.1,17.3,19.3,2.426736831753287
2006-10-22,9.976672454298626,1.0471315052351216,83.0,25.3,15.0,19.2,3.10670465092632
2006-10-23,12.19602320789569,0.897541290201533,80.6,26.0,13.3,19.6,3.601820521110904
2006-10-24,13.502445949610602,1.4211070428190937,72.8,28.8,15.9,21.9,4.551572565785399
2006-10-26,15.911263236429972,1.795082580403066,63.8,35.2,19.2,26.8,6.328915476210168
2006-10-27,7.055791154471039,2.6178287630878043,77.5,27.8,19.7,22.6,3.2540600296930804
2006-10-28,16.378073328253556,2.7674189781213934,74.8,27.4,17.0,22.1,5.342960641866254
2006-10-29,12.73396002624207,1.5706972578526825,79.7,26.4,18.5,21.9,4.049051171387727
2006-10-30,16.561415664489502,2.3186483330206267,78.8,30.3,18.0,22.9,5.658664582387585
2006-10-31,16.329423456361585,2.243853225503832,78.8,32.8,20.8,24.8,6.009643251906698
2006-11-01,13.70177036215781,2.243853225503832,80.0,34.0,22.1,25.8,5.4690102554527575
2006-11-02,8.901565138769994,1.3463119353022994,82.9,31.9,22.8,25.9,3.3681561996333933
2006-11-03,11.853438277151835,1.5706972578526825,89.4,29.3,22.9,24.9,3.846018379160845
2006-11-04,11.33910982715674,2.1690581179870376,82.3,28.1,22.3,24.5,3.9360511126767532
2006-11-06,16.041400172854935,1.645492365369477,74.8,33.1,19.2,25.0,5.750139232834502
2006-11-08,8.022955872993867,2.243853225503832,83.1,24.4,18.9,20.9,2.861975445174017
2006-11-09,8.703187731854326,1.7202874728862712,80.8,23.8,17.7,20.2,2.9207074178603056
2006-11-10,4.318991676094953,0.9723363977183274,92.7,19.5,16.8,17.5,1.264313656420581
2006-11-13,9.474559797729961,1.3463119353022994,89.8,25.6,15.6,20.0,2.841350752234075
2006-11-14,5.226765447184812,1.5706972578526825,96.4,22.7,19.1,20.6,1.4571221066261317
2006-11-15,13.061003638981862,1.4211070428190937,84.6,30.4,19.1,23.7,4.330186170967979
2006-11-16,15.439735479962309,2.243853225503832,71.1,34.4,21.8,26.5,6.243673626521614
2006-11-17,17.577098120592154,2.094263010470243,65.0,36.5,22.1,28.9,7.065633723851849
2006-11-18,15.767647129382512,2.393443440537421,71.5,35.8,23.7,27.7,6.633023755038577
2006-11-19,14.418287510851345,1.645492365369477,85.8,30.9,22.1,25.0,4.841702148087104
2006-11-20,14.145699540286438,2.1690581179870376,84.5,31.5,21.2,24.8,4.954175950843756
2006-11-21,8.573091201614305,2.1690581179870376,92.2,25.1,21.7,22.8,2.590299215306381
2006-11-22,13.709674184203374,1.7202874728862712,81.8,30.6,20.4,23.5,4.835540118271609
2006-11-23,12.07762893048057,1.4211070428190937,82.1,28.8,20.8,24.1,3.9863012590236724
2006-11-24,16.594921154209857,1.5706972578526825,82.1,33.1,22.0,25.5,5.77748401677923
2006-11-25,17.861305964699774,2.019467902953449,67.6,36.6,22.1,29.3,6.990442625012926
2006-11-26,9.462866569569238,1.5706972578526825,79.9,32.6,24.2,27.0,3.7781100104778114
2006-11-27,8.66838994228021,0.8227461826847385,92.1,30.2,23.4,24.7,2.909699355279794
2006-11-29,11.404907584076733,1.1967217202687106,91.3,30.5,22.9,25.5,3.6832780242446925
2006-11-30,7.661842693571245,1.7202874728862712,93.1,28.2,23.7,24.4,2.643550404650104
2006-12-02,12.8133775181287,1.121926612751916,79.5,28.4,18.3,23.4,4.03538662227441
2006-12-03,18.405640366608186,1.9446727954366547,75.4,32.9,18.6,24.6,6.457061977788036
2006-12-06,12.367746652523689,1.645492365369477,85.2,32.7,23.2,25.7,4.557268407849047
2006-12-07,10.033924517574679,2.243853225503832,87.4,28.6,22.6,24.4,3.515106390721177
2006-12-08,17.837022897289625,2.1690581179870376,82.8,27.9,20.3,24.0,5.351446653316614
2006-12-09,7.024069278501192,1.271516827785505,84.2,27.9,22.0,23.9,2.544248247398384
2006-12-10,5.601049857950499,0.7479510751679441,87.0,26.2,21.6,23.5,1.8353545339177364
2006-12-11,4.126050906153407,0.897541290201533,93.1,23.5,21.6,22.3,1.2722814815442762
2006-12-12,10.166497520891284,1.645492365369477,88.5,27.6,20.2,23.0,3.27398145495834
2006-12-13,12.304853488690691,1.121926612751916,84.5,30.5,22.2,25.2,4.0912675937389755
2006-12-14,12.397916132468112,1.3463119353022994,83.0,33.4,22.9,26.1,4.53189257454401
2006-12-15,11.839287344501818,2.094263010470243,75.5,32.8,23.8,27.4,4.72319888657782
2006-12-16,16.64282263933377,2.54303365557101,74.8,32.1,23.2,26.8,6.09829622509952
2006-12-17,19.0461647592911,2.4682385480542153,73.0,34.7,22.6,27.6,7.1391635346704385
2006-12-19,18.187909232537713,2.6178287630878043,68.0,35.6,24.0,28.7,7.35165787159747
2006-12-20,15.644474918641937,2.4682385480542153,67.5,37.0,24.0,28.9,6.906541692005617
2006-12-21,15.982768249648974,2.243853225503832,69.8,38.1,24.3,29.1,7.023672625022285
2006-12-22,14.07625544163614,2.243853225503832,86.6,31.0,23.7,26.0,4.8037045071498685
2006-12-27,11.764615501144664,1.795082580403066,84.8,30.8,22.6,25.9,4.0301243912854225
2006-12-28,7.604314343052173,0.7479510751679441,92.4,29.8,23.1,24.8,2.5262023534666467
2006-12-29,6.616024710505497,1.7202874728862712,91.8,28.6,23.3,24.5,2.3968300021998443
2006-12-30,11.5470063635379,1.0471315052351216,85.2,29.4,20.6,24.6,3.6845532505633467
2006-12-31,5.059732476503466,0.7479510751679441,95.2,24.6,21.8,23.3,1.4610555798089317
2007-01-01,5.780581947882854,0.897541290201533,96.2,24.1,20.8,22.4,1.6377200023636775
2007-01-02,8.51444750522961,1.3463119353022994,91.2,27.0,21.4,23.4,2.6763018862444943
2007-01-03,4.768954398886286,1.121926612751916,97.3,23.6,21.1,22.0,1.357517683008637
2007-01-04,8.659947172625024,1.121926612751916,88.0,28.7,21.3,24.5,2.80755552494612
2007-01-05,7.4344983108670215,2.1690581179870376,78.1,29.4,23.7,26.3,3.0960990179723065
2007-01-06,8.096580580800596,1.7202874728862712,74.7,31.1,24.0,27.3,3.330993179700654
2007-01-07,12.626709233062744,1.7202874728862712,76.6,34.1,24.9,28.0,4.944747589671722
2007-01-08,10.99215599503961,1.5706972578526825,90.5,30.4,22.7,25.4,3.639231387595028
2007-01-09,12.464464634248335,2.094263010470243,90.1,28.3,21.4,24.1,3.8614879578255334
2007-01-10,8.078573407962622,1.5706972578526825,91.4,27.7,21.8,23.5,2.69485544237499
2007-01-11,17.55580952052284,1.7202874728862712,85.9,30.0,20.9,25.0,5.392083244817067
2007-01-12,17.53283074737562,1.9446727954366547,76.1,36.5,22.6,28.3,6.588835312988653
2007-01-13,5.281208246274201,1.271516827785505,93.3,27.9,22.4,24.2,1.812897898535778
2007-01-14,7.903305623994383,0.9723363977183274,89.6,27.5,22.4,24.2,2.540419693496138
2007-01-15,6.7528626053435,0.9723363977183274,84.5,26.0,22.4,23.8,2.2569681525053973
2007-01-16,5.388647651164147,0.8227461826847385,94.9,25.3,20.8,21.5,1.723286340796305
2007-01-17,8.126121085550734,1.0471315052351216,92.3,26.6,19.6,22.5,2.460239904224986
2007-01-18,4.894113999676383,1.0471315052351216,85.2,28.8,22.5,26.3,1.6926891401625124
2007-01-19,17.430633209441126,2.1690581179870376,67.3,33.5,25.4,28.8,6.682952441995569
2007-01-20,12.432869357814962,1.7202874728862712,79.4,35.5,22.9,27.6,4.909781368457191
2007-01-21,11.84147088495108,2.1690581179870376,78.6,32.3,25.0,27.3,4.6777136008768645
2007-01-22,5.055667110847974,0.9723363977183274,96.2,24.8,22.3,23.0,1.5296665706629922
2007-01-23,7.822298741900797,0.8227461826847385,90.7,27.2,20.8,23.0,2.4623644460163394
2007-01-24,11.8081488610985,0.9723363977183274,85.3,29.9,21.3,24.8,3.809877211845608
2007-01-25,15.157611861350343,1.4959021503358882,85.0,34.0,22.1,26.2,5.30790043359782
2007-01-26,15.094617245767868,1.7202874728862712,77.6,34.3,23.9,27.6,5.607194898630977
2007-01-27,12.043099834642089,1.3463119353022994,78.8,34.1,24.0,27.9,4.4650665172751065
2007-01-28,13.326260232351697,1.9446727954366547,78.0,35.1,25.3,27.8,5.433333577116214
2007-01-29,8.847108260616434,1.4211070428190937,80.0,32.6,23.6,27.9,3.3335158218848746
2007-01-30,6.86388042017977,2.243853225503832,85.0,30.0,25.6,26.2,3.023889222718011
2007-02-01,15.629828269598795,1.645492365369477,84.0,33.0,22.5,26.3,5.38344237007023
2007-02-02,9.412672567368173,1.5706972578526825,88.6,30.0,22.7,24.9,3.29833273560449
2007-02-03,16.23622298281877,1.4959021503358882,85.3,30.3,21.8,25.3,5.151856239675975
2007-02-05,17.643964110267873,1.8698776879198602,74.9,35.1,22.1,27.6,6.480246214894899
2007-02-06,7.062321071644368,1.645492365369477,80.5,30.0,23.2,26.9,2.6755252644432295
2007-02-08,12.412172193412317,1.4959021503358882,80.8,34.5,24.2,27.4,4.754312480017717
2007-02-09,17.753612994615434,1.7202874728862712,67.0,35.5,23.3,29.2,6.724122180684916
2007-02-10,17.427410040123927,2.1690581179870376,69.8,35.7,22.9,27.9,6.894653765964104
2007-02-11,7.043915213865331,1.271516827785505,86.6,32.7,23.2,25.6,2.889949029345993
2007-02-12,6.7395977495108115,1.9446727954366547,88.8,27.3,20.4,22.8,2.471220818927594
2007-02-13,16.00551385311279,1.3463119353022994,82.1,29.1,18.1,23.2,4.966830127014899
2007-02-14,14.515338030269366,1.271516827785505,81.2,31.1,19.5,24.2,4.821841512553953
2007-02-15,13.81520352748286,1.271516827785505,82.3,31.4,19.9,24.7,4.6084449000963925
2007-02-16,16.609815318693464,1.5706972578526825,83.2,32.7,22.2,26.1,5.624302827049842
2007-02-17,17.08639093906105,1.645492365369477,82.3,34.6,22.3,27.0,5.976857823784983
2007-02-18,17.4282019210908,1.5706972578526825,76.0,36.8,22.5,28.5,6.441952447976463
2007-02-19,12.968421835402044,2.3186483330206267,73.5,33.7,24.2,28.4,5.220931081549421
2007-02-20,16.87460829246864,1.645492365369477,78.1,35.8,22.6,28.1,6.146631407956113
2007-02-21,17.033402712351858,1.795082580403066,74.7,36.2,23.4,28.2,6.507721799038498
2007-02-22,16.81158810832043,1.645492365369477,70.8,35.6,22.1,27.9,6.373787170141413
2007-02-23,16.09101239303328,1.271516827785505,68.2,35.5,21.4,27.9,5.95521811253675
2007-02-24,16.548877829678286,2.1690581179870376,65.9,34.9,23.4,28.6,6.648874724380768
2007-02-25,15.942569198591574,2.4682385480542153,62.5,35.5,23.8,29.0,6.881636061929641
2007-02-26,11.55361345971504,1.4211070428190937,79.2,34.5,22.9,25.9,4.6282944822852485
2007-02-27,14.368769070129186,1.5706972578526825,79.0,34.8,21.4,27.0,5.30869782132611
2007-02-28,15.589542978056134,2.094263010470243,64.8,34.2,23.7,28.5,6.322561185089619
2007-03-01,15.491595354384856,1.8698776879198602,69.0,34.2,21.3,27.3,5.972395333372852
2007-03-02,16.065350778557367,1.9446727954366547,65.5,34.9,22.7,28.2,6.424493435063005
2007-03-03,15.986851385977074,1.9446727954366547,68.1,36.1,22.6,28.2,6.4872585447274895
2007-03-04,14.25886761054515,1.1967217202687106,75.7,34.3,21.3,26.8,5.153194525880856
2007-03-05,15.777603295401754,1.795082580403066,66.5,35.3,21.7,28.1,6.248693817594866
2007-03-06,15.69596885149166,2.094263010470243,65.6,36.4,22.3,28.4,6.621601742958756
2007-03-07,15.35118029154032,1.9446727954366547,78.2,36.0,21.0,26.7,6.025111943624872
2007-03-08,15.444412740122264,1.3463119353022994,74.4,35.7,20.4,26.9,5.7639900150666845
2007-03-09,15.061255526369823,1.8698776879198602,64.8,37.9,21.0,28.5,6.55299348486741
2007-03-10,14.62009793975747,2.094263010470243,54.4,38.1,23.0,29.4,7.076589291176532
2007-03-11,14.567745000453655,2.393443440537421,61.5,36.9,20.6,27.8,6.79973600282293
2007-03-12,14.01241887978653,1.645492365369477,66.4,37.6,21.7,28.1,6.051289846270437
2007-03-13,14.678588553811247,2.094263010470243,70.9,35.8,21.5,27.3,6.083181635863167
2007-03-15,14.296297720934234,1.7202874728862712,64.9,37.0,22.4,28.7,6.103494734768237
2007-03-16,12.113167546366,2.243853225503832,61.9,38.4,23.0,29.1,6.246276852666668
2007-03-17,8.1616526033244,1.4211070428190937,87.6,30.2,22.7,25.4,2.9133063272982
2007-03-18,10.327732404535222,1.4959021503358882,83.3,34.9,23.2,26.8,4.135948300998112
2007-03-19,9.061729221037915,1.4211070428190937,78.5,35.5,24.3,27.7,3.9040839461911645
2007-03-20,6.854056151361736,1.1967217202687106,88.1,30.1,23.3,25.8,2.426225602334263
2007-03-21,12.90787625398633,1.7202874728862712,75.4,33.5,22.5,26.9,5.0149476656540735
2007-03-22,9.9900533393016,1.795082580403066,78.3,34.6,20.7,25.5,4.350324313226747
2007-03-23,10.849683832422153,1.4959021503358882,85.3,32.5,22.4,26.0,3.9174100917810675
2007-03-24,12.896853174190182,1.5706972578526825,83.9,34.6,22.3,26.7,4.762538341929067
2007-03-25,13.38610020068938,1.795082580403066,82.9,33.2,21.5,26.2,4.82260215494368
2007-03-26,11.899990006943666,1.5706972578526825,81.9,34.0,20.7,25.9,4.476893751312483
2007-03-27,12.260104610962957,1.8698776879198602,82.1,34.7,22.0,27.3,4.675263690922767
2007-03-28,12.698797563557081,1.8698776879198602,80.6,36.7,22.0,27.5,5.208155620704329
2007-03-29,12.539241826043295,1.8698776879198602,82.1,35.6,23.5,27.5,5.009652065280177
2007-03-30,12.26816853518704,1.795082580403066,75.8,36.9,21.1,27.4,5.238890006245718
2007-03-31,11.685300125355482,1.4211070428190937,76.9,37.8,21.5,27.7,4.901625336995872
2007-04-01,12.34866407378297,1.9446727954366547,79.9,33.0,21.6,26.4,4.647587347419124
2007-04-02,11.561996931013713,1.7202874728862712,77.3,36.2,21.2,26.8,4.932778860155068
2007-04-03,11.82146287191606,1.8698776879198602,73.2,37.2,22.3,27.5,5.425619359179804
2007-04-04,10.375965477654411,2.1690581179870376,76.1,34.0,22.6,27.2,4.513534069186897
2007-04-05,10.075514246790217,1.7202874728862712,83.4,31.9,22.3,26.3,3.696409021229706
2007-04-06,6.916321474944541,1.5706972578526825,80.6,29.0,21.6,24.8,2.689241298338603
2007-04-07,7.3124906708359,0.8227461826847385,79.0,31.7,20.8,25.2,2.7238415387794146
2007-04-08,9.09369868606878,1.795082580403066,75.5,34.4,20.9,26.3,4.072413772424604
2007-04-09,9.787333737584547,1.795082580403066,84.3,31.6,22.5,24.7,3.911681429981221
2007-04-10,9.70733399236326,1.4959021503358882,85.3,29.7,19.8,23.8,3.3768496970139013
2007-04-11,9.741649421471738,1.0471315052351216,81.3,32.0,20.9,25.3,3.498478860057644
2007-04-12,11.056494955708748,1.9446727954366547,68.5,33.6,21.2,27.4,4.705922797496698
2007-04-13,9.825247938942052,1.9446727954366547,84.0,30.6,20.8,25.3,3.510908390782567
2007-04-14,10.217110669153294,1.4959021503358882,81.2,31.7,21.3,25.6,3.766371141610032
2007-04-15,9.568670553023509,1.645492365369477,78.5,33.6,20.3,25.6,3.980035412164864
2007-04-16,9.976392897180682,1.7202874728862712,79.8,31.7,22.2,25.7,3.8832064916557
2007-04-17,7.428262223375923,1.1967217202687106,85.2,30.7,21.6,24.7,2.7865204910236736
2007-04-18,10.293662121371229,1.4959021503358882,81.5,32.2,20.8,25.0,3.9086954874775164
2007-04-19,9.69909102799214,1.3463119353022994,82.7,31.4,20.1,25.2,3.453737357070329
2007-04-20,9.616321617948163,1.1967217202687106,82.7,31.9,20.7,25.4,3.466147962161952
2007-04-21,8.251504292029805,1.1967217202687106,82.8,31.7,21.3,25.3,3.103740803639409
2007-04-22,8.323770434401787,0.897541290201533,87.2,32.5,21.6,25.1,3.0093248297605193
2007-04-23,10.300992003434683,1.1967217202687106,81.2,33.1,20.8,25.8,3.7917589803849694
2007-04-24,10.172343492545405,1.645492365369477,73.2,33.9,21.5,27.1,4.232246165001265
2007-04-25,9.933215855056867,1.9446727954366547,66.0,35.2,22.8,28.9,4.624511422346899
2007-04-26,9.469240043642687,2.393443440537421,58.7,36.4,26.2,30.1,5.470944819159281
2007-04-27,5.626150455225215,2.393443440537421,89.2,31.2,23.2,24.3,2.9275850435472948
2007-04-28,4.60065075427962,1.271516827785505,91.0,25.2,19.1,21.0,1.637775278534111
2007-04-29,7.743610810229912,0.9723363977183274,86.9,27.4,18.5,21.9,2.568458621615531
2007-04-30,6.1269160802984555,1.0471315052351216,90.4,26.7,18.6,21.4,2.067294719376416
2007-05-01,9.638011548037305,1.1967217202687106,82.0,28.9,17.2,22.1,3.3073164952844913
2007-05-02,9.70372513749113,1.3463119353022994,82.2,30.6,17.3,21.9,3.64081036898697
2007-05-03,8.697467234534551,1.4959021503358882,78.5,28.5,16.3,22.4,3.097314399243642
2007-05-04,5.799170729711063,1.1967217202687106,85.6,26.4,21.0,22.9,2.078144879099473
2007-05-05,9.270112340433313,1.5706972578526825,77.4,30.0,17.0,22.3,3.636287786457666
2007-05-06,9.19703320040492,1.795082580403066,70.5,30.8,18.5,24.5,3.805382718452686
2007-05-07,8.980860125714145,1.271516827785505,68.5,32.7,18.9,25.2,3.744341814867125
2007-05-08,8.923501956032853,1.9446727954366547,74.3,30.9,21.4,25.2,3.775271041751409
2007-05-09,2.910486055298072,2.8422140856381874,90.6,24.3,20.5,20.4,1.7725042221045708
2007-05-10,5.366164439758139,0.8227461826847385,87.1,23.3,15.5,18.1,1.7366177773293223
2007-05-11,8.286054834400263,1.1967217202687106,78.3,25.5,13.7,19.2,2.794680224287459
2007-05-12,8.033674529107323,2.019467902953449,72.1,29.6,15.7,21.8,3.608171453872939
2007-05-15,5.2719710512395626,1.1967217202687106,88.6,25.3,19.3,22.3,1.696014031437394
2007-05-16,8.399669489940155,1.645492365369477,77.0,29.7,18.8,24.2,3.2293380611260525
2007-05-17,8.122886389590455,2.54303365557101,69.0,33.9,23.3,25.9,4.772403100474774
2007-05-18,7.948379913452271,1.795082580403066,86.1,32.2,18.5,23.4,3.337746950791157
2007-05-19,5.782759927674747,1.4959021503358882,89.3,26.0,20.7,22.5,2.0330907390066164
2007-05-20,4.238050552514537,1.271516827785505,92.8,24.0,19.2,21.0,1.3920198963885766
2007-05-21,7.820781382899689,1.4959021503358882,87.1,28.7,18.7,22.7,2.772297620966507
2007-05-22,6.037162170431249,2.243853225503832,81.8,28.5,20.6,23.6,2.713514280902181
2007-05-23,2.565702862965817,1.645492365369477,85.4,23.7,21.7,22.1,1.2574715276141852
2007-05-24,3.995077068902538,2.4682385480542153,83.4,21.2,17.8,18.8,1.7775003253661423
2007-05-25,6.809439672958233,1.271516827785505,78.5,23.1,12.4,17.1,2.324112039203937
2007-05-26,7.372892450712432,1.4211070428190937,80.5,25.6,12.8,17.8,2.765966156280496
2007-05-27,5.93278449483614,1.4959021503358882,81.1,27.1,13.5,19.2,2.4333840440981334
2007-05-28,7.5280951146270185,1.3463119353022994,85.8,26.3,14.9,19.8,2.5374243000661982
2007-05-29,4.95656438343609,2.094263010470243,88.1,26.2,17.5,19.9,2.231003450387395
2007-05-30,4.150951447571887,2.393443440537421,76.8,20.1,15.7,16.9,2.0787690731247643
2007-06-01,6.510207878588563,2.692623870604599,70.6,26.9,13.7,21.1,3.0843469343447576
2007-06-02,4.188073993579664,2.094263010470243,80.0,26.3,21.2,21.8,2.3779599792201904
2007-06-03,2.596868446152972,1.0471315052351216,98.3,19.8,18.5,18.9,0.7111614607232397
2007-06-04,6.633022790281587,1.3463119353022994,81.6,22.7,12.8,17.4,2.203492523270746
2007-06-05,6.822979555898189,1.271516827785505,83.8,24.5,11.3,16.5,2.3804286236466354
2007-06-06,6.980554558360796,1.645492365369477,83.7,27.2,13.5,18.7,2.762931769518323
2007-06-08,6.512918729709991,1.795082580403066,78.1,29.2,17.0,22.3,2.8498662236331427
2007-06-09,7.123622131564856,0.897541290201533,88.2,28.4,17.9,21.7,2.423129733559839
2007-06-10,7.151178052527552,1.271516827785505,80.5,32.1,17.3,23.2,2.9908806330608986
2007-06-11,6.730219964477515,1.4959021503358882,75.2,30.3,17.7,23.2,2.9554995066437253
2007-06-12,6.910716105434069,1.8698776879198602,74.0,31.0,16.4,22.8,3.3396254903346594
2007-06-13,6.738385343958456,1.795082580403066,71.8,31.2,17.0,22.8,3.4300447979288236
2007-06-14,6.64087746230229,1.795082580403066,68.6,33.0,16.4,23.3,3.659405957175867
2007-06-15,6.798517214422656,1.795082580403066,70.3,32.2,16.6,23.8,3.433674401128225
2007-06-16,6.0096763883090345,2.8422140856381874,76.1,28.2,20.6,23.3,3.1754381121813378
2007-06-17,6.370369216593699,1.4211070428190937,87.2,27.1,19.3,22.0,2.3352366631996526
2007-06-18,6.59918746874834,2.4682385480542153,69.8,31.7,21.1,24.4,3.9804929288695283
2007-06-19,6.188264464427553,1.271516827785505,86.8,27.4,19.8,22.2,2.2837416856391317
2007-06-20,6.68791477252627,1.7202874728862712,73.1,28.3,17.4,21.9,3.0615128070537754
2007-06-21,6.587359908161453,2.1690581179870376,68.5,29.4,17.4,22.7,3.4379939953488026
2007-06-22,6.403415749833214,1.9446727954366547,71.3,29.3,15.0,22.0,3.140485592545129
2007-06-23,6.461900896639955,1.645492365369477,70.9,30.7,15.4,22.4,3.148471863381443
2007-06-24,6.351116286659339,2.1690581179870376,69.8,30.6,16.1,22.8,3.4845872930128583
2007-06-25,3.169488049520781,1.1967217202687106,95.6,21.9,17.5,19.7,0.8991800292239024
2007-06-26,6.282780622836498,0.9723363977183274,81.5,27.5,18.6,21.5,2.3458022454971355
2007-06-27,5.644558852314387,1.9446727954366547,72.0,27.4,15.8,22.5,2.547687066170649
2007-06-28,6.37183802770205,2.243853225503832,74.5,26.7,21.2,23.1,2.978361932310025
2007-06-29,3.173017208685175,1.5706972578526825,94.4,21.6,19.5,20.3,0.9847290442585085
2007-06-30,6.168617761741518,1.271516827785505,89.7,26.5,18.9,20.9,2.201571432937598
2007-07-01,6.2729786831807175,1.4959021503358882,87.3,23.9,18.0,20.4,2.068574362229254
2007-07-02,5.605556317826174,1.3463119353022994,83.4,24.8,18.2,20.0,2.137629873240695
2007-07-03,6.412281872564904,0.9723363977183274,81.2,27.0,18.0,20.9,2.35440070051447
2007-07-04,6.676492426366537,1.645492365369477,72.7,29.8,15.1,21.6,3.114112512325548
2007-07-05,6.603662958309739,1.4211070428190937,66.8,30.5,16.6,22.9,3.1223678912666792
2007-07-06,6.6955171953373736,1.645492365369477,64.0,31.5,16.2,23.8,3.395264172911102
2007-07-07,6.221153829655281,2.393443440537421,49.2,30.6,21.5,25.3,4.467580450945998
2007-07-08,6.373074526895812,2.094263010470243,52.8,32.4,21.0,25.3,4.3450166909917565
2007-07-09,7.0837161111808,1.795082580403066,78.3,26.9,17.8,21.6,2.7928777582838533
2007-07-10,6.929079450417728,1.271516827785505,73.3,32.8,15.9,23.1,3.2096998774571923
2007-07-11,5.330817307612143,3.216189623222159,77.3,25.7,17.8,21.7,2.68472741629203
2007-07-12,3.4272587228382094,1.645492365369477,92.5,20.7,16.9,18.5,1.102675556192915
2007-07-13,6.7836823847325824,1.271516827785505,80.3,29.8,15.5,21.4,2.7955589355600305
2007-07-14,6.521754077594067,1.795082580403066,61.5,32.0,16.6,24.1,3.632071404015692
2007-07-15,6.579153657206348,2.7674189781213934,62.8,30.4,19.7,23.9,4.243284613576258
2007-07-16,4.252530577999732,1.271516827785505,91.9,24.0,15.9,19.3,1.4168592922241472
2007-07-17,5.072279559811529,1.4959021503358882,87.7,27.2,17.6,20.4,2.1246959394605467
2007-07-18,2.6689146478104036,1.1967217202687106,90.2,23.3,17.3,19.7,1.0375164290174606
2007-07-19,5.847090275101371,1.645492365369477,85.9,21.0,13.9,17.3,1.8283581721303823
2007-07-20,7.166068846251896,1.271516827785505,78.9,27.2,11.0,17.9,2.736732167115454
2007-07-21,7.432222758742927,1.5706972578526825,77.9,30.1,13.6,20.7,3.1698604494508227
2007-07-22,7.149666997133736,2.692623870604599,57.6,33.8,15.6,25.8,4.754869271053656
2007-07-23,6.211253122437461,2.6178287630878043,65.6,28.8,24.0,25.1,3.8347746279488946
2007-07-24,3.506375039555834,1.645492365369477,93.6,21.7,18.8,20.0,1.1037770434413774
2007-07-25,5.055451900789663,1.4211070428190937,89.5,26.5,18.7,21.6,1.851996529728879
2007-07-26,4.936223152335093,2.8422140856381874,73.3,24.8,16.7,18.2,3.1167823700225457
2007-07-27,2.690829965065988,0.5983608601343553,85.5,17.9,15.5,16.5,0.8482369904504625
2007-07-29,5.680158390288434,3.290984730738954,81.8,18.7,13.6,15.5,2.202276139297814
2007-07-30,6.319242420809124,0.9723363977183274,80.0,21.5,9.3,14.8,2.0059584228454357
2007-07-31,7.581306896985676,1.4211070428190937,76.2,25.1,9.1,16.1,2.840105457269855
2007-08-01,7.590412754508022,1.4959021503358882,77.1,28.6,11.5,18.3,3.21091345645377
2007-08-02,7.7233930774733475,1.8698776879198602,61.7,30.6,14.1,22.3,3.887710371409779
2007-08-03,7.468041043662835,1.1967217202687106,89.7,23.1,13.9,17.8,2.2077558908110584
2007-08-04,8.178668529365844,1.4959021503358882,76.7,30.3,14.2,21.2,3.4165545461032893
2007-08-05,4.214059382539602,1.795082580403066,84.3,22.8,15.5,19.1,1.6078584511910428
2007-08-06,6.4017601566763975,0.6731559676511497,87.9,25.4,17.8,20.4,2.0394110091142146
2007-08-07,8.527371138637005,2.019467902953449,68.0,31.4,16.2,23.4,4.038406440561083
2007-08-08,8.099076219353577,1.4211070428190937,80.6,26.1,15.1,20.7,2.7156079312941044
2007-08-09,8.661424719174686,1.4211070428190937,81.6,30.3,15.2,21.2,3.368392881243249
2007-08-10,8.477600742883926,2.094263010470243,69.3,30.3,15.3,22.4,3.9682921415537393
2007-08-11,7.6865579518018645,2.393443440537421,66.3,32.1,18.2,22.9,4.480417881741999
2007-08-12,5.09304170719878,1.121926612751916,91.9,23.7,17.6,19.5,1.6593473674769694
2007-08-13,8.823690315547834,0.9723363977183274,83.1,28.0,17.4,21.5,2.9816569704300333
2007-08-15,8.084095290160356,1.7202874728862712,69.1,30.0,17.1,23.1,3.5550439370250975
2007-08-16,8.971470654283191,1.795082580403066,64.5,30.1,15.9,22.8,4.006489367475725
2007-08-17,8.291583598841253,1.8698776879198602,80.8,23.9,13.6,19.3,2.6045918467763403
2007-08-18,9.12837709759568,1.4959021503358882,82.1,29.5,18.2,20.8,3.6073749023995925
2007-08-19,7.651733248755312,1.4211070428190937,83.1,27.3,17.7,21.0,2.8139839208109043
2007-08-20,8.993950648038187,2.243853225503832,64.6,32.9,16.3,23.6,4.774876623819369
2007-08-21,4.669946008012143,2.4682385480542153,86.0,20.8,17.4,18.9,1.7021111423473416
2007-08-22,3.903189910330275,0.9723363977183274,88.0,20.6,16.2,18.1,1.238630416003501
2007-08-23,9.445332434703928,1.271516827785505,74.7,28.9,17.6,21.3,3.6013257868380104
2007-08-24,9.088221483879412,2.019467902953449,60.0,33.4,15.2,23.5,4.8251997629343135
2007-08-25,9.136651305196516,2.243853225503832,65.5,34.7,13.4,22.5,5.130348239000595
2007-08-26,8.778825924961506,1.271516827785505,61.7,37.9,14.3,24.9,4.641392266965511
2007-08-27,8.528005397429688,2.6178287630878043,63.3,28.4,21.5,24.3,4.433857696684793
2007-08-28,4.857296418197733,2.692623870604599,94.1,21.8,19.3,19.7,1.6005871880550302
2007-08-29,3.4241994927998585,1.4959021503358882,89.3,21.2,17.5,19.1,1.1743426538662711
2007-08-30,3.020490310635205,1.4959021503358882,97.2,21.6,18.7,19.6,0.9064560716877703
2007-08-31,6.988757219660635,1.3463119353022994,82.8,27.3,18.9,22.3,2.551609466012205
2007-09-01,9.371635019692778,2.243853225503832,70.5,33.2,19.1,24.5,4.639062626269178
2007-09-02,5.952574220597868,1.8698776879198602,91.4,24.9,19.1,20.7,2.0877270184242525
2007-09-03,8.956793323570682,1.645492365369477,82.3,30.0,18.9,23.0,3.4408745813454695
2007-09-04,9.81353909232106,1.4959021503358882,74.4,31.8,18.9,24.4,3.9356175110065887
2007-09-05,10.398297532324953,2.3186483330206267,65.2,31.5,19.0,24.8,4.79009338630676
2007-09-06,10.899968944937521,2.243853225503832,64.0,32.8,19.3,25.6,5.0828693171688135
2007-09-07,11.167746005437944,2.094263010470243,75.8,31.4,18.2,23.2,4.6035824893384225
2007-09-08,10.940009308778222,1.8698776879198602,75.4,31.4,16.4,22.6,4.453541645652302
2007-09-09,10.904918463854578,2.094263010470243,74.5,30.9,16.2,22.5,4.4759501272472235
2007-09-10,11.182789358504284,1.9446727954366547,68.5,31.8,16.9,23.7,4.762188105433264
2007-09-11,10.76828207386081,1.795082580403066,65.2,31.5,17.8,23.8,4.65214812301149
2007-09-12,10.884428160849122,1.7202874728862712,64.1,32.6,15.1,23.4,4.804559235788089
2007-09-13,11.362737495203266,1.795082580403066,66.0,33.4,17.6,24.4,5.05198825915022
2007-09-14,11.18262503016679,2.3186483330206267,58.1,33.7,18.7,25.3,5.7407185486804595
2007-09-15,11.066147524795184,2.4682385480542153,64.3,34.3,17.2,24.2,5.722748124370501
2007-09-16,11.714712414074045,2.094263010470243,83.6,30.3,16.7,21.6,4.345028215846555
2007-09-17,8.048407220643202,1.5706972578526825,86.0,26.5,18.3,21.4,2.771811668159734
2007-09-18,8.799401269671307,1.5706972578526825,74.4,27.6,17.7,21.2,3.4580853633215125
2007-09-19,11.186119716556771,1.8698776879198602,68.3,29.3,15.5,21.9,4.350624035924777
2007-09-20,11.525905964879385,2.393443440537421,67.2,30.7,20.3,24.7,4.977600851283503
2007-09-21,10.735071402160756,2.3186483330206267,76.4,29.7,18.0,23.7,4.093675839080252
2007-09-22,11.251966411233049,1.4959021503358882,72.3,36.0,19.0,24.9,4.990700302898818
2007-09-23,11.208990568873213,1.3463119353022994,68.4,38.3,17.7,26.1,5.155160462330873
2007-09-24,7.921209350397084,3.590165160806132,62.8,32.0,23.2,25.5,5.7361153448386055
2007-09-25,5.067777435515158,2.243853225503832,79.3,20.3,15.9,18.3,1.933649344306227
2007-09-26,4.977179204246484,0.5235657526175608,77.9,23.1,16.4,18.9,1.6296338024896992
2007-09-27,10.943714056076953,2.019467902953449,67.5,30.6,17.9,22.8,4.751586008453801
2007-09-28,9.245324845425355,2.7674189781213934,72.7,31.7,18.1,23.7,4.564565823886079
2007-09-29,3.384010690809079,1.4959021503358882,95.8,23.0,19.9,20.6,1.1274231237736323
2007-09-30,5.9107972847117995,0.897541290201533,79.1,23.5,18.2,20.5,2.0032819967441093
2007-10-01,9.583931869370964,1.4959021503358882,64.5,26.6,18.2,21.5,3.7514849080003017
2007-10-02,12.119683303542132,1.645492365369477,69.0,28.4,13.6,20.7,4.3846286345127226
2007-10-03,10.26319171466171,1.5706972578526825,71.5,27.0,15.9,21.4,3.6463753550941966
2007-10-04,13.33117185725607,2.094263010470243,68.5,29.7,15.1,21.8,5.066327686805605
2007-10-05,13.403454667176437,1.795082580403066,70.7,32.0,15.0,22.4,5.219087780180052
2007-10-06,13.092296051961537,1.795082580403066,68.2,33.6,17.2,23.9,5.423708687970862
2007-10-07,12.608487301464425,2.243853225503832,76.7,32.1,17.9,22.6,5.203459847027909
2007-10-08,8.345420298287735,1.645492365369477,82.2,29.3,19.7,22.3,3.3297099564811625
2007-10-09,13.764570027148345,1.3463119353022994,74.8,32.9,19.6,24.1,5.128220681165833
2007-10-10,14.149787915652556,2.243853225503832,59.1,34.8,18.3,26.0,6.512120785210526
2007-10-11,14.56951323681243,2.4682385480542153,74.3,31.9,17.6,22.9,5.749622175664774
2007-10-12,14.594491165505271,1.5706972578526825,73.9,35.7,16.3,23.8,5.853547050692721
2007-10-13,11.714168646758996,2.393443440537421,64.9,30.5,20.2,25.7,4.917041351947312
2007-10-14,10.314621612236367,1.795082580403066,84.1,29.6,18.8,23.1,3.6518082067171083
2007-10-15,9.623548082570313,1.7202874728862712,81.3,31.7,21.5,24.1,3.93059475396692
2007-10-16,14.317715958773917,1.5706972578526825,74.4,36.8,20.6,26.0,5.876529474930698
2007-10-17,14.037886832552033,3.0665994081885706,79.9,29.7,19.5,24.0,4.962744602840531
2007-10-18,4.732752972012367,1.795082580403066,84.8,24.4,20.8,21.9,1.880938588004507
2007-10-19,3.8468480416173403,1.121926612751916,93.4,23.6,19.6,20.5,1.3175131980475516
2007-10-20,13.532165639220546,1.4959021503358882,86.9,31.6,19.2,23.0,4.690592920100588
2007-10-21,14.516580801167912,2.1690581179870376,70.2,38.4,20.1,26.8,6.699983132514532
2007-10-22,15.03823273055514,2.4682385480542153,80.9,28.3,20.3,24.2,4.8095564800663535
2007-10-23,4.7696366148726925,1.271516827785505,92.6,24.5,21.6,22.7,1.5153995606347843
2007-10-24,2.8495031467962244,0.9723363977183274,97.8,22.6,20.5,21.3,0.8267100087975162
2007-10-25,3.914536982574868,0.7479510751679441,97.3,22.2,20.1,21.0,1.0991167769019448
2007-10-26,12.134350281359671,1.5706972578526825,82.7,32.6,20.7,24.8,4.4913689217725805
2007-10-27,14.460542826171345,1.5706972578526825,78.6,32.8,21.3,25.9,5.159909733283865
2007-10-28,16.19753939298223,2.094263010470243,73.0,34.9,21.2,26.5,6.327896190747197
2007-10-29,15.906032637858967,1.795082580403066,73.3,37.1,21.6,27.2,6.427132357726664
2007-10-30,16.458842055918986,2.54303365557101,82.9,30.1,23.2,25.9,5.434688466958517
2007-10-31,16.125376953530623,2.019467902953449,78.6,36.8,22.9,26.8,6.531454272027612
2007-11-01,10.439169083917866,2.094263010470243,58.9,37.6,23.8,30.1,5.489533142625435
2007-11-02,10.522242403640561,1.7202874728862712,78.5,32.9,23.4,26.7,4.213120415222288
2007-11-03,9.905242536693896,1.4211070428190937,80.5,35.9,23.0,26.9,4.152780984513059
2007-11-04,7.461954913051851,1.4959021503358882,91.2,28.9,23.1,24.2,2.6842006977928383
2007-11-05,5.133658448136444,1.271516827785505,95.8,23.6,20.2,21.1,1.5566443280459537
2007-11-06,5.449152979364724,0.7479510751679441,94.7,24.3,20.0,21.7,1.60822980310486
2007-11-07,11.887655069968094,1.4959021503358882,88.3,28.7,21.2,24.1,3.781786189549652
2007-11-08,12.584350625911185,1.4211070428190937,88.8,28.7,20.7,24.1,3.8943333337959958
2007-11-09,11.833935736401074,1.9446727954366547,75.0,33.5,21.8,26.6,4.787550406046756
2007-11-10,6.116013619134093,2.243853225503832,66.1,31.9,25.0,27.8,3.5876056776285883
2007-11-11,8.794970090806947,1.645492365369477,79.5,30.5,23.1,26.2,3.3447111394219977
2007-11-12,2.9279924670934365,1.9446727954366547,96.8,24.1,21.3,21.3,1.1599126460488414
2007-11-13,7.272793487804484,1.1967217202687106,90.8,23.0,18.2,20.2,2.1283459421054056
2007-11-14,12.80840644298052,1.5706972578526825,76.9,32.3,19.6,25.5,4.616447341483923
2007-11-15,6.184695162674352,2.094263010470243,92.3,26.0,21.9,22.5,2.2278031329767933
2007-11-20,12.177884007805648,2.1690581179870376,81.7,27.5,20.5,23.9,3.9490272735646683
2007-11-21,14.963841140522241,2.1690581179870376,84.4,26.8,19.1,22.8,4.4804290908841296
2007-11-22,15.558151622431422,1.795082580403066,77.8,25.7,15.6,21.0,4.616571422757519
2007-11-23,15.433073803973297,1.7202874728862712,79.3,27.8,14.5,20.6,4.832342838244917
2007-11-24,16.826239847712426,1.4959021503358882,75.3,33.0,18.6,25.2,5.799333400551515
2007-11-25,11.454327138061274,1.7202874728862712,81.0,32.1,21.7,25.3,4.331563616691416
2007-11-26,14.499297321983445,2.1690581179870376,86.1,27.6,21.1,24.2,4.371450119624116
2007-11-27,7.499645587430253,2.019467902953449,89.1,27.1,22.5,23.5,2.712955143706346
2007-11-28,14.43923121269041,1.8698776879198602,79.4,26.1,17.3,21.9,4.377128035678072
2007-11-29,8.377265835789133,1.121926612751916,81.2,25.6,16.0,20.8,2.6748040927461796
2007-11-30,10.478403556813507,1.271516827785505,79.0,27.0,19.6,22.5,3.5242551294591293
2007-12-01,10.642006451230676,1.5706972578526825,82.2,26.9,17.9,22.1,3.424801588591952
2007-12-02,8.819250987871397,1.645492365369477,88.3,27.2,20.6,22.7,2.965666562104669
2007-12-03,12.049387502948449,2.019467902953449,86.1,28.7,21.3,24.6,3.8961875886349064
2007-12-04,13.544768938189714,1.4959021503358882,84.4,33.5,22.7,25.6,4.930030047088464
2007-12-05,15.797897038503923,1.645492365369477,80.7,34.1,22.1,26.5,5.6373659792382345
2007-12-06,9.40806004889877,1.8698776879198602,73.6,34.4,24.3,28.1,4.218647259036277
2007-12-07,4.640266212179903,1.645492365369477,96.6,26.3,23.3,23.7,1.5737359223184257
2007-12-08,15.057354297393777,1.121926612751916,85.9,32.1,22.1,25.7,4.942949706185862
2007-12-09,15.057359116259246,1.645492365369477,84.9,32.8,23.1,26.9,5.111964906315374
2007-12-10,18.530206513825352,1.7202874728862712,84.3,34.8,24.3,27.7,6.428347050222005
2007-12-11,16.978100224806404,2.1690581179870376,65.9,37.5,23.3,28.9,7.260021844504342
2007-12-12,13.336720712243874,2.4682385480542153,81.4,30.8,23.7,26.1,4.860810277236403
2007-12-13,5.307407799050841,1.645492365369477,97.8,23.8,20.3,22.0,1.4218942967090376
2007-12-14,6.2476921483541865,2.8422140856381874,97.2,24.3,21.2,21.9,1.8401304469321111
2007-12-15,13.597237354351723,1.7202874728862712,90.6,28.3,21.0,23.6,4.169683925520426
2007-12-16,18.24269301608465,1.645492365369477,82.5,30.1,19.6,24.7,5.639414780945942
2007-12-17,13.258370792754992,1.795082580403066,84.9,27.8,19.5,23.7,4.052028784496127
2007-12-18,18.098993003196668,1.7202874728862712,77.4,29.2,20.6,24.6,5.765362851296689
2007-12-19,10.048712245681251,1.3463119353022994,82.8,30.3,21.4,24.7,3.5412268854270845
2007-12-20,4.956063556121337,1.0471315052351216,95.0,25.1,21.8,23.1,1.5072725160880658
2007-12-21,8.063929466608144,0.8227461826847385,92.4,27.5,21.3,23.4,2.513780790266825
2007-12-22,6.683074335157229,1.271516827785505,91.5,27.2,22.6,23.9,2.226348594490557
2007-12-23,6.781966197496271,1.1967217202687106,90.1,27.4,21.3,23.6,2.244581875832741
2007-12-24,9.387484765971449,0.7479510751679441,91.5,29.8,21.2,23.9,3.031210703058403
2007-12-25,13.77118995783933,1.4959021503358882,78.1,32.1,21.6,26.3,4.819866039578496
2007-12-26,17.04951038803105,1.8698776879198602,69.1,34.7,22.2,28.1,6.415163854885756
2007-12-27,18.8942857937989,1.8698776879198602,67.4,35.6,23.1,29.0,7.1224262450736795
2007-12-28,19.04901244335323,1.9446727954366547,69.1,35.8,23.3,28.9,7.154385686590349
2007-12-29,18.8635719992471,1.9446727954366547,63.5,36.4,23.0,29.7,7.378357104232515
2007-12-30,18.682085139564936,2.019467902953449,61.9,37.8,22.8,29.9,7.623943418823493
2007-12-31,18.551805907449832,2.243853225503832,65.1,34.7,24.8,29.6,7.177065108393848
2008-01-01,16.014245502363433,1.4959021503358882,84.3,32.5,23.8,27.3,5.321682942868785
2008-01-02,15.23283392572257,1.645492365369477,82.3,33.0,23.0,26.7,5.306466627475617
2008-01-03,18.314254475412753,1.9446727954366547,64.3,36.4,22.5,29.0,7.263207390814805
2008-01-04,16.623673107175215,1.8698776879198602,63.3,36.7,22.7,29.5,6.78097683913769
2008-01-05,7.237730332390034,1.5706972578526825,74.4,31.3,24.6,27.3,3.1553010499601544
2008-01-06,6.025926762006676,1.0471315052351216,92.5,28.1,22.5,24.0,2.0458387801947637
2008-01-07,7.781922332119804,0.8227461826847385,90.9,27.2,21.7,23.7,2.4464256551630617
2008-01-08,14.10212657646406,1.271516827785505,82.3,31.2,21.6,25.0,4.759892026855816
2008-01-09,17.279251459463993,1.8698776879198602,83.0,29.8,21.1,25.2,5.415554199603549
2008-01-10,17.214416660535125,1.8698776879198602,83.2,31.8,21.4,25.7,5.670936184211193
2008-01-11,17.327354010107296,2.54303365557101,66.0,36.4,24.4,28.8,7.411963143505209
2008-01-12,15.79405659957815,2.54303365557101,69.6,34.0,25.6,28.6,6.4698495009302475
2008-01-13,9.850641306945075,1.271516827785505,80.7,31.6,23.4,26.6,3.5742335600171797
2008-01-14,15.8317382256954,1.4211070428190937,71.3,33.8,23.1,27.6,5.81724337172758
2008-01-15,12.951187991569917,1.5706972578526825,71.8,31.7,20.9,26.0,4.7685253253828055
2008-01-16,17.980053860014046,2.4682385480542153,63.5,34.2,20.2,27.8,6.992876550889682
2008-01-17,14.78262184929529,1.795082580403066,64.6,37.3,25.6,28.5,6.583914966773304
2008-01-18,10.628578495771624,1.3463119353022994,80.2,33.0,22.2,26.7,3.9131570383873613
2008-01-19,15.829029691154435,2.1690581179870376,74.1,37.4,23.6,28.9,6.5866809808675
2008-01-20,11.428926551812829,1.8698776879198602,84.7,32.3,24.5,26.3,4.358707966481024
2008-01-21,4.447604128696437,1.9446727954366547,96.0,23.9,20.6,21.4,1.4473087191487457
2008-01-22,6.406455605044045,0.897541290201533,91.5,24.5,18.3,20.4,1.9908504940479232
2008-01-23,5.953950377585506,0.5983608601343553,96.1,22.7,18.5,20.2,1.6646576366942285
2008-01-24,11.045987774737956,1.121926612751916,86.5,27.4,19.8,22.9,3.4577346439107215
2008-01-25,6.75521472480922,0.897541290201533,88.3,26.7,21.2,23.1,2.208338380815373
2008-01-26,5.130909537005257,0.6731559676511497,97.2,23.6,20.5,21.3,1.5022619181925359
2008-01-27,6.477594931259023,0.7479510751679441,90.9,25.7,19.9,22.0,2.022152354935248
2008-01-28,6.572769609222282,0.5983608601343553,94.4,24.8,20.0,21.8,1.9376046568873755
2008-01-29,6.416814405579489,0.9723363977183274,93.5,25.7,20.8,22.2,2.021611770442762
2008-01-30,9.33315595099588,1.645492365369477,91.0,27.4,19.3,22.4,2.9803557823800317
2008-01-31,15.344562853831455,1.4959021503358882,88.5,28.9,19.8,24.0,4.598506444514969
2008-02-01,16.835223984291545,1.795082580403066,87.2,30.4,20.3,24.5,5.245786634433555
2008-02-02,15.134587062673619,1.645492365369477,82.3,36.5,22.2,26.5,5.803720269701605
2008-02-03,4.267160900737858,1.7202874728862712,91.6,26.4,21.6,24.0,1.4217480545761403
2008-02-04,5.453527293838437,1.3463119353022994,94.7,25.3,21.1,22.7,1.673954612685065
2008-02-05,7.595487364311563,1.0471315052351216,91.8,27.1,21.1,23.1,2.423153921755993
2008-02-06,5.060040751771945,1.0471315052351216,94.6,24.1,21.3,22.4,1.5053352911867488
2008-02-07,12.372441452200235,0.8227461826847385,89.2,30.0,20.9,24.3,3.8911073433646672
2008-02-08,12.44009627784526,1.795082580403066,86.8,31.0,21.1,24.7,4.278652325240146
2008-02-09,14.011109438666573,0.9723363977183274,88.0,33.0,21.2,25.1,4.6647594759592055
2008-02-10,14.943357651759088,1.3463119353022994,75.3,36.3,22.4,27.9,5.611124956858175
2008-02-11,16.58355135759144,1.4959021503358882,73.9,36.4,22.1,28.2,6.127025064359262
2008-02-12,15.784154632258215,2.019467902953449,78.0,35.3,21.5,27.1,5.937348530534643
2008-02-13,16.29155468910867,1.4959021503358882,75.3,36.1,21.8,27.8,6.002865163736064
2008-02-14,16.951539200465188,1.795082580403066,79.4,33.7,22.8,27.3,5.919201370292817
2008-02-15,15.028721909117973,1.4959021503358882,87.4,32.7,22.5,26.3,4.9979708896670605
2008-02-16,13.35072234086015,1.3463119353022994,78.0,32.4,22.1,26.8,4.689879651105244
2008-02-17,12.355378756037327,1.4959021503358882,71.5,33.5,23.4,27.8,4.760872601194252
2008-02-18,10.229629168437118,1.645492365369477,86.8,31.6,22.9,25.1,3.8341055549424223
2008-02-19,14.956654653975573,1.5706972578526825,81.0,30.6,21.1,25.0,4.975613716995886
2008-02-20,16.11584669533768,1.645492365369477,81.1,32.0,21.5,25.7,5.44621806484032
2008-02-22,12.904652993456278,1.5706972578526825,83.5,32.5,23.2,26.6,4.566047095579505
2008-02-23,11.373413643593844,1.4211070428190937,82.9,30.7,23.7,26.4,3.917974688062491
2008-02-24,7.887267992784365,1.121926612751916,92.1,29.8,23.2,24.7,2.7143814944902758
2008-02-25,15.751706214811316,1.645492365369477,85.5,29.7,21.5,25.0,4.948377744127663
2008-02-26,6.322285393671622,1.121926612751916,94.5,25.8,20.8,23.1,1.8618793824031459
2008-02-27,9.624561382066547,1.121926612751916,85.6,29.5,22.0,24.4,3.2973886725082124
2008-02-28,14.895944870812695,1.271516827785505,79.2,29.0,18.6,23.8,4.691704260622441
2008-02-29,14.168005224198337,1.1967217202687106,78.2,31.2,19.0,25.0,4.678145845675839
2008-03-01,9.21659043423826,1.121926612751916,90.6,29.1,21.9,24.5,2.9812488561949415
2008-03-02,14.819666032900546,1.795082580403066,70.6,35.4,22.7,28.6,5.755261734916728
2008-03-03,15.5143527072924,1.645492365369477,70.2,35.3,22.0,28.0,5.938238290950904
2008-03-04,15.315572587294241,1.795082580403066,66.9,35.4,22.2,28.0,6.132623842839159
2008-03-05,14.27864109669254,1.8698776879198602,71.0,35.3,21.9,27.4,5.766386155991522
2008-03-06,13.743878115680454,1.8698776879198602,80.3,34.0,23.3,26.7,5.2414862975639505
2008-03-11,13.568390995585727,2.243853225503832,76.5,35.2,22.3,27.2,5.5850871891918965
2008-03-12,12.813436439552875,2.019467902953449,77.0,33.0,22.3,26.7,4.8911047407974175
2008-03-13,11.169128630558383,2.3186483330206267,80.1,32.5,24.0,26.3,4.604845041388643
2008-03-14,3.542175904891042,1.4959021503358882,96.8,24.2,20.8,21.5,1.2021861596760846
2008-03-15,3.2811135862081446,1.0471315052351216,99.1,20.6,19.0,19.9,0.8208690443976935
2008-03-16,5.933168382693126,1.1967217202687106,96.0,23.9,19.2,21.1,1.7066482237828076
2008-03-17,9.661726240877378,1.1967217202687106,89.8,29.7,21.2,23.5,3.291262587139235
2008-03-18,14.156755026633629,1.4211070428190937,83.8,32.4,20.5,25.3,4.802982275811382
2008-03-19,12.29756316002056,1.1967217202687106,83.7,32.5,21.5,25.9,4.252342202157031
2008-03-20,13.787256297951695,1.121926612751916,80.0,33.2,20.8,26.3,4.729590662456771
2008-03-21,13.155737886360555,1.3463119353022994,81.9,33.5,21.2,26.5,4.6245000913091
2008-03-22,11.473473058832319,1.4211070428190937,80.0,33.5,21.9,26.4,4.298059994925914
2008-03-23,11.003556483567468,1.7202874728862712,83.0,29.7,23.0,26.1,3.7269813391988245
2008-03-24,11.305650904927992,1.4211070428190937,87.5,30.6,22.4,25.2,3.8312425741799703
2008-03-25,6.620420478827363,1.121926612751916,94.2,27.6,22.1,23.7,2.146028685467411
2008-03-26,7.613977453523821,1.0471315052351216,93.7,27.8,21.9,23.5,2.4639914386383523
2008-03-27,10.34762837135479,0.8227461826847385,89.6,30.5,20.7,23.7,3.4087855683051065
2008-03-28,12.70449066916116,1.5706972578526825,82.1,32.6,20.3,24.7,4.644482784325723
2008-03-29,11.842859563577946,1.645492365369477,86.7,29.1,19.6,24.1,3.758061600925457
2008-03-30,10.68989146326974,1.4959021503358882,85.9,28.2,21.2,23.7,3.562445748017306
2008-03-31,9.350850250874041,0.8227461826847385,81.3,28.2,17.1,21.9,3.04876691410119
2008-04-01,11.17064860277686,1.1967217202687106,79.7,30.1,16.7,22.3,3.8686017200793668
2008-04-02,11.635659236705564,1.645492365369477,74.3,32.4,18.5,24.9,4.454078462485785
2008-04-03,6.05639911212744,1.795082580403066,79.6,28.6,22.4,25.1,2.541571536895983
2008-04-04,5.877353289347802,1.4959021503358882,93.8,26.1,20.9,22.5,1.9350347289448526
2008-04-05,4.19057576497597,0.5235657526175608,94.6,24.4,19.8,21.4,1.269710977253387
2008-04-06,4.022526287439373,0.4487706451007665,97.0,23.5,20.1,21.5,1.158428516658192
2008-04-07,5.797302360113405,1.121926612751916,94.6,28.4,21.6,23.3,2.015864170299417
2008-04-08,6.515762330420063,1.121926612751916,93.7,29.3,21.5,24.0,2.228044619080795
2008-04-09,8.271040086034974,0.897541290201533,91.6,30.8,21.2,24.6,2.7774738508246726
2008-04-10,8.761461774737093,1.1967217202687106,88.4,33.5,22.9,26.2,3.279442238154912
2008-04-11,11.046783806613117,1.5706972578526825,79.6,33.4,20.6,25.5,4.273354077096552
2008-04-12,10.489530299884171,1.645492365369477,81.6,34.6,20.7,26.0,4.200374563032077
2008-04-13,10.454145565030371,1.5706972578526825,76.8,34.8,21.8,27.1,4.26441056087082
2008-04-14,5.314916407261373,2.243853225503832,80.5,27.8,24.4,25.9,2.3874192953977538
2008-04-15,5.2164867711633365,1.8698776879198602,96.7,23.9,21.6,22.2,1.5519395450634694
2008-04-16,6.797837045730623,0.7479510751679441,89.0,27.3,19.9,22.7,2.187899353762635
2008-04-17,9.748507175572156,1.4959021503358882,88.5,31.6,21.7,24.4,3.578311134822045
2008-04-18,8.65945006920945,1.0471315052351216,88.8,28.7,20.7,23.9,2.814620865955875
2008-04-19,4.827739173534531,0.897541290201533,94.5,26.4,20.8,22.8,1.5370560177740766
2008-04-20,6.18981488384045,0.6731559676511497,91.5,27.9,22.0,24.1,1.9957263646460826
2008-04-21,7.199544853972261,1.4959021503358882,89.7,31.1,21.8,24.7,2.7596878751944955
2008-04-22,6.8509440440268765,0.8227461826847385,93.0,29.6,21.7,23.3,2.371733460419458
2008-04-23,10.200186926601118,1.5706972578526825,81.8,29.6,20.0,23.9,3.6289793741925784
2008-04-24,9.911695019489215,1.5706972578526825,85.4,29.8,19.4,23.4,3.4969034215843875
2008-04-25,9.567504972965015,1.5706972578526825,84.0,31.6,18.8,23.8,3.5996572468757977
2008-04-26,9.382624476912522,1.4959021503358882,85.2,31.5,18.4,23.6,3.4768203906950164
2008-04-27,9.688625826937288,1.5706972578526825,77.8,32.9,19.8,24.6,4.0322877775486985
2008-04-28,9.569880805495561,1.7202874728862712,74.8,32.5,18.3,24.4,4.044944407615423
2008-04-29,8.800857665991172,1.5706972578526825,75.8,33.2,20.9,26.3,3.6685345107960545
2008-04-30,3.5376386072380352,2.3186483330206267,96.2,25.6,21.2,21.6,1.542886931676531
2008-05-02,3.8117240635567895,0.6731559676511497,94.5,23.8,18.5,20.0,1.2125559528765757
2008-05-03,8.373498080945428,1.7202874728862712,88.0,30.9,19.1,22.9,3.2632386498728434
2008-05-04,4.778065549479086,1.271516827785505,89.3,25.7,20.6,22.2,1.7307318888254233
2008-05-05,4.605323101042016,1.3463119353022994,89.3,26.3,19.8,21.7,1.748338415747079
2008-05-06,8.877149477369908,1.4211070428190937,82.0,26.2,16.7,20.9,2.9840398022085513
2008-05-07,8.770346336779406,1.0471315052351216,79.9,25.6,15.2,19.6,2.9070319840849295
2008-05-08,8.312794653389023,1.7202874728862712,81.3,28.2,13.6,19.0,3.328853207989134
2008-05-09,7.563977977160949,1.4211070428190937,82.1,25.6,16.3,20.0,2.653733718652721
2008-05-10,4.863922344934139,0.897541290201533,91.0,23.5,15.9,19.1,1.5115709427863113
2008-05-11,4.885822189084264,0.5983608601343553,94.4,23.2,17.1,18.9,1.4713498991735374
2008-05-12,6.163656773272843,1.121926612751916,88.2,26.2,16.0,19.8,2.1269034360443806
2008-05-13,6.7095379596933515,0.8227461826847385,83.3,27.4,16.5,20.6,2.3144484472171754
2008-05-14,7.615177423723177,1.271516827785505,82.0,28.0,15.7,20.5,2.811707561501065
2008-05-15,7.769921744764407,1.5706972578526825,85.6,28.7,16.2,20.8,2.925514637874575
2008-05-16,7.3252825047841785,1.271516827785505,88.7,28.5,17.1,21.2,2.5987972091286973
2008-05-17,4.652873846145377,0.4487706451007665,90.8,24.9,17.8,20.8,1.4193996071615054
2008-05-18,7.36915578304231,1.1967217202687106,82.7,29.3,17.2,22.2,2.7434564927377942
2008-05-19,6.652706904361219,1.645492365369477,77.7,31.4,17.9,23.5,3.015509089304989
2008-05-20,7.453388998390585,1.3463119353022994,83.8,32.0,17.2,22.3,3.13734743452549
2008-05-21,7.302114948267455,1.4211070428190937,80.3,31.1,16.2,22.5,3.0197874311543256
2008-05-22,6.60089014256428,1.271516827785505,77.5,31.7,18.2,23.3,2.8939167154993393
2008-05-23,6.869222101238416,1.5706972578526825,75.3,32.4,16.7,22.3,3.4013869187378387
2008-05-24,6.982552362056129,1.271516827785505,78.0,31.5,16.2,22.1,3.0245618940896475
2008-05-25,6.717474835834919,1.5706972578526825,77.2,31.6,16.3,22.3,3.172146312405579
2008-05-26,7.275256130058631,1.1967217202687106,87.1,29.3,14.5,21.1,2.5740629416112712
2008-05-27,6.5631253330304915,1.0471315052351216,86.2,29.3,17.4,22.6,2.326978098617041
2008-05-28,6.703676898887372,1.4959021503358882,82.2,30.2,16.8,22.7,2.7312708964335197
2008-05-29,6.8263531684109715,2.3186483330206267,69.5,31.9,20.0,24.5,3.8395354855971955
2008-05-30,3.4202386753065785,2.094263010470243,90.6,25.7,18.2,21.4,1.437649055358811
2008-05-31,3.843519685542808,1.5706972578526825,90.1,20.3,15.6,17.6,1.2530109015265092
2008-06-02,4.755582953111262,0.6731559676511497,92.0,24.6,16.3,19.0,1.5311111221978924
2008-06-03,6.503207040715299,1.4959021503358882,84.3,26.7,14.5,20.4,2.336484055313911
2008-06-05,6.703467234579961,1.1967217202687106,84.5,29.7,17.6,22.1,2.5857593604535807
2008-06-07,6.844389827539041,1.8698776879198602,82.5,27.7,20.5,23.5,2.64722387350462
2008-06-08,6.69577294824434,1.271516827785505,84.8,30.1,18.3,22.8,2.6275799127304977
2008-06-09,6.504225368569395,2.393443440537421,69.5,31.3,18.0,24.7,3.50054576666497
2008-06-10,5.5764097922729485,2.393443440537421,69.8,31.8,19.2,24.5,3.5053484106183848
2008-06-11,3.9503892086599364,0.897541290201533,79.2,24.5,18.6,21.2,1.5118079974424548
2008-06-12,6.461602450034503,1.4959021503358882,81.0,30.3,19.0,23.4,2.753727511400489
2008-06-13,5.415366910362721,1.271516827785505,89.6,27.0,18.0,21.8,1.8709653946610685
2008-06-14,6.312552441659847,1.4959021503358882,76.6,30.9,17.5,23.6,2.826096756851011
2008-06-15,5.486907016440071,2.3186483330206267,66.1,31.2,21.7,25.1,3.566779177525657
2008-06-16,2.659415360623472,1.645492365369477,94.2,21.7,16.3,17.1,1.171098851185017
2008-06-17,4.759601163257711,0.5983608601343553,86.4,22.8,14.9,18.1,1.4827071989822023
2008-06-18,5.981478266063137,1.0471315052351216,85.0,28.4,15.4,20.1,2.2688429863169812
2008-06-19,6.283121485620352,1.271516827785505,87.0,28.0,14.5,19.7,2.377805135140696
2008-06-20,6.259284206220228,1.795082580403066,74.0,31.0,16.9,23.3,3.065789219042416
2008-06-21,6.5542649241555155,2.692623870604599,72.4,31.3,19.7,24.0,3.8100334127757973
2008-06-22,2.9700132324237196,2.019467902953449,86.0,21.8,19.0,19.9,1.3507611657692853
2008-06-23,2.608226154529091,0.897541290201533,98.1,19.4,16.9,17.5,0.7560814834832489
2008-06-24,2.9122446861303706,0.5983608601343553,96.0,20.2,16.4,17.7,0.8340775265457929
2008-06-25,3.3905778000774633,0.9723363977183274,98.7,20.5,17.0,17.7,1.0011498956080043
2008-06-26,5.982760862591819,0.6731559676511497,88.3,25.5,14.5,18.4,1.9382181201845157
2008-06-27,5.723497937338765,1.3463119353022994,86.6,25.9,12.5,18.2,2.11583217054055
2008-06-28,6.19308377319417,1.9446727954366547,76.3,26.9,14.6,20.3,2.7194446034537694
2008-06-29,6.293703602085498,2.019467902953449,75.0,27.9,14.9,21.0,2.8853371873593536
2008-06-30,6.669339129594875,1.645492365369477,79.0,28.0,16.0,21.5,2.6625896152737174
2008-07-01,6.5779972334482295,1.4211070428190937,78.1,31.6,16.6,22.5,2.986597134905502
2008-07-02,6.532513085770512,1.5706972578526825,85.0,26.6,15.4,20.9,2.2561239541757647
2008-07-03,4.372831035609295,1.121926612751916,91.5,24.9,17.3,20.2,1.5043433388514282
2008-07-04,4.687741384332111,1.271516827785505,90.3,23.7,15.8,19.1,1.569220753498182
2008-07-05,5.657711906253736,1.121926612751916,87.3,26.0,15.5,19.0,2.0661510457063375
2008-07-06,6.527907687658393,1.0471315052351216,84.7,27.5,13.9,19.3,2.362339747428674
2008-07-07,5.882598064283956,1.121926612751916,85.5,25.9,13.5,19.0,2.047425209339033
2008-07-08,6.675357913765142,1.7202874728862712,80.6,26.2,12.6,18.2,2.717095883181605
2008-07-09,6.407616884736107,1.4959021503358882,79.5,27.0,11.0,18.3,2.55411775302593
2008-07-10,5.697546365724751,1.4959021503358882,87.5,26.6,13.0,18.6,2.1804624062316136
2008-07-11,5.304076216690468,1.4211070428190937,88.8,25.6,14.7,19.4,1.8863898975110618
2008-07-12,5.950630179168185,1.8698776879198602,86.9,26.0,15.1,20.0,2.199287612007008
2008-07-13,6.880196925207319,2.019467902953449,79.3,26.7,12.9,19.1,2.9047946424742603
2008-07-14,6.856028574291281,1.645492365369477,80.0,26.8,12.1,18.0,2.822325785669841
2008-07-15,6.836469964819256,1.4959021503358882,81.1,27.1,11.1,17.6,2.7808147376021153
2008-07-16,6.875749650295518,1.7202874728862712,78.3,27.7,12.4,18.5,3.027554636105088
2008-07-17,6.878752421321834,1.9446727954366547,76.2,29.2,10.9,19.0,3.321464449279103
2008-07-18,6.660679823341243,1.7202874728862712,60.7,30.8,14.4,21.7,3.659289915283175
2008-07-19,6.452806855833435,1.5706972578526825,65.5,31.0,13.2,20.7,3.426534914882975
2008-07-20,6.834321497710905,1.4211070428190937,75.2,30.4,12.7,20.0,3.1058704171091365
2008-07-21,6.937485738302639,1.271516827785505,75.8,30.2,13.5,20.5,2.9694501504462782
2008-07-22,6.880462324055208,2.4682385480542153,60.1,30.7,15.8,23.8,4.0375737292362555
2008-07-23,7.082112680703947,2.7674189781213934,61.8,30.4,21.2,23.9,4.554163411597872
2008-07-24,6.519137275375499,1.3463119353022994,88.7,27.3,15.9,20.3,2.333630503304855
2008-07-25,7.470158474332378,2.6178287630878043,77.7,29.2,18.0,22.5,3.4991411350704498
2008-07-26,6.766806100572705,1.8698776879198602,82.5,24.0,17.1,19.1,2.6055701474628186
2008-07-27,7.545315017818059,1.4211070428190937,79.1,27.9,13.4,19.4,2.9414436309230925
2008-07-28,7.488941905324838,2.019467902953449,73.7,31.8,15.1,21.6,3.876381025253849
2008-07-29,8.021410716285803,2.094263010470243,79.5,27.5,15.3,20.9,3.101543891792889
2008-07-30,7.512560744976404,1.7202874728862712,65.9,32.6,16.6,22.5,4.072213332744871
2008-07-31,7.145717341099017,2.1690581179870376,50.9,33.4,17.0,24.9,4.701972381147155
2008-08-01,7.8173124843153285,1.5706972578526825,80.0,32.4,14.9,22.0,3.5217012390919535
2008-08-02,7.054830146175055,1.7202874728862712,71.4,34.5,15.8,23.4,3.9083050793028544
2008-08-03,3.6259494330752196,2.243853225503832,86.1,23.9,18.4,21.0,1.510234172361666
2008-08-04,3.6301566334034128,1.5706972578526825,90.0,21.8,17.9,19.4,1.2648371726373797
2008-08-05,7.497314554336339,2.019467902953449,82.3,30.4,14.6,21.7,3.1860418171911187
2008-08-06,6.115323813956023,1.7202874728862712,85.4,28.0,19.7,22.5,2.457965807113225
2008-08-07,8.483406146707,0.6731559676511497,81.8,34.3,17.9,23.8,3.1339950802147944
2008-08-08,4.432655904273508,1.3463119353022994,88.4,25.5,19.4,21.7,1.6350170201672394
2008-08-09,4.451275170967782,0.07479510751679441,90.5,26.2,19.8,21.8,1.3257821140585455
2008-08-10,4.16208282809374,0.0,93.6,21.7,17.2,19.0,1.1492807391067428
2008-08-11,9.056273048587297,0.6731559676511497,83.4,27.8,15.2,20.6,2.8514463392056566
2008-08-12,9.075130695267498,0.37397553758397206,76.6,32.3,17.1,23.4,3.005718959745451
2008-08-13,8.974129465848517,0.5983608601343553,71.2,26.9,20.6,24.3,2.911689531160992
2008-08-14,7.8126970709578245,0.4487706451007665,87.4,29.0,20.5,22.8,2.5327259112705245
2008-08-15,9.031871409525273,2.019467902953449,76.8,31.4,17.5,22.9,3.984744160731246
2008-08-16,8.678211526740593,1.271516827785505,56.2,32.9,17.6,25.9,3.8802583989538055
2008-08-17,8.744376638446855,1.7202874728862712,51.7,33.0,23.6,26.9,4.68051495061009
2008-08-18,8.66529230705722,0.5983608601343553,51.1,33.5,21.6,26.1,3.466088465715132
2008-08-19,9.363537185387738,0.14959021503358882,68.7,32.5,17.2,23.6,2.9504204256739093
2008-08-20,9.77074840750874,0.5983608601343553,82.1,30.9,16.8,22.9,3.2021061578373127
2008-08-21,9.412083461822695,0.07479510751679441,68.3,32.0,16.5,23.5,2.8732281863843694
2008-08-22,8.77937877906525,0.0,78.4,27.8,18.1,22.5,2.5661187110260677
2008-08-23,3.834275129792941,0.6731559676511497,95.8,22.7,19.6,20.6,1.1334848374959574
2008-08-24,8.042468850708214,1.1967217202687106,83.5,27.0,18.6,21.6,2.788065477699608
2008-08-25,9.521802616344967,2.243853225503832,73.6,30.5,16.6,22.5,4.172060446656221
2008-08-26,7.7193498867346575,2.4682385480542153,79.0,26.6,17.3,22.4,2.870473522249833
2008-08-27,9.759595618767484,2.019467902953449,78.7,25.9,18.8,21.4,3.5198806719127527
2008-08-28,10.056117656218044,1.271516827785505,81.7,29.2,14.2,20.2,3.5476593666656564
2008-08-29,9.864053366120212,3.216189623222159,73.3,31.7,16.5,23.1,4.86317835021397
2008-08-30,2.774082177260722,2.094263010470243,95.1,21.8,17.1,17.9,1.2039112363056164
2008-08-31,5.177830126646209,0.8227461826847385,93.5,21.2,15.9,17.7,1.5077969186292008
2008-09-01,9.971885075331528,1.0471315052351216,80.0,26.1,12.4,18.7,3.163301230892065
2008-09-02,10.5128055767252,1.7202874728862712,74.3,31.8,12.1,20.1,4.4346908520512915
2008-09-03,10.080409744088541,1.9446727954366547,57.2,34.1,15.6,24.6,5.11251925752322
2008-09-04,10.01296009328176,2.692623870604599,52.1,36.8,20.2,26.3,6.583131258335517
2008-09-05,8.932926940509331,1.4211070428190937,82.8,30.2,20.4,23.6,3.3497955399306143
2008-09-06,10.930943102351911,2.9170091931549815,75.4,33.4,17.8,23.9,5.222057246396321
2008-09-07,9.91024466925372,1.645492365369477,85.5,31.2,17.7,22.7,3.7055322216969113
2008-09-08,3.8520319347377128,2.54303365557101,97.7,21.7,19.1,19.6,1.1938258300622409
2008-09-09,3.2479906488948433,1.121926612751916,97.7,20.5,18.0,19.0,0.8762413562893238
2008-09-10,10.984039902306543,1.5706972578526825,84.1,30.3,17.0,22.6,3.8457017938021236
2008-09-11,11.44520689718731,1.4211070428190937,76.7,34.5,18.7,25.1,4.51696250427032
2008-09-12,11.678885839740943,2.7674189781213934,67.0,29.3,22.5,26.5,4.829606476987342
2008-09-13,6.644396769439944,1.8698776879198602,89.2,25.9,21.6,23.1,2.26103590925284
2008-09-14,4.927718608722363,1.7202874728862712,94.3,23.9,20.1,21.2,1.595707309642352
2008-09-15,4.1189895449075,2.1690581179870376,97.8,20.4,18.0,18.7,1.112914733773876
2008-09-16,3.481017148548723,1.5706972578526825,98.7,19.5,17.1,17.7,0.9482309630445096
2008-09-17,4.1414928445658274,0.897541290201533,96.3,19.4,15.9,16.8,1.1643460856062553
2008-09-18,8.03020464769214,1.271516827785505,87.0,23.2,14.9,18.0,2.487321132370956
2008-09-19,11.176908028500597,0.897541290201533,77.3,26.2,11.7,18.5,3.4503722554495364
2008-09-20,10.753300145183173,1.1967217202687106,74.9,28.1,13.2,20.4,3.6200973791889575
2008-09-21,2.8271254022664953,1.9446727954366547,82.3,24.2,18.7,20.8,1.549240496723342
2008-09-22,9.271192921627012,1.4959021503358882,86.3,25.6,18.2,20.8,3.0323988884178696
2008-09-23,11.209551285702416,2.3186483330206267,78.0,25.4,15.3,20.0,3.7640899593908337
2008-09-24,12.716862562758248,1.645492365369477,82.1,25.3,15.6,19.8,3.8900336399044515
2008-09-25,9.081573945104019,0.897541290201533,82.7,26.4,13.7,19.5,2.847286211091212
2008-09-26,3.2602008494910875,1.0471315052351216,87.7,20.1,17.7,18.1,1.162167999331606
2008-09-27,8.0429153619453,1.4959021503358882,87.3,25.4,14.2,18.8,2.637562256701093
2008-09-28,7.920686201848022,1.7202874728862712,91.5,23.2,14.5,18.0,2.357285543652268
2008-09-29,11.803586083585081,1.3463119353022994,85.5,26.2,14.3,19.7,3.558734204123393
2008-09-30,8.227558568555725,1.121926612751916,81.7,27.0,17.4,21.2,2.8022904073106067
2008-10-01,13.223941934462255,1.5706972578526825,86.5,29.4,17.2,21.9,4.300126233617532
2008-10-02,5.429526847827025,2.094263010470243,86.1,26.4,20.3,22.8,2.1384977928368865
2008-10-03,12.287410089531752,1.795082580403066,76.3,33.7,18.6,25.0,4.824576586288137
2008-10-04,12.665136465580385,1.8698776879198602,84.4,35.1,21.4,25.4,5.068100651837216
2008-10-05,5.0911374384568635,2.243853225503832,88.8,26.5,21.4,23.7,1.9032491177158208
2008-10-06,4.355852979851015,1.7202874728862712,95.2,22.5,19.9,20.4,1.4015736841779076
2008-10-07,8.042388408088664,1.5706972578526825,91.8,28.5,18.8,21.3,2.8970329817086133
2008-10-08,4.747072188017338,2.4682385480542153,97.0,21.1,18.0,18.9,1.329005234326669
2008-10-09,5.2503718401288815,0.9723363977183274,91.8,21.3,16.1,17.7,1.5836078328028689
2008-10-10,8.167117907770171,0.9723363977183274,79.5,25.5,16.5,19.8,2.7331484622747784
2008-10-11,13.639237711745889,2.019467902953449,73.3,28.3,17.0,22.0,4.79314366682672
2008-10-12,11.365090534499792,1.7202874728862712,76.6,31.8,18.4,23.8,4.42950286781232
2008-10-13,15.418918304230893,2.094263010470243,71.4,33.9,20.3,26.7,5.933490715106904
2008-10-14,14.760835506178369,2.243853225503832,65.5,35.8,22.1,28.5,6.290850213415565
2008-10-15,15.2724790078214,1.7202874728862712,79.4,34.2,21.9,25.7,5.673115497448574
2008-10-16,12.865969286309403,2.243853225503832,84.1,35.0,21.7,25.2,5.360279067005386
2008-10-17,4.876665129995648,1.271516827785505,90.0,26.9,21.6,23.0,1.807597922192125
2008-10-18,7.617932367090787,1.121926612751916,95.3,28.2,20.9,22.2,2.5734452328341355
2008-10-19,3.1283362718422127,1.3463119353022994,99.3,21.5,19.6,20.0,0.8816761786805757
2008-10-20,4.27401286523698,1.1967217202687106,98.0,23.8,18.9,20.1,1.3373698306705446
2008-10-21,12.97829116295887,1.121926612751916,82.5,30.6,19.7,23.6,4.355665245696054
2008-10-22,15.945888599452266,1.795082580403066,77.2,32.7,19.0,25.3,5.61671044079871
2008-10-23,16.373686598763385,1.9446727954366547,69.1,35.1,22.0,27.3,6.444459915662728
2008-10-24,15.827050136185104,1.8698776879198602,82.7,34.2,20.2,25.0,5.76474886213707
2008-10-25,11.812848152049426,1.645492365369477,90.3,29.8,19.8,23.2,3.8942727625794364
2008-10-26,15.737839210989629,1.4959021503358882,77.6,36.5,21.5,27.2,5.929447372138033
2008-10-27,9.650528772365671,2.7674189781213934,68.5,32.1,23.1,27.5,4.596339217397762
2008-10-28,6.835700595672275,1.795082580403066,85.8,25.2,20.8,22.5,2.3542650813305044
2008-10-29,12.162795378651293,1.4211070428190937,82.2,31.0,20.4,23.5,4.352167385699781
2008-10-30,11.071476605887321,2.393443440537421,81.9,31.5,20.7,24.2,4.445963492108546
2008-10-31,4.608892897087157,1.645492365369477,89.8,24.0,21.0,21.6,1.6823096301111307
2008-11-01,5.100895482391512,0.7479510751679441,91.0,23.5,18.7,20.4,1.5743965974215137
2008-11-02,15.27262896495055,2.1690581179870376,79.1,31.9,18.0,24.2,5.373423349118471
2008-11-03,9.464653223823245,1.9446727954366547,87.4,32.3,21.1,23.9,3.8693265246998134
2008-11-04,8.769990942037023,1.3463119353022994,90.0,26.9,20.9,22.9,2.8118980409136207
2008-11-05,13.21487830872293,1.7202874728862712,88.8,30.8,20.7,23.6,4.504661485380402
2008-11-06,11.029120730152549,1.4211070428190937,88.2,31.7,21.1,24.4,3.898984638770932
2008-11-07,5.052393668324167,1.7202874728862712,88.4,26.7,21.5,23.6,1.868958719078046
2008-11-08,13.499407181610529,1.795082580403066,87.0,28.4,20.4,23.8,4.194060487548368
2008-11-09,13.60792807365789,1.7202874728862712,87.3,30.3,20.7,24.3,4.455451018972863
2008-11-10,6.731268438447554,1.121926612751916,90.2,30.4,22.5,24.6,2.46567563522588
2008-11-11,7.279935101036189,1.3463119353022994,87.1,27.1,22.1,23.9,2.4824069940378575
2008-11-12,11.347222260947673,1.271516827785505,83.3,30.0,19.6,23.8,3.831842967408059
2008-11-13,10.251450102377973,1.8698776879198602,88.4,29.2,21.8,24.0,3.567477878768821
2008-11-14,8.225676878292196,1.7202874728862712,90.5,28.0,20.2,22.8,2.826167199869084
2008-11-15,17.342359553701513,1.9446727954366547,84.7,31.2,20.9,24.8,5.649566452654552
2008-11-16,16.62185959395771,2.3186483330206267,86.3,31.5,20.5,24.7,5.487310011615434
2008-11-17,6.207352532175569,1.1967217202687106,92.4,28.6,21.3,22.8,2.252397399359956
2008-11-18,13.081286381996819,1.4211070428190937,85.6,27.2,16.9,22.0,3.8906847427624167
2008-11-19,6.908961328827616,1.4211070428190937,95.9,22.8,18.4,19.9,1.9519232483552649
2008-11-20,11.428166633798103,0.8227461826847385,82.3,26.4,16.5,20.9,3.478669083664998
2008-11-21,11.16444289027179,1.1967217202687106,84.0,27.8,16.1,21.1,3.5477564505649526
2008-11-22,5.711542755528243,0.9723363977183274,92.9,21.8,19.0,20.1,1.6395875426496822
2008-11-23,11.737337115412464,1.645492365369477,88.2,27.4,17.8,21.3,3.724921440536455
2008-11-24,8.648860041802221,1.271516827785505,90.6,27.1,19.1,21.5,2.8307254549008958
2008-11-25,11.866190167877434,1.121926612751916,87.4,28.0,19.5,22.4,3.756549612602239
2008-11-26,10.636372253318486,0.897541290201533,89.3,30.3,20.4,23.2,3.5359445006460923
2008-11-27,9.782337228252898,1.4959021503358882,91.5,28.2,21.2,22.8,3.257805142694164
2008-11-28,9.265681708126959,1.1967217202687106,89.1,28.2,19.9,23.1,2.985520671075471
2008-11-29,5.775244476309363,0.9723363977183274,93.8,25.5,20.9,22.2,1.816041689562877
2008-11-30,12.839203806802315,1.9446727954366547,88.1,28.4,20.7,23.4,4.115044406966371
2008-12-01,17.972585402233907,1.5706972578526825,82.4,32.4,19.4,24.7,5.952772445187899
2008-12-02,14.549062515853254,2.393443440537421,78.8,33.8,20.3,25.6,5.6282868530950605
2008-12-03,7.511931032947574,2.019467902953449,90.4,26.1,21.1,22.0,2.660511205541916
2008-12-04,18.405655083455734,2.1690581179870376,75.8,27.4,16.3,21.8,5.670380877292622
2008-12-05,9.91998497521473,1.0471315052351216,83.0,26.8,17.1,21.3,3.1464292537383423
2008-12-06,8.573940059292541,0.897541290201533,82.1,27.4,19.5,22.5,2.849338135245515
2008-12-07,9.980451989811923,1.4211070428190937,84.4,28.0,18.2,22.8,3.2282969233664387
2008-12-08,17.218311153224573,1.7202874728862712,79.8,33.1,19.8,25.0,5.953700787346349
2008-12-09,18.50691176720318,1.7202874728862712,82.1,33.0,18.8,24.8,6.164753781505029
2008-12-10,16.319316292531404,1.5706972578526825,78.0,33.9,18.7,25.8,5.6629386048858645
2008-12-11,12.125118306828146,2.1690581179870376,80.7,30.4,23.1,25.3,4.519639716373376
2008-12-12,4.808888335613338,1.4211070428190937,94.0,23.5,20.7,21.5,1.5011104016492456
2008-12-13,9.981954441603483,1.4211070428190937,87.3,27.2,18.9,22.0,3.2310240770700718
2008-12-14,5.732794475310853,0.4487706451007665,94.2,25.0,18.2,20.9,1.688948082378543
2008-12-15,5.877263128941096,0.897541290201533,97.0,24.2,19.5,20.9,1.7324895520332688
2008-12-16,5.606088233862863,1.121926612751916,95.0,24.9,20.2,21.8,1.7213881530634
2008-12-17,5.934244077008764,0.9723363977183274,93.4,26.6,20.4,22.5,1.906801589698791
2008-12-18,8.331309750032382,1.121926612751916,93.3,28.7,19.9,22.8,2.7084276752128393
2008-12-19,5.112946595294906,1.271516827785505,95.1,25.0,21.3,22.4,1.5984472570241726
2008-12-20,10.331019324605542,1.5706972578526825,92.6,28.8,21.0,23.4,3.357053868611648
2008-12-21,12.989716343100053,1.271516827785505,86.5,32.4,21.2,25.0,4.448854057461659
2008-12-22,14.68636422778189,1.271516827785505,85.2,35.0,22.1,25.8,5.310989542362729
2008-12-23,17.35435742932128,1.645492365369477,81.8,33.4,22.1,26.1,5.986781951109782
2008-12-24,16.246206348337346,2.3186483330206267,74.9,35.5,23.3,27.7,6.468582248996997
2008-12-25,5.920312106238056,1.1967217202687106,86.3,30.7,23.4,25.9,2.3022020202033437
2008-12-26,6.583416956503961,1.5706972578526825,96.5,26.5,21.7,23.3,2.013833700437268
2008-12-27,4.213946371807675,1.4211070428190937,98.6,24.7,21.8,22.6,1.2523349337440477
2008-12-28,11.265263265835337,1.645492365369477,91.8,29.8,20.8,23.4,3.7575565440977106
2008-12-29,16.423091220836387,1.5706972578526825,89.1,30.8,21.2,25.2,5.083173266709576
2008-12-30,14.294741860999078,2.094263010470243,89.0,30.8,22.2,25.6,4.609394211927597
2008-12-31,12.29279112483224,1.4211070428190937,89.0,30.2,21.4,25.2,3.9062339805372157
2009-01-01,12.329388490280056,1.4959021503358882,83.3,31.1,22.1,25.8,4.217720763505017
2009-01-02,12.06901320994541,1.121926612751916,91.0,32.1,22.5,25.1,4.0755758214661215
2009-01-03,12.668607614843502,1.8698776879198602,80.3,35.9,22.7,27.4,5.119045862132015
2009-01-04,5.008761260113619,2.094263010470243,90.9,25.7,21.1,23.2,1.7062414833775683
2009-01-05,5.265683657858532,1.0471315052351216,97.5,23.1,19.9,21.0,1.501529135978205
2009-01-06,6.789412150234281,1.795082580403066,97.3,23.7,20.0,21.0,1.9587061965008887
2009-01-07,11.187966396948262,1.121926612751916,87.7,29.2,20.1,23.2,3.6409809900589867
2009-01-08,17.517132098991446,2.019467902953449,85.0,32.3,21.7,25.2,5.928349392164051
2009-01-09,17.598988299448827,2.243853225503832,83.6,34.4,22.8,26.7,6.319568801870627
2009-01-10,14.9291392641854,1.645492365369477,84.4,34.2,23.6,26.9,5.365174742537336
2009-01-11,15.396139755304599,1.5706972578526825,73.6,35.4,21.8,27.7,5.816533105011337
2009-01-12,16.809413135744503,2.094263010470243,70.8,36.4,22.5,28.2,6.704920716304351
2009-01-13,16.845946473517913,1.9446727954366547,67.7,38.6,23.2,29.8,6.962916056088228
2009-01-14,13.631947015630582,2.019467902953449,73.4,37.6,23.6,28.6,5.916702689865019
2009-01-15,12.054383562595298,2.094263010470243,75.0,33.7,22.2,26.9,4.894804916383041
2009-01-16,10.835040243645512,1.7202874728862712,78.6,32.4,23.5,26.5,4.235190312511801
2009-01-17,15.07692308505474,1.271516827785505,81.0,36.0,23.5,27.6,5.542191409375871
2009-01-18,15.009585591235853,2.3186483330206267,73.4,36.5,24.8,28.6,6.369781356424362
2009-01-20,10.700457593980902,1.4211070428190937,84.8,36.2,23.9,27.4,4.294843666600007
2009-01-21,6.0668872356211345,1.645492365369477,97.8,27.3,23.5,24.0,1.995032169080737
2009-01-22,6.71548220504034,0.37397553758397206,92.4,26.9,22.2,23.5,2.074292201538963
2009-01-23,6.620049503698276,1.4211070428190937,92.1,26.0,20.5,22.4,2.1539149002109026
2009-01-24,7.221161447628099,1.271516827785505,94.1,26.4,20.3,22.7,2.1985268398597393
2009-01-25,13.302412979956399,0.4487706451007665,85.9,32.8,21.9,25.5,4.3053826973978255
2009-01-26,4.937340944244626,0.29918043006717765,96.6,26.4,23.1,23.9,1.505843828331025
2009-01-27,11.512272316857615,0.07479510751679441,83.5,32.9,22.6,25.8,3.626872941567201
2009-01-28,6.936969423036782,0.0,95.3,30.6,23.1,24.9,2.1389235274957072
2009-01-29,12.286503819835849,0.14959021503358882,81.0,34.5,23.7,27.4,3.9756935001001157
2009-01-30,11.006884283977792,0.0,79.0,35.8,23.4,27.4,3.5050415929960073
2009-01-31,10.609429886069707,0.0,81.3,34.7,22.8,26.9,3.3464480340728886
2009-02-02,13.609403359114989,0.0,87.1,32.6,22.6,26.5,4.235109314618669
2009-02-03,14.86132578968097,0.0,83.6,34.9,23.1,27.4,4.700926982561324
2009-02-04,14.061337267335352,0.0,76.9,36.6,23.6,28.3,4.502072987472606
2009-02-05,14.272812066553428,0.0,83.0,32.4,22.5,26.3,4.433495581490177
2009-02-06,16.72062951448251,0.07479510751679441,85.9,33.2,21.7,26.2,5.213714836969247
2009-02-07,17.548984424638675,0.0,77.8,36.1,23.5,28.1,5.600544939893472
2009-02-08,14.9295045015248,0.0,84.8,36.9,23.0,27.4,4.772324697354791
2009-02-09,14.121265999568244,0.0,85.3,33.0,23.7,27.0,4.433645770798019
2009-02-10,13.58032083169727,0.0,90.3,33.6,23.9,26.6,4.283532521288754
2009-02-11,16.072266537476356,0.0,78.8,36.5,23.8,28.6,5.14867767622562
2009-02-12,7.637153210426887,0.0,87.3,32.1,24.4,25.7,2.3950345086443052
2009-02-13,4.249255663001726,0.0,97.8,23.3,20.7,21.9,1.2240749457196998
2009-02-17,17.324390604325608,1.5706972578526825,75.7,34.5,21.6,27.6,6.116907394224812
2009-02-18,16.544998569717368,1.7202874728862712,72.9,35.7,23.4,28.0,6.345521259148825
2009-02-19,16.415414739972938,0.8227461826847385,77.8,34.4,22.0,27.3,5.518001790697001
2009-02-20,16.050635389841354,0.0,75.6,34.3,22.2,27.3,5.03352814656822
2009-02-21,15.832348466851458,0.0,77.6,34.7,22.4,27.3,4.982413295733858
2009-02-22,16.000219901663367,0.0,81.2,32.6,21.6,26.4,4.948805974465869
2009-02-23,16.139457061690994,0.0,73.7,36.5,22.9,27.8,5.145097105448082
2009-02-24,14.921321874717338,0.0,79.6,32.5,23.8,27.0,4.6738858072264895
2009-02-25,15.949874064183502,0.0,84.1,32.7,21.1,26.1,4.921004925989774
2009-02-26,15.841779998538723,0.0,80.5,36.0,22.1,26.7,5.013891990821975
2009-02-27,15.807402580920444,0.0,77.3,36.0,22.6,27.9,5.017046505556942
2009-02-28,16.255537308033468,0.5983608601343553,80.0,36.6,23.5,28.0,5.552761929226533
2009-03-01,15.9570114107084,0.0,82.0,34.6,23.5,27.4,5.050362504528259
2009-03-02,15.781881606250273,1.645492365369477,78.3,37.9,23.0,28.6,6.138590073193633
2009-03-03,15.22291423098807,0.0,80.8,35.3,23.1,28.1,4.826146311068296
2009-03-04,14.76592005022832,0.0,84.5,32.6,25.7,28.2,4.67864263550534
2009-03-05,15.704024508545924,0.0,81.0,35.6,23.3,28.0,4.992541728792307
2009-03-06,14.874937513007398,0.07479510751679441,77.8,38.0,24.2,29.1,4.8671924903009
2009-03-07,7.827903694499119,0.0,87.6,29.7,24.7,26.4,2.4241257372937213
2009-03-08,12.728005702071123,1.0471315052351216,82.8,32.8,22.4,26.6,4.3485764314536395
2009-03-09,12.816345454116254,1.4959021503358882,77.9,35.4,22.4,27.7,4.913427669879419
2009-03-10,11.096983032334983,1.271516827785505,82.5,32.2,22.8,26.2,3.963132445725415
2009-03-11,13.653925360570792,1.4959021503358882,86.4,35.1,22.7,26.6,5.005417546039138
2009-03-12,14.033744635890516,0.14959021503358882,78.5,35.5,23.4,28.1,4.551315673665849
2009-03-13,9.227018003810318,0.0,83.5,34.6,22.8,26.8,2.908739831091388
2009-03-14,10.915444871822233,0.0,90.2,32.9,22.8,25.8,3.406978450184232
2009-03-15,7.941037864171924,0.0,90.6,30.5,22.0,24.6,2.4299651629801127
2009-03-16,11.58956215715174,0.0,85.9,31.0,21.1,24.9,3.5372696884922994
2009-03-17,6.226888654524575,0.0,89.8,28.6,22.4,24.7,1.88683195294503
2009-03-18,10.395620141796254,0.07479510751679441,86.2,30.8,23.1,25.8,3.2325165736664494
2009-03-19,11.849266894653109,0.0,83.9,31.6,22.1,25.6,3.653566016938626
2009-03-20,11.14225039842978,0.0,84.0,30.0,19.6,24.1,3.3444278797677414
2009-03-21,9.32561795667446,0.0,85.3,29.3,20.0,23.8,2.793364358019356
2009-03-22,5.78612170033822,0.0,91.5,26.9,21.6,23.6,1.7234928845683928
2009-03-23,7.9408147884197,0.0,90.6,27.7,21.0,23.9,2.36863551778051
2009-03-24,7.14595962504644,0.0,89.2,28.7,22.6,24.7,2.1696354880817847
2009-03-25,10.720531838587751,0.0,86.1,29.1,20.9,24.3,3.226667026347087
2009-03-26,12.467673737207285,0.0,82.9,30.5,19.1,24.0,3.742263380514253
2009-03-27,11.413716548191584,0.0,83.8,31.6,20.8,25.2,3.4903617087578356
2009-03-28,6.426279860216732,0.0,91.6,28.8,22.7,25.0,1.9537031157189662
2009-03-29,8.694085626887608,0.0,92.6,29.3,22.4,25.0,2.646627980239047
2009-03-30,11.013511749451174,0.07479510751679441,89.0,30.1,22.4,25.5,3.382950128541895
2009-03-31,5.392773764393036,0.0,95.3,26.9,22.6,23.9,1.617566585364251
2009-04-01,10.19403767095203,0.0,90.7,28.9,21.0,24.2,3.066110941154148
2009-04-02,7.236960499090149,0.0,93.3,27.6,21.9,23.3,2.17073179672813
2009-04-03,8.82958818830107,0.0,90.5,28.2,20.6,23.5,2.6355919822890868
2009-04-04,10.60703075590924,0.0,87.7,29.9,20.3,24.6,3.1968478324390506
2009-04-05,10.898453536129729,0.0,80.1,33.0,22.9,26.8,3.405724575965019
2009-04-06,7.980917470531167,0.0,89.5,31.0,23.0,25.0,2.465412479390534
2009-04-07,9.911482218687091,0.0,89.8,29.9,20.7,24.3,2.9952920122109212
2009-04-08,10.93181243719856,0.0,89.9,29.2,21.4,24.5,3.303640136728836
2009-04-09,10.473448918409602,0.0,87.1,29.5,21.7,24.3,3.1778147442001767
2009-04-10,11.742990265656358,0.0,84.0,32.2,20.1,24.4,3.588739809136724
2009-04-11,9.926012337576468,0.0,81.5,28.1,20.4,23.7,2.9566283811401917
2009-04-12,6.739166853686582,0.0,87.3,28.2,19.4,23.1,1.994537651388083
2009-04-13,8.495936171087964,0.0,85.4,30.1,22.0,24.9,2.5930589167952216
2009-04-14,5.319293850253507,0.0,87.8,27.7,22.6,24.6,1.6042655187886734
2009-04-15,5.937028304428834,0.0,90.5,27.1,20.6,22.7,1.758399567079173
2009-04-16,10.088912432850977,0.0,88.3,27.2,19.9,22.4,2.975139978109313
2009-04-17,11.308735774375467,0.0,83.6,27.7,16.5,21.7,3.262776284488906
2009-04-18,9.830614149900773,0.0,81.8,29.1,16.7,21.5,2.871229650680533
2009-04-19,10.86036393205172,0.0,79.0,32.0,17.0,22.9,3.246303423087736
2009-04-20,10.371780734537646,0.0,82.2,30.8,17.9,22.9,3.0937591273736995
2009-04-21,3.949285922256517,0.0,97.3,24.1,18.5,20.5,1.1250688256556716
2009-04-22,10.373079526292399,0.0,83.8,28.2,18.3,22.3,3.0455030442709736
2009-04-23,10.258813570784227,0.0,80.8,30.8,18.1,23.4,3.0643524854156152
2009-04-24,10.053278911017717,0.0,85.3,28.9,18.3,22.2,2.966790192913936
2009-04-25,10.000353595221895,0.0,85.4,29.2,18.8,23.1,2.9682244281986274
2009-04-26,9.788553375782,0.0,86.1,28.9,19.1,23.3,2.9053595925452456
2009-04-27,8.22230740013758,0.0,86.6,27.8,19.1,23.0,2.4211542635072756
2009-04-28,9.722726812009384,0.0,88.0,27.9,18.8,22.4,2.858772521461549
2009-04-29,9.803114108106158,0.0,85.4,29.8,17.1,22.1,2.886641226536045
2009-04-30,8.897914528977049,0.0,88.3,28.6,17.4,21.7,2.602711995403058
2009-05-01,8.05305774881956,0.0,87.4,27.0,16.7,20.9,2.314370968800994
2009-05-02,6.104760895104708,0.0,87.5,25.9,17.9,21.0,1.7558305285861757
2009-05-03,8.542867695953227,0.0,83.6,27.4,17.5,21.6,2.478140249228466
2009-05-04,8.921378630202348,0.0,83.1,28.5,16.3,21.7,2.585954710443759
2009-05-05,6.891348946486403,0.0,83.3,29.1,18.2,22.6,2.035160508750916
2009-05-06,9.010914627138325,0.0,78.4,32.0,17.8,23.2,2.708405126505356
2009-05-07,6.796464304504367,0.0,89.1,26.4,16.3,20.4,1.9377334792177747
2009-05-08,8.373099640227974,0.0,85.2,28.1,15.8,20.8,2.410134013829325
2009-05-09,8.654293501156085,0.0,83.1,29.7,17.4,22.7,2.5520822733818846
2009-05-10,6.502840408173924,0.0,88.0,29.1,18.6,22.5,1.9259789868254695
2009-05-11,7.18216041220495,0.0,88.3,29.8,20.5,23.5,2.1660943396011723
2009-05-12,8.868502170265065,0.0,85.6,31.0,19.0,23.3,2.669242902938993
2009-05-13,8.703628159674679,0.0,79.2,32.3,18.6,23.9,2.6355610123169018
2009-05-14,7.242670799074089,0.0,68.5,31.6,18.8,25.6,2.185820320316406
2009-05-15,5.37343257016612,0.0,81.0,28.4,21.3,23.5,1.6139831118969907
2009-05-16,4.216261705185319,0.0,90.3,23.2,17.8,19.8,1.185414312278733
2009-05-17,6.594277556072162,0.0,83.9,26.0,16.8,20.8,1.881602641884832
2009-05-18,7.750239082546993,0.0,81.1,28.8,16.2,21.9,2.2499340790144733
2009-05-19,7.813223196528844,0.0,82.5,27.7,16.4,21.5,2.252500069741201
2009-05-20,4.734312964408314,0.0,93.4,24.8,18.1,21.0,1.3519684150898847
2009-05-21,7.894028345600233,0.0,85.5,27.7,17.6,21.4,2.296922166623789
2009-05-22,7.824258537572455,0.0,80.2,28.9,14.9,21.2,2.2503865818622053
2009-05-23,7.790570547467539,0.0,77.8,27.7,15.2,21.1,2.2247378647942786
2009-05-24,7.628720750696949,0.0,74.7,30.4,15.9,22.8,2.236453647865531
2009-05-25,7.636299613462609,0.0,75.3,31.2,17.1,23.5,2.2713852983322544
2009-05-26,7.14560279126582,0.0,67.0,32.9,20.2,25.9,2.194949742708617
2009-05-27,7.404666356487947,0.0,80.7,32.3,19.8,24.6,2.259990627863423
2009-05-28,7.655936658839412,0.0,89.5,30.5,20.5,23.8,2.319852934438625
2009-05-29,3.3514588038940576,0.0,96.7,23.2,20.0,21.1,0.9593683021942552
2009-05-30,5.757044592416478,0.0,91.0,25.3,18.2,20.8,1.6519079526125235
2009-05-31,6.28748562501833,0.0,74.0,29.8,19.1,24.6,1.8780994575152432
2009-06-01,2.766589686828399,0.0,90.3,26.0,19.8,21.0,0.8080384621919932
2009-06-02,5.349683662281718,0.0,87.4,22.0,16.5,18.3,1.4720074338550042
2009-06-03,6.808810599282287,0.0,82.7,22.0,13.2,16.6,1.817447434937192
2009-06-04,6.737348538010895,0.0,81.2,24.8,9.7,16.2,1.786299321700419
2009-06-05,7.00332359325804,0.0,71.4,31.2,13.4,22.8,2.02686264648147
2009-06-06,6.153971679341575,0.0,71.8,26.6,21.2,23.2,1.8239613813830822
2009-06-07,5.015169657204386,0.0,81.8,22.7,17.8,20.0,1.4041007504890537
2009-06-08,6.737204130218678,0.0,81.0,25.3,13.8,18.7,1.8636171312272753
2009-06-09,6.59472503883838,0.0,78.3,28.8,15.7,20.5,1.9071342048467879
2009-06-10,5.684482008389254,0.0,82.5,28.3,16.1,20.9,1.6426276343754629
2009-06-11,3.7766437726077977,0.0,94.5,25.3,19.0,21.0,1.0904785918084456
2009-06-12,3.0518716477223777,0.0,96.6,22.0,18.5,19.0,0.854434757717035
2009-06-13,6.4333298033806265,0.0,87.2,23.1,15.8,18.0,1.7764427899992286
2009-06-14,5.8580872401436554,0.0,85.3,23.6,13.6,17.6,1.5931524959356314
2009-06-15,6.090344400639031,0.0,85.9,24.7,12.9,17.4,1.6623497719115536
2009-06-16,6.060360349779831,0.0,85.9,27.7,13.6,19.2,1.7081621469154784
2009-06-17,6.608803246677995,0.07479510751679441,81.6,26.6,16.1,21.1,1.9130312672702638
2009-06-18,5.786551616163871,0.0,86.4,24.3,16.7,19.6,1.6269059143326563
2009-06-19,6.259434927788812,0.0,87.3,25.8,13.2,17.8,1.729942856102666
2009-06-20,6.534034088371699,0.0,85.9,26.4,15.8,20.3,1.8553759580523146
2009-06-21,6.538798701335097,0.0,86.1,26.9,13.8,19.2,1.8337709576893984
2009-06-22,6.720406511644889,0.0,84.7,27.7,14.5,19.5,1.908297462395307
2009-06-23,6.359915538276562,0.0,74.6,29.6,13.3,20.2,1.816188535703175
2009-06-24,5.900364483431482,0.0,69.0,28.3,15.3,21.4,1.6943707202785248
2009-06-25,3.5747774465055837,0.0,91.9,24.8,16.9,19.9,1.0109248394447563
2009-06-26,5.791892867030688,0.0,91.5,24.7,18.7,20.7,1.66059083358671
2009-06-27,3.960139784144196,0.0,92.3,23.4,17.8,20.1,1.1152681666011308
2009-06-28,5.806350444959549,0.0,87.0,24.9,17.4,20.2,1.6500894105740038
2009-07-14,6.798782968870965,2.019467902953449,78.0,26.6,14.3,19.7,2.8729457058656442
2009-07-15,2.57491949235812,0.5235657526175608,98.8,18.9,16.2,17.8,0.6467936350940017
2009-07-16,7.145098415667271,0.5235657526175608,80.3,26.4,13.8,19.8,2.237971321322279
2009-07-17,7.291339803610884,0.0,71.6,29.8,19.6,23.1,2.1855344346325167
2009-07-18,7.2882912027469136,0.0,78.3,29.1,17.1,22.5,2.135065546561514
2009-07-19,3.617710372099832,0.0,90.3,20.8,18.1,19.4,0.9989625440071568
2009-07-20,4.915121785953056,0.0,94.8,19.7,13.7,16.8,1.2891684155400323
2009-07-21,4.994012169435942,0.0,89.0,22.6,15.8,18.0,1.372922283634589
2009-07-22,7.226433937724713,0.0,69.8,30.3,15.9,23.6,2.1169447948407747
2009-07-23,6.369520917347105,0.0,84.1,26.5,18.0,22.4,1.8420072312976168
2009-07-24,2.2971433585730097,0.0,97.5,21.5,18.7,19.3,0.6414942257872781
2009-07-25,3.0720093100473203,0.0,96.1,21.7,17.2,18.7,0.8482774793818835
2009-07-26,5.212374227014427,0.0,93.6,26.5,17.6,20.8,1.5026926806702923
2009-07-30,3.346818070006277,0.0,97.0,22.0,19.0,19.7,0.9409676908573559
2009-07-31,2.847831590601253,0.0,97.3,20.7,17.6,18.7,0.7822115919600657
2009-08-18,6.779656765237952,2.3186483330206267,63.5,31.2,22.0,24.9,4.10904361352548
2009-08-19,6.568808058709021,1.271516827785505,81.5,30.0,17.8,22.6,2.656087156901729
2009-08-20,2.694263836828539,1.4211070428190937,87.1,25.4,19.3,21.1,1.3139286949278384
2009-08-21,3.766658634387824,2.8422140856381874,86.9,23.1,18.6,19.5,1.8978772829092874
2009-08-22,4.271135995718563,1.121926612751916,92.4,19.0,14.7,16.7,1.1914298989560774
2009-08-23,8.282480819865714,1.121926612751916,82.2,25.8,14.1,19.5,2.7005947742906513
2009-08-24,4.256213958577859,1.3463119353022994,87.4,26.1,17.8,20.6,1.7262134190009173
2009-08-25,5.961286766295221,1.795082580403066,92.6,23.9,18.9,20.5,1.9250720846008598
2009-08-26,6.483184884647869,1.4959021503358882,88.3,23.8,17.5,20.0,2.1130320621221372
2009-08-27,10.222108404116295,1.0471315052351216,83.0,26.8,16.3,20.7,3.2595165721318047
2009-08-28,10.985014496016259,1.645492365369477,84.6,27.9,14.8,20.3,3.6637158008129007
2009-08-29,11.131800492235831,1.645492365369477,86.3,28.3,14.5,20.4,3.6555888139907853
2009-08-30,11.286503204237594,1.4211070428190937,81.1,28.9,16.5,21.7,3.8571741306629543
2009-08-31,11.253310717173065,1.8698776879198602,74.5,30.2,14.6,21.7,4.368956891332539
2009-09-01,10.316853303579048,2.019467902953449,58.7,34.4,17.5,25.9,5.108561990003826
2009-09-02,11.01648907522546,1.8698776879198602,64.9,35.8,19.5,25.7,5.338812447334871
2009-09-03,11.179306931366312,2.094263010470243,72.0,36.2,17.2,25.0,5.34975659893768
2009-09-04,5.378905294953036,1.0471315052351216,87.5,27.6,20.9,23.7,1.8782709670021271
2009-09-05,7.233439940303736,0.0,88.2,29.5,19.8,23.5,2.1666803646675974
2009-09-06,3.2932615384634323,0.0,95.6,24.6,20.1,22.1,0.9538523201193361
2009-09-07,11.52005749843078,0.0,77.3,33.6,19.8,25.8,3.54538266197752
2009-09-08,11.911346292634645,0.0,71.5,32.5,22.9,26.4,3.7111557910408433
2009-09-09,7.676772254036864,0.0,81.9,32.1,20.6,24.2,2.3521138498517855
2009-09-10,8.899722418805034,0.0,90.8,27.9,20.2,22.8,2.6434273530961128
2009-09-11,10.550048763670533,0.0,87.6,28.7,21.3,23.4,3.1753550089333955
2009-09-12,12.793105412072261,0.0,78.0,31.6,19.3,24.2,3.873902840511314
2009-09-13,12.714056820199913,0.0,74.9,35.6,18.5,25.4,3.929977695030169
2009-09-14,6.265630286278173,0.0,94.2,26.5,21.5,21.9,1.8597139287832725
2009-09-15,5.686957738836737,0.0,97.2,22.7,18.9,20.0,1.6069090031547066
2009-09-16,7.216853250454385,0.0,87.0,25.7,19.1,21.3,2.091880238600588
2009-09-17,11.334564231871024,0.0,81.8,28.2,19.3,22.0,3.3521829694780205
2009-09-18,11.336888186355228,0.0,79.4,31.1,19.7,23.3,3.430651144882963
2009-09-19,9.084804265594894,0.0,83.9,32.5,20.2,24.3,2.783525839920757
2009-09-20,10.012544382017646,0.0,90.5,28.5,20.6,23.4,2.9949641716630695
2009-09-21,2.8041630694912096,0.0,99.5,22.4,19.5,20.1,0.7943059731658582
2009-09-22,5.773728051288122,0.0,93.3,24.7,17.8,20.4,1.64348425632701
2009-09-23,3.4584775571754367,0.0,80.7,28.4,20.3,24.2,1.0316161499345051
2009-09-24,4.633143964611124,0.0,89.3,24.6,20.0,21.1,1.3408985480381967
2009-09-25,7.865871701822332,0.0,89.0,21.9,17.1,19.0,2.1739196452345912
2009-09-26,13.11677679756541,0.0,80.3,29.6,18.1,22.0,3.88486182979922
2009-09-27,14.068827796288172,0.0,72.5,35.2,18.2,25.8,4.329785519742577
2009-09-28,11.848582422850669,0.07479510751679441,67.3,31.8,22.6,27.8,3.714024289532988
2009-09-29,4.044820947452956,0.37397553758397206,91.3,25.2,22.7,22.1,1.3256571759522517
2009-09-30,6.347365473619889,0.0,95.6,20.4,17.4,18.3,1.735634511953536
2009-10-01,8.564281874534911,0.0,85.3,23.9,15.7,18.9,2.379342130107831
2009-10-02,12.25180646811127,0.0,79.8,30.7,16.4,21.9,3.6129602144872255
2009-10-03,5.185567485030397,0.0,93.0,24.6,19.9,21.8,1.4996187201134303
2009-10-04,6.395094841722897,0.0,94.2,24.6,19.6,22.0,1.8451013626041792
2009-10-05,11.503238397133371,0.0,86.2,29.7,21.1,23.9,3.480990314827712
2009-10-06,14.627247349758875,0.0,81.3,33.5,20.3,24.8,4.512935711729025
2009-10-08,2.9750160739670837,0.0,99.0,22.5,21.1,21.3,0.8543167362359662
2009-10-09,7.223723494863075,0.0,92.6,23.2,19.3,20.2,2.056223592522395
2009-10-10,8.35223618507194,0.22438532255038324,94.5,23.2,17.9,19.4,2.3620916723950245
2009-10-12,13.921544632068755,0.0,74.7,33.2,19.5,25.4,4.265472109479289
2009-10-13,9.271858471117552,0.0,86.3,27.4,21.2,23.4,2.7637241834129402
2009-10-14,12.732971283400232,0.0,89.9,30.6,20.0,23.1,3.8479579880567822
2009-10-15,9.317410687332144,0.22438532255038324,85.8,31.6,21.0,24.0,2.9756816690438304
2009-10-16,7.9505406569703405,0.0,89.5,26.6,19.7,22.6,2.330799125549338
2009-10-17,4.914520534320615,0.0,95.9,25.1,20.6,21.9,1.4343066295842846
2009-10-18,11.807325009540708,0.0,91.6,31.6,20.6,23.5,3.6060691734472674
2009-10-19,9.072073082635075,0.0,90.8,29.0,22.1,23.7,2.750789548705433
2009-10-20,9.75671703219258,0.0,89.4,27.7,20.6,23.6,2.902094567876877
2009-10-21,10.000312412340561,0.0,90.5,27.8,20.7,23.3,2.9787598980371364
2009-10-22,9.20262407245318,0.0,86.7,31.0,21.7,24.5,2.819625074120718
2009-10-23,12.82013243030994,0.0,86.7,27.4,21.7,23.7,3.8347732444224967
2009-10-24,16.187518666062026,0.0,82.2,33.6,20.0,25.2,4.988087470316098
2009-10-25,9.356144125241133,0.0,90.2,31.0,21.4,24.5,2.8611475550911036
2009-10-26,13.876547616278728,0.0,88.7,32.0,20.9,24.4,4.257115358182876
2009-10-27,8.133890788036384,0.0,93.5,27.8,21.5,23.6,2.4363983947102574
2009-10-28,7.381403996136813,0.0,95.4,25.6,21.8,22.8,2.1814637242371404
2009-10-29,5.842812570890118,0.0,96.1,26.2,21.5,22.9,1.7304952188814489
2009-10-30,13.126600948242574,0.0,85.6,28.2,18.6,23.4,3.862449236331845
2009-10-31,12.985247507473632,0.0,83.3,29.6,21.6,24.9,3.939935288537633
2009-11-01,8.86409759277735,0.0,89.8,28.6,21.1,23.8,2.6624515391484898
2009-11-02,15.952359289208342,0.0,87.0,31.2,21.6,25.0,4.890824530867709
2009-11-03,17.229727164319808,0.0,78.2,34.5,22.6,26.8,5.422166009364355
2009-11-04,16.63015983225903,0.0,76.5,34.5,22.6,27.7,5.233483183616687
2009-11-05,16.690111510727363,0.0,66.6,36.7,23.4,29.8,5.3408689716156985
2009-11-06,17.256124897241655,0.0,65.5,37.2,24.6,29.7,5.571689165711967
2009-11-07,14.991903121244896,0.0,73.7,37.3,22.7,28.6,4.794857233979948
2009-11-08,12.917916064924745,0.0,73.2,34.9,24.3,28.4,4.113592178696869
2009-11-09,10.935415042042532,0.0,87.4,32.2,23.3,25.9,3.4091341110920323
2009-11-10,14.533115991762596,0.0,88.1,33.0,22.4,26.0,4.528006847391249
2009-11-11,10.775845880427752,0.0,91.1,31.0,23.3,26.0,3.3349840156515804
2009-11-12,12.729858901806418,0.0,88.9,30.2,23.2,26.2,3.917707966825027
2009-11-13,14.587502645183624,0.0,84.8,31.9,22.9,26.8,4.528491010699721
2009-11-14,17.265707923348227,0.0,79.5,35.9,23.0,28.3,5.489023991114328
2009-11-15,12.303507775702352,0.0,83.6,30.7,25.3,27.7,3.8470783956091124
2009-11-16,12.85573116789222,0.0,90.5,29.2,21.6,24.6,3.890267604695868
2009-11-17,9.46662783638721,0.0,83.6,28.2,20.6,23.9,2.825745424679603
2009-11-18,18.05905956781509,0.0,70.3,31.4,19.7,25.6,5.475779556238486
2009-11-19,17.759965203701753,0.0,58.2,36.0,24.3,30.0,5.689324287998078
2009-11-20,16.906119804026737,0.0,67.2,36.5,27.5,29.9,5.519459603677852
2009-11-21,14.681017342208952,0.0,86.6,32.1,23.3,26.8,4.5740876966694834
2009-11-22,17.113609871025748,0.29918043006717765,74.6,36.6,23.0,29.2,5.648963068058385
2009-11-23,15.130154229188223,2.393443440537421,70.0,33.7,24.7,28.8,6.004904637016413
2009-11-24,11.290937441508905,1.0471315052351216,85.8,32.9,23.9,26.7,3.943438164703156
2009-11-25,12.69124942736873,1.5706972578526825,86.3,33.7,22.0,25.7,4.626242446903115
2009-11-26,17.33122090513184,1.795082580403066,73.1,35.4,22.3,28.4,6.380932754430682
2009-11-27,16.75483768735001,2.1690581179870376,70.2,34.5,25.1,28.8,6.525570670966349
2009-11-28,10.227205101563593,1.4959021503358882,78.0,33.5,23.4,27.6,3.963782226662059
2009-11-29,7.907001771510687,1.5706972578526825,78.4,31.4,24.8,27.5,3.1756693093838186
2009-11-30,17.794720712614343,1.7202874728862712,85.6,31.9,24.0,26.9,5.795770778097536
2009-12-01,16.93888558488714,2.243853225503832,80.8,34.0,23.5,27.6,6.054932556227214
2009-12-02,17.31064790447253,1.8698776879198602,85.5,33.5,23.1,26.8,5.878918091494369
2009-12-03,8.884999040063636,1.4959021503358882,84.9,33.0,23.1,26.7,3.4151636294470125
2009-12-04,4.8704385659074365,1.8698776879198602,97.5,25.2,22.8,23.1,1.5372256484548148
2009-12-05,5.952171853181398,0.6731559676511497,95.8,23.4,18.8,20.9,1.6719752446666565
2009-12-06,12.026466889276476,0.897541290201533,86.9,29.5,19.1,23.7,3.751660285940954
2009-12-07,11.684605528789684,0.0,84.2,34.1,22.6,26.4,3.668608883066538
2009-12-08,4.640560690996842,0.0,98.3,26.7,23.7,24.3,1.4005098585095408
2009-12-09,5.563841015936383,0.0,98.5,24.9,22.3,23.3,1.6419268884425444
2009-12-10,8.116719769849947,0.0,95.4,27.2,20.8,23.1,2.409139403752931
2009-12-11,14.917525536224455,0.0,90.0,32.4,22.4,25.8,4.6309421109157665
2009-12-12,13.851650423169048,0.0,72.5,34.6,23.7,28.8,4.388952535399391
2009-12-13,5.860021205239101,0.0,90.1,29.3,23.3,23.9,1.794323497008129
2009-12-14,6.211037032799695,0.0,91.1,25.0,20.0,22.2,1.8030958448219248
2009-12-22,18.29572195600235,2.4682385480542153,75.5,33.0,23.0,27.2,6.5519527645164315
2009-12-23,17.497338534675436,1.7202874728862712,85.9,31.4,21.4,26.2,5.462637593598847
2009-12-24,16.141200074856105,1.8698776879198602,83.4,33.6,23.2,27.0,5.627792787148422
2009-12-25,12.960921423574597,1.4959021503358882,80.9,33.8,24.8,27.3,4.8356678527496655
2009-12-26,16.63102748287956,1.795082580403066,76.2,35.1,22.3,27.9,6.043777370504557
2009-12-27,16.38329119437377,2.019467902953449,76.3,36.3,24.4,28.8,6.33044591297928
2010-03-28,11.053141986910857,1.3463119353022994,81.8,33.3,23.8,26.7,4.137187928949871
2010-03-29,13.21340721117928,1.795082580403066,76.2,36.5,22.9,28.1,5.4046552213183405
2010-03-30,9.763812150256543,2.019467902953449,86.5,31.6,21.6,25.3,3.6609935939769103
2010-03-31,9.0558254293823,1.3463119353022994,88.0,29.4,23.2,25.3,3.073319036179849
2010-04-01,7.293952655082415,1.3463119353022994,88.6,28.9,22.5,24.6,2.5670038423382033
2010-04-02,11.653857943135764,0.8227461826847385,81.7,31.1,20.8,25.3,3.8390963799051803
2010-04-03,10.197255516683047,0.897541290201533,85.1,32.8,22.3,26.1,3.556682946033002
2010-04-04,7.130704101727978,1.271516827785505,84.9,32.6,24.6,26.4,2.9324687701350585
2010-04-05,7.1014704065937675,1.645492365369477,92.2,28.6,22.1,24.4,2.4118774149333677
2010-04-06,5.47556851234262,3.141394515705365,92.7,25.6,21.2,21.7,2.3033511145020493
2010-04-07,8.15157463397065,1.795082580403066,86.3,25.7,17.9,20.4,2.8424587665504015
2010-04-08,9.31263596430569,2.019467902953449,80.7,25.9,17.4,20.4,3.360729097727824
2010-04-09,8.891638301956728,1.4211070428190937,88.0,25.9,17.3,20.5,2.8529319744330883
2010-04-10,10.03747472318193,1.1967217202687106,84.5,26.2,17.8,20.9,3.2236160483993483
2010-04-11,9.776527760185662,1.0471315052351216,86.5,26.7,17.5,21.4,3.0352721997274785
2010-04-12,7.912199390149302,0.9723363977183274,85.2,26.5,16.6,21.1,2.5221931314940913
2010-04-13,9.960149601011423,0.9723363977183274,80.3,29.1,18.3,22.6,3.385408570287064
2010-04-14,9.958003868752254,0.8227461826847385,84.3,29.2,18.2,22.8,3.2278420597917994
2010-04-15,11.37316820377912,1.4959021503358882,79.3,30.1,19.5,24.1,4.017971676890822
2010-04-16,11.053119323776961,1.7202874728862712,75.7,33.1,19.4,25.1,4.420955931831537
2010-04-17,11.167586303779604,1.7202874728862712,78.9,33.5,19.3,24.9,4.474886273967292
2010-04-18,10.947066210340827,1.271516827785505,81.6,31.3,19.2,24.3,3.842282699339937
2010-04-19,11.031133277293506,1.121926612751916,79.6,32.2,19.3,25.0,3.906170148414619
2010-04-20,10.928666824601247,1.4959021503358882,75.8,32.4,19.5,25.2,4.189595337408084
2010-04-21,10.498737162634871,1.8698776879198602,67.6,33.1,21.4,26.8,4.552025507671209
2010-04-22,9.288828896353778,1.8698776879198602,65.1,33.9,23.2,28.3,4.329204378684132
2010-04-23,9.265998569055856,2.1690581179870376,76.1,32.2,24.0,27.6,3.919063520556225
2010-04-24,3.4796840727535074,1.121926612751916,93.5,26.0,23.4,24.2,1.1868545049201569
2010-04-25,9.545148157174562,1.1967217202687106,83.7,32.4,22.0,25.9,3.488366404280534
2010-04-26,10.296494513412682,1.5706972578526825,72.1,33.9,22.3,27.4,4.283894304121834
2010-04-27,8.362841441261274,2.692623870604599,73.9,32.2,23.9,26.7,4.202551915704767
2010-04-28,4.871744595311595,1.271516827785505,94.3,24.6,21.2,22.3,1.5336182404495038
2010-04-29,3.4542987323670236,1.1967217202687106,97.1,22.3,20.1,20.6,1.0424299325153548
2010-04-30,4.942278168686897,0.29918043006717765,89.9,23.9,18.2,20.5,1.4605980219089307
2010-05-01,9.416697689985458,1.1967217202687106,84.3,27.8,17.1,21.3,3.1540691779915546
2010-05-02,9.444812967871353,1.3463119353022994,80.0,29.1,17.3,22.1,3.4102238653664796
2010-05-03,9.441644857344267,1.7202874728862712,76.6,30.2,17.4,23.3,3.6705473695401634
2010-05-04,9.421117566251112,2.1690581179870376,71.3,30.7,18.6,24.6,3.9967210895199643
2010-05-05,8.79505752787789,2.094263010470243,67.9,32.5,21.0,25.5,4.29955891921309
2010-05-06,8.986261411523984,1.121926612751916,85.3,31.0,19.5,24.1,3.158993234946326
2010-05-07,8.806501863294761,1.4959021503358882,80.7,33.6,20.3,25.5,3.6427506291719376
2010-05-08,7.8433465029100855,1.8698776879198602,80.7,32.9,21.1,25.7,3.4819856357481735
2010-05-09,3.1153104993014944,1.7202874728862712,94.9,24.4,20.8,21.1,1.2578931033447354
2010-05-10,5.895420872361874,1.271516827785505,87.8,24.5,17.7,19.7,2.0678257822764086
2010-05-11,8.274564113068312,1.271516827785505,81.8,27.3,15.6,20.7,2.8662790126684765
2010-05-12,5.201355752917398,1.121926612751916,84.0,25.6,18.4,21.8,1.8140114295819232
2010-05-13,8.18683927131735,1.121926612751916,76.8,26.6,15.6,20.3,2.9040455263861
2010-05-14,7.768209016338137,1.4211070428190937,80.3,27.4,15.0,20.0,2.9144401356490395
2010-05-15,7.631468592310348,1.0471315052351216,85.8,27.7,16.5,20.8,2.613707991254395
2010-05-16,8.030388773462395,1.1967217202687106,82.7,30.0,15.5,21.5,2.970909120186539
2010-05-17,5.7656329659196475,1.121926612751916,88.9,26.2,17.5,21.1,1.9469496904636192
2010-05-18,6.49597082753802,1.0471315052351216,87.5,27.6,17.3,21.4,2.2405480708460357
2010-05-19,5.259031699498782,1.9446727954366547,80.9,29.4,19.4,23.2,2.5716186159998218
2010-05-20,5.305861300871681,2.1690581179870376,80.2,24.9,20.6,22.0,2.343446509035666
2010-05-25,5.674278619464276,1.0471315052351216,87.0,28.4,17.4,22.2,2.0251912986397937
2010-05-26,6.493720310888887,1.645492365369477,88.9,28.0,18.5,22.3,2.359799648834921
2010-05-27,4.936808625206879,2.094263010470243,83.5,25.6,18.8,22.0,2.0182853494514776
2010-05-28,4.449706646430597,0.8227461826847385,93.3,24.9,18.5,19.6,1.5384170536751982
2010-05-29,6.979779030565875,1.1967217202687106,86.2,27.2,15.2,20.0,2.4386786043337785
2010-05-30,7.151291561455082,1.8698776879198602,72.5,30.4,16.6,23.5,3.216984651446423
2010-05-31,3.6100336172799534,2.7674189781213934,75.1,25.3,20.6,22.4,2.364707724066644
2010-06-01,3.8998965391978975,1.4211070428190937,95.6,20.1,16.6,17.7,1.1564914642683217
2010-06-02,5.541621819565421,0.5983608601343553,86.6,24.7,16.0,19.2,1.7653875222755357
2010-06-03,5.179124901154694,0.6731559676511497,87.0,25.2,17.8,20.1,1.729220237966594
2010-06-04,6.9474312117500485,1.795082580403066,76.8,26.3,16.2,20.9,2.7599976751633353
2010-06-05,3.5708920798751795,2.6178287630878043,76.8,25.1,19.3,21.3,2.274459269446817
2010-06-06,6.959739885221625,1.4959021503358882,80.5,23.8,14.3,18.6,2.4342187574369496
2010-06-07,6.72992068898927,1.271516827785505,78.0,25.8,13.5,18.0,2.648246304660082
2010-06-08,6.622755456666628,1.7202874728862712,83.0,24.5,12.0,17.1,2.4847472404417106
2010-06-09,6.452195801784537,1.121926612751916,83.8,24.6,13.4,18.2,2.1753166701338182
2010-06-10,5.767198070237068,1.0471315052351216,83.4,25.8,15.6,19.9,2.042130386671145
2010-06-11,4.098447536961936,2.1690581179870376,86.3,22.1,18.0,19.6,1.6309321532839816
2010-06-12,5.1875167649503044,1.1967217202687106,85.3,22.1,15.2,17.3,1.819378258056868
2010-06-13,5.727641134465341,1.3463119353022994,83.0,22.4,12.3,16.5,1.9929867449434824
2010-06-14,6.246714651375768,1.0471315052351216,83.0,25.5,12.0,16.9,2.276167922371874
2010-06-15,6.463832044205823,1.4959021503358882,78.3,27.5,11.2,17.9,2.7775447035038208
2010-06-16,6.492236755224871,1.3463119353022994,73.7,29.6,12.5,19.8,2.891660691248134
2010-06-17,6.5532650690307275,2.094263010470243,67.3,31.9,15.2,22.4,3.805235669147295
2010-06-18,6.467218293643757,1.121926612751916,81.0,29.2,14.1,20.2,2.5593436637705884
2010-06-19,6.498657476882961,2.393443440537421,62.5,31.0,15.9,23.8,3.9233566497957746
2010-06-20,5.8752445174557835,2.3186483330206267,53.2,31.8,21.1,24.0,4.5215117326084435
2010-06-21,5.517033253777588,1.1967217202687106,86.8,26.3,13.8,19.5,1.9424888985758242
2010-06-22,4.358659822723652,1.7202874728862712,92.3,24.9,16.8,19.9,1.5952223811642536
2010-06-23,3.627188973347125,1.271516827785505,91.4,22.3,17.8,18.9,1.3009264866533676
2010-06-24,6.797294910884137,1.8698776879198602,76.3,26.7,16.0,20.9,2.810259713755545
2010-06-25,6.783715625335923,2.094263010470243,70.8,30.6,20.0,23.0,3.6872307324857783
2010-06-26,6.910090366080716,1.5706972578526825,84.8,28.0,14.7,19.8,2.7253123788079985
2010-06-27,6.025038822682228,1.271516827785505,84.4,27.3,13.7,19.7,2.2508877051802334
2010-06-28,6.8345606389462175,1.7202874728862712,77.2,29.4,15.3,21.0,3.0622421662111643
2010-06-29,6.346658191876717,1.5706972578526825,82.9,25.6,12.2,18.7,2.27805977583599
2010-06-30,6.815462640282186,1.271516827785505,79.5,27.8,15.7,20.5,2.6708859711189796
2010-07-01,6.26816267863909,1.1967217202687106,79.6,27.8,13.4,19.3,2.5075912312373125
2010-07-02,6.627207641565455,1.4211070428190937,76.3,27.5,14.1,19.9,2.732468976970115
2010-07-03,6.357802731158792,1.4959021503358882,78.2,28.7,13.8,20.4,2.69443732561004
2010-07-04,6.223868777351575,0.9723363977183274,80.8,27.4,16.8,21.0,2.2759242422327746
2010-07-05,6.744342335012707,1.4959021503358882,78.5,28.6,15.1,20.8,2.799536855710614
2010-07-06,7.081611164030939,1.8698776879198602,74.6,29.0,15.6,21.7,3.1611246358962632
2010-07-07,6.718178081687101,2.1690581179870376,63.3,29.2,16.8,22.3,3.7312656248859524
2010-07-08,6.588920108343292,1.795082580403066,64.2,29.5,14.9,21.5,3.4473542632387457
2010-07-09,6.247156452091207,1.5706972578526825,76.0,28.1,14.5,20.3,2.7239073368423683
2010-07-10,3.34571680530174,1.121926612751916,90.5,23.8,18.0,20.8,1.1258264449875908
2010-07-11,5.673463571655143,0.9723363977183274,84.3,27.8,18.0,21.6,2.1064692680556805
2010-07-12,7.1491490057802345,2.094263010470243,69.0,32.6,18.0,25.1,3.706687369461523
2010-07-13,6.21757440354493,2.8422140856381874,67.2,30.6,19.7,24.6,3.8300701104195487
2010-07-14,3.226625859426359,2.094263010470243,94.3,22.5,19.4,19.7,1.264277252110276
2010-07-15,2.50733066296011,1.7202874728862712,97.6,20.1,18.1,18.9,0.7014622999921827
2010-07-16,4.119266234649935,1.121926612751916,92.9,24.0,18.8,20.9,1.3151512028586716
2010-07-17,3.0553442747012984,2.1690581179870376,97.1,21.3,18.4,19.7,0.8596976723725145
2010-07-18,4.29621547727582,0.8227461826847385,87.3,23.7,19.4,20.8,1.4450967166154995
2010-07-19,6.04583739946786,1.4211070428190937,78.5,25.3,18.5,20.7,2.3911564205257396
2010-07-20,7.503174348566339,1.795082580403066,73.6,29.3,15.9,21.8,3.277800091461379
2010-07-21,7.8168897528744035,1.645492365369477,75.5,29.9,16.7,22.6,3.2677982893576627
2010-07-22,7.47956683656793,2.4682385480542153,57.0,30.9,19.9,25.1,4.407297606336368
2010-07-23,7.474520249769345,2.9170091931549815,69.2,26.7,21.7,24.0,3.6593978703149688
2010-07-24,5.50312871493683,1.4959021503358882,89.1,26.2,20.7,22.1,2.0329647346397888
2010-07-25,7.861277845098822,1.645492365369477,77.0,28.2,16.0,21.9,3.048920110640248
2010-07-26,7.872362483004584,1.5706972578526825,70.7,30.0,16.2,22.3,3.463619822237538
2010-07-27,7.20779350931268,1.4959021503358882,86.0,26.0,16.2,20.6,2.4361501743718414
2010-07-28,6.399742867467419,0.8227461826847385,84.0,28.0,17.2,21.3,2.2427169401320484
2010-07-29,8.115076626372502,1.4211070428190937,74.0,30.5,16.2,22.4,3.4054310271064474
2010-07-30,8.020239403543327,1.271516827785505,78.3,30.0,15.5,21.4,3.187212571948338
2010-07-31,8.041367594839333,1.4959021503358882,68.0,30.7,16.2,22.4,3.6382698944875758
2010-08-01,8.07747814387212,3.0665994081885706,63.0,30.7,18.9,24.0,4.701479416124218
2010-08-02,6.022561079093544,1.3463119353022994,85.5,26.6,20.4,22.5,2.209135186985467
2010-08-03,4.708733216804597,2.4682385480542153,87.3,23.3,18.0,20.1,1.8415827934195057
2010-08-05,7.888488806434475,1.4211070428190937,83.9,26.3,18.1,20.9,2.7714060198352786
2010-08-06,7.388453603865505,2.9170091931549815,77.3,23.3,15.4,19.8,2.7404204217689387
2010-08-07,7.4236819745889004,1.1967217202687106,83.0,24.9,15.5,18.8,2.551677896557407
2010-08-08,8.641830104095202,1.4211070428190937,83.2,27.7,11.9,18.8,3.037609683999886
2010-08-09,8.536419499884918,3.0665994081885706,80.2,25.9,16.2,20.8,3.230339740587821
2010-08-10,4.667691614826065,1.4211070428190937,88.3,21.4,17.7,19.1,1.5279093080266248
2010-08-11,4.566966741867495,0.5983608601343553,80.8,22.3,16.9,19.2,1.4784977098409156
2010-08-12,8.899177720803014,1.9446727954366547,70.8,27.0,13.9,20.4,3.5477447133469755
2010-08-13,8.121575429768011,2.9170091931549815,50.0,31.7,19.5,25.1,5.420761538302005
2010-08-14,3.259061776054081,3.290984730738954,78.7,27.9,19.0,19.9,3.214484119063589
2010-08-15,4.305884249466268,2.6178287630878043,80.9,19.2,15.6,16.6,1.9332109414341165
2010-08-16,5.986006998863636,1.4211070428190937,84.1,21.2,11.8,15.6,1.9852327639450913
2010-08-17,5.516691815794901,0.8227461826847385,83.5,22.0,12.4,16.3,1.758168406328957
2010-08-18,8.739801028304159,1.4211070428190937,73.8,23.8,10.3,16.9,2.960193932540821
2010-08-19,9.458994588353509,1.795082580403066,69.0,26.5,9.5,17.5,3.7182852841481315
2010-08-20,9.315429123829162,2.019467902953449,58.0,30.7,13.6,21.7,4.601482605960733
2010-08-21,8.261181904986245,1.4211070428190937,81.9,25.7,12.5,18.5,2.760040365257933
2010-08-22,9.591375206874588,1.3463119353022994,73.6,31.6,14.6,21.6,3.9133627641069193
2010-08-23,9.604262737028016,2.1690581179870376,56.3,32.5,14.9,23.7,5.034399554779096
2010-08-24,9.442663931180473,1.8698776879198602,50.2,34.9,16.5,25.3,5.224351481412557
2010-08-25,9.117068734800391,2.019467902953449,45.1,35.6,20.6,26.8,5.635989074206651
2010-08-26,9.977214388628067,1.645492365369477,60.0,35.1,15.9,24.6,4.938988301546449
2010-08-27,9.930115423565425,2.9170091931549815,64.8,31.4,17.9,23.2,5.29469329933013
2010-08-28,8.435723145377649,1.4211070428190937,80.9,26.9,19.5,21.8,3.050204038265921
2010-08-29,10.369890333543221,1.5706972578526825,78.6,33.7,16.1,22.5,4.339097275745335
2010-08-30,6.696181474964431,1.795082580403066,85.6,25.2,17.2,21.2,2.2451077880044714
2010-08-31,10.677631516826441,1.4211070428190937,69.2,31.7,18.7,24.2,4.291332279204858
2010-09-01,10.334498436953115,2.393443440537421,63.3,30.9,16.7,23.7,4.872915212837456
2010-09-02,10.476365876501497,1.645492365369477,54.9,34.1,17.8,25.4,5.039095806631407
2010-09-03,10.552397186918054,1.9446727954366547,72.2,32.8,17.2,22.4,4.7639152134866585
2010-09-04,10.547483591119141,1.8698776879198602,58.5,37.2,16.3,25.7,5.67337709246942
2010-09-05,7.432893241354382,3.5153700532893377,72.2,26.6,19.6,22.5,3.8110303305305013
2010-09-06,4.677176189890909,1.271516827785505,87.5,23.0,17.4,19.3,1.6361575554468974
2010-09-07,6.108756161921406,1.7202874728862712,81.7,26.7,17.4,21.0,2.4824760874489398
2010-09-08,3.978920829328018,1.5706972578526825,91.8,20.8,18.7,19.2,1.2973444915241577
2010-09-09,7.726932545306556,1.4959021503358882,86.3,24.0,17.5,19.5,2.5624852369440987
2010-09-10,9.085985589717433,1.4211070428190937,70.1,27.2,18.1,21.5,3.500239495321261
2010-09-11,12.014125832576571,2.1690581179870376,65.7,29.1,13.5,21.1,4.847421877778369
2010-09-12,11.575629049120469,2.692623870604599,61.9,32.1,15.3,22.4,5.755771458864494
2010-09-13,11.156978978998287,2.393443440537421,61.2,32.6,14.8,23.3,5.509532702149176
2010-09-14,10.806284184896272,2.6178287630878043,51.8,35.2,18.4,26.7,6.20164530898568
2010-09-15,9.418636446859667,3.216189623222159,58.0,31.6,22.7,25.7,5.779086390631117
2010-09-16,4.009194642988319,1.4211070428190937,92.3,22.1,19.4,20.3,1.2877000681341708
2010-09-17,11.456637451237052,2.3186483330206267,76.8,33.2,18.5,23.7,5.010292783507413
2010-09-18,2.933205324661081,2.1690581179870376,92.7,21.7,20.3,19.8,1.25085031818245
2010-09-19,4.583418574346833,0.897541290201533,83.0,22.0,16.5,18.5,1.5653209563477959
2010-09-20,9.799343917349994,1.645492365369477,68.4,27.7,16.2,21.4,3.7973559361216753
2010-09-21,12.136822651850343,2.9170091931549815,65.4,32.3,18.5,24.3,5.763250928002375
2010-09-22,12.098000097490793,2.6178287630878043,65.2,34.5,18.2,25.9,5.8487254569989195
2010-09-23,11.048557465102817,2.1690581179870376,80.3,32.9,18.4,22.6,4.833147855001461
2010-09-24,10.84541317341329,2.4682385480542153,70.5,28.4,18.4,24.2,4.13668550456938
2010-09-25,7.352090485980303,2.094263010470243,88.4,25.9,19.6,21.5,2.625368177603183
2010-09-26,3.8577739369347808,1.3463119353022994,90.6,23.7,19.7,20.7,1.4058337511926633
2010-09-27,9.266093051641855,1.7202874728862712,87.5,28.9,19.5,22.0,3.4077823014029573
2010-09-28,4.372197769186169,1.121926612751916,92.7,24.0,20.0,21.3,1.4245574811966284
2010-09-29,5.5339199714826375,0.7479510751679441,90.3,25.2,19.7,22.1,1.7123201051756862
2010-09-30,7.417978036345296,1.121926612751916,86.5,28.1,20.8,23.6,2.527648367382298
2010-10-01,5.970325337609106,1.4211070428190937,88.6,29.0,22.2,23.9,2.3241881136865987
2010-10-02,8.641590719136428,2.019467902953449,86.3,29.8,21.2,23.5,3.40295542746975
2010-10-03,4.9566617404643125,2.9918043006717765,92.4,21.2,18.0,19.1,1.5687137257901673
2010-10-04,5.895250908751454,0.6731559676511497,85.8,23.3,17.4,20.0,1.806034537863727
2010-10-05,11.458076596095564,2.8422140856381874,79.0,26.8,18.9,22.3,4.045729272552777
2010-10-06,11.212859543303177,1.4959021503358882,82.0,28.1,20.1,22.4,3.8648886675614578
2010-10-07,9.54599184774816,2.54303365557101,73.1,32.8,20.0,25.5,4.492620978962123
2010-10-08,10.654759438414619,2.3186483330206267,70.0,32.1,22.7,24.9,5.00046986721373
2010-10-09,8.790202390976466,2.243853225503832,83.7,24.1,16.1,19.4,2.9224562663848452
2010-10-10,6.338799269217542,1.121926612751916,82.6,22.7,15.9,19.2,2.028699000383819
2010-10-11,4.169997690791066,1.5706972578526825,86.2,20.6,16.5,18.2,1.4517452396373334
2010-10-12,14.484549306405079,2.1690581179870376,72.0,24.0,15.0,19.1,4.620284935312501
2010-10-13,13.562156301958261,1.4959021503358882,74.9,25.5,12.9,19.3,4.1726865395629815
2010-10-14,14.364464895423186,1.8698776879198602,71.5,30.8,14.1,21.8,5.214856419838755
2010-10-15,11.485953397562842,1.645492365369477,78.3,31.5,18.0,23.4,4.330615471989694
2010-10-16,12.116805536657056,1.4959021503358882,78.3,33.1,19.5,24.8,4.5677676423846645
2010-10-17,10.892801260392277,1.9446727954366547,86.3,27.8,21.2,23.4,3.6425871501438767
2010-10-18,4.036304771408277,1.7202874728862712,95.1,23.7,21.2,21.5,1.3676997582077586
2010-10-19,5.3109273259308205,1.7202874728862712,84.8,22.3,17.8,19.7,1.85346484496164
2010-10-20,14.917647133606641,1.7202874728862712,77.4,25.3,14.9,20.2,4.467838478041223
2010-10-21,15.481639434181275,2.243853225503832,77.9,27.6,15.6,20.9,4.995107089365084
2010-10-22,14.202435411007617,1.7202874728862712,74.5,31.4,20.0,23.6,5.294257501723845
2010-10-23,11.870427579419973,1.795082580403066,82.6,31.5,18.3,23.1,4.4220017665753755
2010-10-24,5.311639494266987,2.094263010470243,89.0,25.2,21.5,22.8,1.9151337085857645
2010-10-25,10.87930888706626,1.4959021503358882,83.4,29.9,20.3,23.2,3.8965045592681355
2010-10-26,12.145607188482131,2.1690581179870376,87.7,27.8,19.3,22.4,3.935358694928727
2010-10-27,12.879025909456423,2.243853225503832,79.0,25.5,18.1,21.2,4.208516413650417
2010-10-28,13.960829922198574,1.4211070428190937,77.7,28.4,18.4,22.0,4.659299930945258
2010-10-29,16.19708845922104,1.9446727954366547,79.6,32.4,17.7,23.3,5.774598866628965
2010-10-30,11.100734345502913,2.6178287630878043,77.5,35.5,19.6,25.4,5.293476151668619
2010-10-31,12.29709452621125,2.6178287630878043,75.9,32.6,22.7,25.5,5.280725537223715
2010-11-01,3.709902817558166,0.37397553758397206,94.3,23.8,21.6,22.2,1.1149809394968009
2010-11-02,6.392090892316267,1.3463119353022994,86.7,25.6,20.6,22.3,2.2009680782841534
2010-11-03,15.830592782018343,1.795082580403066,77.1,29.6,16.7,22.8,5.184246434357768
2010-11-04,16.60679495223964,1.4211070428190937,76.8,32.9,17.8,24.5,5.685748094090971
2010-11-05,16.733821597899112,2.4682385480542153,65.0,34.8,20.0,27.5,6.763006529954423
2010-11-06,3.814199310831668,2.019467902953449,81.9,28.6,23.3,24.1,2.2297777506652907
2010-11-07,15.319479590164946,1.8698776879198602,79.8,28.8,18.6,23.0,4.988441145691407
2010-11-08,16.777708648063772,1.7202874728862712,79.0,32.4,19.6,25.0,5.729589345591239
2010-11-09,10.758879977488336,2.3186483330206267,67.1,32.7,23.4,27.6,4.8306240974975205
2010-11-10,11.612361669520809,2.4682385480542153,71.5,32.4,24.6,26.2,5.302376182712558
2010-11-11,6.7680579857519785,2.6178287630878043,92.3,22.7,18.6,20.2,2.01591281681332
2010-11-12,7.344148585599579,0.8227461826847385,87.5,24.8,18.5,20.1,2.3510613583904134
2010-11-13,4.671777333476538,0.8227461826847385,87.3,22.6,18.2,19.6,1.5165499141949683
2010-11-14,5.53773323673778,0.6731559676511497,91.2,21.6,18.1,19.6,1.5897082484007294
2010-11-15,7.975826401197381,1.0471315052351216,84.8,25.6,18.2,21.2,2.5622444745087227
2010-11-16,4.9537706550299285,0.5235657526175608,90.5,22.7,19.0,21.1,1.4269015935272797
2010-11-17,9.912126643057078,1.9446727954366547,86.5,26.8,20.6,23.1,3.2116705509896515
2010-11-18,15.861015099559294,1.7202874728862712,81.8,31.8,20.9,24.1,5.545975979324247
2010-11-19,17.389346209067316,2.1690581179870376,80.7,30.1,19.1,23.6,5.708387330857816
2010-11-20,16.766304398465188,2.243853225503832,80.8,34.8,18.6,24.5,6.311904223706418
2010-11-21,11.1155928700794,1.7202874728862712,84.6,31.5,22.6,25.3,4.093136929541193
2010-11-22,6.90708130721761,1.4211070428190937,79.9,29.3,22.5,25.6,2.6670741222544176
2010-11-23,11.636363635615876,1.8698776879198602,87.5,28.6,22.3,24.9,3.7283127062826247
2010-11-24,7.178968415719961,1.271516827785505,89.5,27.7,22.5,24.1,2.4340501856840726
2010-11-25,13.617589013021075,1.7202874728862712,86.3,31.6,21.5,24.8,4.692633831171942
2010-11-26,13.547024807774896,2.393443440537421,86.3,28.5,22.2,24.5,4.396554372191127
2010-11-27,14.727873648493166,1.5706972578526825,84.4,29.3,20.5,24.3,4.659261594023599
2010-11-28,17.983250543352007,2.4682385480542153,78.3,32.1,20.6,25.4,6.241684568982511
2010-11-29,16.048317905601657,2.1690581179870376,67.5,35.1,21.5,28.5,6.3176512499133315
2010-11-30,9.89199949535823,2.4682385480542153,62.0,33.5,27.9,29.6,5.214955594284924
2010-12-01,10.018705532366017,1.4959021503358882,85.4,30.7,23.7,25.8,3.5957113629856376
2010-12-02,11.151110514631787,0.897541290201533,85.8,32.2,23.2,26.3,3.7917221790680093
2010-12-03,14.989068230471807,1.795082580403066,81.2,35.4,24.0,27.7,5.657201167567453
2010-12-04,16.262400138904678,2.243853225503832,81.2,31.4,23.9,27.4,5.410765610055375
2010-12-05,13.743069399078806,2.094263010470243,82.8,34.0,23.8,27.2,5.2013202714377496
2010-12-06,10.339419014817466,1.5706972578526825,90.5,29.9,22.4,24.9,3.4350822540397306
2010-12-07,9.429149410947279,1.121926612751916,87.4,30.3,23.3,25.9,3.166864872371256
2010-12-08,15.390939587944942,1.5706972578526825,84.3,32.6,23.6,27.3,5.138429210782052
2010-12-09,14.075348422007899,2.4682385480542153,85.1,30.9,23.9,26.4,4.82262853342239
2010-12-10,7.902904094452571,1.5706972578526825,86.8,27.4,21.4,24.5,2.553351750717072
2010-12-11,17.661162406556752,1.795082580403066,75.9,34.8,21.5,27.1,6.393504662028078
2010-12-12,18.121184414560744,1.8698776879198602,68.5,36.9,22.9,29.1,7.019721373821553
2010-12-13,15.145903458498946,2.094263010470243,71.6,38.2,24.8,28.7,6.688576684266988
2010-12-14,11.877182051870957,2.019467902953449,86.3,31.0,23.3,25.6,4.240793453181948
2010-12-15,8.693116831976052,0.9723363977183274,89.0,28.9,22.5,24.7,2.8576532231579006
2010-12-16,12.35120068305633,1.7202874728862712,86.7,31.5,22.7,25.6,4.291312641448213
2010-12-17,18.38496282771571,2.019467902953449,76.9,35.9,21.6,27.5,6.8132107898721355
2010-12-18,17.854880790660896,1.5706972578526825,80.3,32.9,23.3,27.4,5.995201644478825
2010-12-19,16.160097285555374,2.1690581179870376,75.4,33.7,23.1,27.4,6.0003608074805825
2010-12-20,18.41795885431875,1.8698776879198602,77.6,35.6,22.1,27.8,6.61944470035811
2010-12-21,17.764569892983438,2.1690581179870376,78.3,34.4,24.1,28.4,6.3672491062517125
2010-12-22,12.5740253875279,1.4959021503358882,85.8,32.8,25.0,26.6,4.561045726043968
2010-12-23,7.871858082859193,1.3463119353022994,85.3,28.9,20.9,24.7,2.684361230392248
2010-12-24,11.216161243680164,1.1967217202687106,89.9,29.3,22.2,24.5,3.6032844938737925
2010-12-25,15.820515999150974,1.4211070428190937,82.5,33.6,23.2,27.0,5.4631587615970165
2010-12-26,14.056897129141772,1.9446727954366547,84.7,33.3,23.9,27.1,5.041387737027136
2010-12-27,12.420110476275921,1.9446727954366547,86.7,30.6,23.1,25.9,4.194098462050734
2010-12-28,8.755279032010836,1.9446727954366547,86.3,27.9,22.3,24.5,3.0315810095963487
2010-12-29,12.627601670318823,1.7202874728862712,85.6,28.8,22.1,24.7,4.115346068596246
2010-12-30,9.331364967733126,1.1967217202687106,89.1,27.3,21.0,23.3,2.964004873885857
2010-12-31,6.7326057069443745,0.8227461826847385,88.3,27.8,20.8,23.4,2.217606177361552
2011-01-01,8.990181727554827,0.5983608601343553,87.4,28.4,21.5,24.3,2.832266116121118
2011-01-02,9.344549537764664,1.795082580403066,78.4,31.8,23.7,26.4,3.8089335912971034
2011-01-03,6.353715610958696,1.121926612751916,89.3,27.8,22.5,25.0,2.081395113123838
2011-01-04,8.415023642139625,1.1967217202687106,93.3,29.8,22.9,25.0,2.7990975353767515
2011-01-05,9.931561500343783,2.243853225503832,74.4,30.6,24.1,27.7,3.904951384157863
2011-01-06,16.166982347526,2.094263010470243,71.7,34.7,25.7,28.4,6.450433750358439
2011-01-07,13.478610126953594,1.8698776879198602,67.8,33.9,24.0,28.3,5.453603462989067
2011-01-08,17.451968857903495,2.019467902953449,68.8,33.8,23.1,28.2,6.525875120134294
2011-01-09,18.546464124961947,1.9446727954366547,66.5,34.9,22.1,28.8,6.905413647499809
2011-01-10,13.716738000235607,1.7202874728862712,69.0,36.0,23.7,28.1,5.730905401536454
2011-01-11,11.360963592509007,1.7202874728862712,87.0,32.7,22.9,25.6,4.24390521423606
2011-01-12,11.394559961503637,1.4959021503358882,83.0,32.7,23.6,27.0,4.136115898752559
2011-01-13,7.319525229971452,1.4211070428190937,84.3,29.3,24.6,26.8,2.6125143536083226
2011-01-14,11.397685268567383,1.5706972578526825,81.2,32.1,24.3,27.4,4.126808670500002
2011-01-15,9.327868267533699,0.7479510751679441,91.2,32.7,23.6,25.6,3.2224464257559173
2011-01-16,9.969591817013377,0.9723363977183274,89.4,32.0,22.5,25.6,3.398847560585475
2011-01-17,10.067738422420152,1.645492365369477,78.5,31.6,23.8,27.1,3.787090676103582
2011-01-18,13.199086460194511,1.1967217202687106,81.3,35.9,24.2,27.7,4.938712773114463
2011-01-19,16.875611897534068,1.7202874728862712,74.5,36.9,23.7,28.8,6.485092452563018
2011-01-20,17.75345613962903,2.393443440537421,75.0,33.5,22.7,28.6,6.1711133811344725
2011-01-21,17.75845239595593,1.645492365369477,77.3,35.8,23.6,28.8,6.388726216667228
2011-01-22,16.54466283380555,1.4959021503358882,76.0,35.7,23.2,28.2,6.054316467679561
2011-01-23,17.214544526267908,1.3463119353022994,75.3,36.3,23.3,28.6,6.255347112548223
2011-01-24,16.716248977086607,1.5706972578526825,69.0,35.5,23.6,28.7,6.326699262350921
2011-01-25,18.03597030064402,1.8698776879198602,65.4,34.9,22.1,28.0,6.897997943947747
2011-01-26,17.752344238150087,2.019467902953449,67.8,36.6,22.8,28.5,7.099357827382991
2011-01-27,17.66918538887341,2.019467902953449,66.5,36.9,23.1,29.6,7.035750420258613
2011-01-28,17.636941913268217,2.243853225503832,60.3,38.7,24.9,31.0,7.74154146265929
2011-01-29,17.634474150260804,2.019467902953449,70.1,37.3,24.2,29.5,7.042882486046795
2011-01-30,15.371428792127704,1.645492365369477,81.1,33.4,22.8,27.5,5.282184760978209
2011-01-31,14.678240213260551,1.4959021503358882,79.8,35.5,23.3,27.9,5.422539483798793
2011-02-01,9.334939396131418,1.7202874728862712,74.7,32.6,25.0,26.9,4.036911781201028
2011-02-02,15.541313303687126,2.3186483330206267,72.2,36.2,22.4,28.1,6.391420293212174
2011-02-03,14.135520265343565,1.795082580403066,80.0,35.1,22.7,27.0,5.408025716564554
2011-02-04,15.146640725182511,1.4959021503358882,72.7,36.6,23.0,28.3,5.961639206791451
2011-02-05,17.651067589689397,1.9446727954366547,62.0,37.7,23.3,29.8,7.38745528187254
2011-02-06,17.0301138447847,2.1690581179870376,59.0,39.0,24.0,30.3,7.684212894183511
2011-02-07,15.288358166846946,1.4211070428190937,66.9,37.0,23.8,29.2,6.053037567737934
2011-02-08,17.3126616251974,2.1690581179870376,65.3,37.1,21.5,29.1,7.180271609243363
2011-02-09,16.917888171329487,2.3186483330206267,58.8,37.9,23.8,30.2,7.610525444587057
2011-02-10,15.852945390653552,2.1690581179870376,56.5,39.7,24.1,30.8,7.562382731669183
2011-02-11,13.966164929677657,2.3186483330206267,72.3,33.0,23.8,27.8,5.48393567468776
2011-02-12,14.858243154949994,1.9446727954366547,64.4,38.2,24.1,29.5,6.637953244438515
2011-02-13,15.709434030120612,2.019467902953449,59.2,38.6,23.4,30.3,7.138176030042363
2011-02-14,16.161321591300986,2.393443440537421,60.5,38.7,23.3,29.4,7.601864932195209
2011-02-15,14.78326585194268,2.243853225503832,76.2,36.1,22.4,27.4,6.125125098351499
2011-02-16,12.146089732730468,1.795082580403066,75.6,36.6,23.0,27.7,5.23218382274732
2011-02-17,12.159125778090608,1.4211070428190937,73.2,36.4,24.2,27.8,5.0895043714843125
2011-02-18,13.1034450992961,2.094263010470243,70.9,36.3,23.4,27.8,5.860937733225881
2011-02-19,13.89058900107883,1.5706972578526825,69.0,37.6,21.6,28.0,5.849729882600819
2011-02-20,15.960133936528477,2.019467902953449,70.8,37.7,22.1,28.2,6.696131231372957
2011-02-21,15.51103736223828,2.243853225503832,67.9,38.2,22.7,29.0,6.882326325245381
2011-02-22,15.004371129618937,1.8698776879198602,72.9,37.7,22.8,28.4,6.261148526748331
2011-02-23,14.134771821238306,2.4682385480542153,76.4,33.8,22.5,27.0,5.593074328329284
2011-02-24,13.090539402341266,1.7202874728862712,76.7,33.8,22.3,27.2,4.958816980286178
2011-02-25,9.87985051007553,1.1967217202687106,73.3,35.2,22.8,27.6,4.0400579856504075
2011-02-26,11.857227074501271,1.645492365369477,66.8,35.7,24.1,28.5,5.180274325755055
2011-02-27,15.066180359814972,2.3186483330206267,77.9,36.7,21.8,27.1,6.266125976381105
2011-02-28,7.961428085114071,1.5706972578526825,89.6,32.8,22.9,25.4,3.1939438334563452
2011-03-01,11.457570904164346,1.4959021503358882,86.4,31.3,22.7,25.2,4.044862162967283
2011-03-02,7.0424840222323795,1.3463119353022994,89.1,28.0,22.9,24.2,2.4784197729475848
2011-03-03,5.379435934192099,0.8227461826847385,91.8,25.6,21.7,23.1,1.6944803520118528
2011-03-04,5.312533508472088,1.0471315052351216,92.4,27.5,21.9,23.4,1.830608592185996
2011-03-05,4.41144085805782,0.897541290201533,95.9,23.6,21.0,22.0,1.2945387572376632
2011-03-06,6.0998409221340415,0.5983608601343553,93.7,26.6,20.6,22.4,1.9045654552300095
2011-03-07,6.9300803449356,0.897541290201533,90.6,27.4,21.3,23.4,2.2449453401472255
2011-03-08,7.391134483057034,0.897541290201533,89.8,28.5,21.8,23.7,2.4730472063222586
2011-03-10,7.987662484198895,1.271516827785505,88.7,29.1,23.0,25.4,2.6838878743304226
2011-03-11,8.896171272616437,1.271516827785505,86.0,30.3,22.7,25.8,3.060086803199343
2011-03-12,9.340055260050274,0.7479510751679441,86.0,31.7,22.9,26.3,3.145506045364345
2011-03-13,7.306143755870283,0.897541290201533,90.0,30.4,23.8,25.6,2.5375240967985406
2011-03-14,11.393808176878386,1.7202874728862712,88.4,30.3,22.8,25.7,3.7839481446861103
2011-03-15,12.427891878527184,1.645492365369477,85.8,30.2,22.4,26.0,4.0322915402070745
2011-03-16,6.1042888342408945,1.7202874728862712,94.8,27.7,23.4,24.3,2.0933620061443627
2011-03-17,8.27419349224426,0.9723363977183274,88.0,28.6,21.8,24.4,2.723288818361667
2011-03-18,14.101698151749646,1.271516827785505,79.4,34.0,20.6,25.6,5.058655561420972
2011-03-19,11.933775320312517,2.3186483330206267,82.0,29.6,20.9,25.2,4.067478177495661
2011-03-20,8.526804533083808,1.7202874728862712,87.9,28.0,21.8,24.5,2.817627783025358
2011-03-21,5.61463245925316,1.121926612751916,91.3,26.2,22.5,23.4,1.8929837890810068
2011-03-22,7.113870914317712,0.8227461826847385,89.9,28.4,21.6,23.9,2.347304385352797
2011-03-23,8.887946355489397,0.9723363977183274,85.8,30.1,21.2,24.5,3.038717670790206
2011-03-24,13.06287857211121,1.4959021503358882,75.5,34.4,22.4,26.7,5.04802122253391
2011-03-25,13.114797283907889,1.8698776879198602,78.3,34.9,21.8,26.7,5.173242385342188
2011-03-26,13.411536796467493,1.9446727954366547,82.0,31.3,21.7,25.9,4.624394770591926
2011-03-27,12.401982270704504,2.019467902953449,79.0,36.7,22.9,27.8,5.267893958550296
2011-03-31,7.0438747001043955,1.8698776879198602,93.0,26.9,22.0,23.7,2.275222465356074
2011-04-01,10.796632399649305,1.9446727954366547,88.4,29.6,21.5,24.4,3.6726752289025235
2011-04-02,12.265767927596741,1.645492365369477,84.1,33.8,20.5,25.7,4.527062642567374
2011-04-03,5.841711865615013,1.4959021503358882,92.3,27.8,21.7,23.2,2.129058178803342
2011-04-04,7.227385207542696,1.3463119353022994,91.2,29.5,21.1,23.5,2.597109543320635
2011-04-05,9.305810806562402,1.4211070428190937,90.0,30.8,22.5,24.6,3.316628940649761
2011-04-06,12.895600410473754,1.5706972578526825,85.7,29.9,19.0,23.6,4.206850706780729
2011-04-07,8.317805444630242,0.9723363977183274,82.6,30.0,21.4,24.3,2.9679063913738446
2011-04-08,11.107849904648344,1.0471315052351216,78.0,31.0,19.6,24.8,3.8266667614825995
2011-04-09,10.306037357929922,2.094263010470243,78.3,32.0,20.5,24.9,4.203140085203977
2011-04-10,9.446170707645795,0.9723363977183274,84.9,30.2,19.9,23.8,3.2206663050690647
2011-04-11,11.483368720985192,1.5706972578526825,81.3,33.8,20.1,25.5,4.382132861714135
2011-04-12,10.754500738309343,1.4211070428190937,78.9,33.2,20.5,26.4,3.996035248457845
2011-04-13,7.950922719843832,1.0471315052351216,79.2,32.8,23.3,27.1,3.043645311988354
2011-04-14,11.708669841774654,1.4959021503358882,79.8,35.8,22.0,27.3,4.627792698914176
2011-04-15,11.255561488900039,1.4959021503358882,85.8,33.1,21.3,26.4,3.9717754680573285
2011-04-16,11.44046014125327,1.3463119353022994,76.5,32.7,22.2,26.5,4.285564535666425
2011-04-18,11.342853641239751,1.5706972578526825,75.7,33.3,20.2,26.0,4.433069287712606
2011-04-19,9.788309522560613,1.645492365369477,80.0,32.2,20.4,25.4,3.7549651259941283
2011-04-20,10.315091163861911,0.9723363977183274,79.3,32.5,21.7,25.7,3.7344773613090996
2011-04-21,10.937028613577684,1.795082580403066,72.3,32.3,20.4,26.0,4.366115916135211
2011-04-22,10.853253298695044,1.9446727954366547,70.5,33.5,23.5,27.3,4.733925830547659
2011-04-23,10.595199186497267,1.7202874728862712,73.4,34.7,21.4,27.0,4.5065082674518315
2011-04-24,7.922554415468387,1.8698776879198602,86.0,30.0,21.2,24.7,2.961770206931768
2011-04-25,9.18929805535847,1.5706972578526825,88.7,28.4,20.6,23.8,3.0345644554740105
2011-04-26,4.199237399444787,1.0471315052351216,93.5,25.0,19.5,21.8,1.3451927583964831
2011-04-27,6.7902357330099585,0.9723363977183274,86.7,27.1,19.4,21.7,2.350991100929091
2011-04-28,6.6878186096630925,0.897541290201533,86.5,26.4,18.5,21.7,2.19000870002042
2011-04-29,9.379079171016075,1.271516827785505,79.8,30.9,19.2,24.3,3.408071546978878
2011-04-30,9.092279012685228,1.1967217202687106,85.3,30.5,19.2,23.9,3.1628770670538047
2011-05-01,9.393877262633008,1.795082580403066,76.8,34.0,20.3,25.8,4.112928042467199
2011-05-02,6.0320091772116555,2.094263010470243,82.5,28.6,21.3,24.1,2.6024196168839713
2011-05-03,3.2964586114774646,1.3463119353022994,86.0,23.5,20.2,21.4,1.3135445097954377
2011-05-04,5.2797920282332385,0.8227461826847385,86.3,25.1,19.6,21.5,1.775330649495456
2011-05-05,8.39344863640915,1.271516827785505,86.2,30.4,19.8,22.9,3.123189447243616
2011-05-06,9.221097953522527,1.1967217202687106,78.8,32.1,20.0,24.6,3.558171692792886
2011-05-07,7.639357957529144,1.121926612751916,83.8,28.1,17.5,22.1,2.615013264555136
2011-05-08,8.983087568113039,0.9723363977183274,81.1,30.0,18.0,22.5,3.1901761178356787
2011-05-09,8.828360632861529,1.795082580403066,81.3,28.6,17.8,22.8,3.1934656181092778
2011-05-10,4.284431555275182,0.8227461826847385,94.4,24.3,20.5,21.7,1.328940237515172
2011-05-11,8.748434312037034,1.121926612751916,85.0,28.9,19.9,23.1,3.0184282424593554
2011-05-12,6.956267649706451,1.645492365369477,85.6,27.9,18.9,22.7,2.532951835310826
2011-05-13,5.617001282983825,1.271516827785505,88.6,26.1,19.8,21.8,1.9999637938160215
2011-05-14,5.146468781237949,0.897541290201533,90.5,24.9,18.7,20.4,1.7346790359909956
2011-05-15,7.500393994099099,1.4959021503358882,84.0,28.3,16.5,21.5,2.7675638923955463
2011-05-16,6.400651993863677,1.795082580403066,87.5,24.5,19.1,20.8,2.2435981598862162
2011-05-17,5.801016074614696,1.5706972578526825,90.0,22.4,16.4,18.1,1.9433914137318997
2011-05-18,6.590925115727978,1.121926612751916,88.0,23.6,14.8,18.1,2.104202305555183
2011-05-19,5.637725825537463,0.7479510751679441,88.7,24.0,15.1,19.1,1.7238932734548935
2011-05-20,7.042643085052237,1.271516827785505,84.0,26.4,16.8,20.6,2.4682479261210757
2011-05-21,7.313357345509791,0.9723363977183274,84.1,26.5,16.1,20.2,2.452170095244638
2011-05-22,7.374912085328523,1.121926612751916,79.0,27.1,15.6,20.7,2.640408250878622
2011-05-23,7.778160733972663,1.7202874728862712,75.0,29.1,15.5,21.3,3.295921377559039
2011-05-24,7.313781231705805,1.5706972578526825,72.7,29.1,15.9,21.7,3.1545659133505772
2011-05-25,7.569272245913892,1.121926612751916,81.2,28.9,15.6,20.8,2.8234036615361227
2011-05-26,7.184132354683689,1.8698776879198602,67.5,30.3,17.2,23.1,3.5163004954030983
2011-05-27,2.88105429881215,0.9723363977183274,94.0,22.6,19.8,20.2,0.9912430666760398
2011-05-28,4.935641370186418,1.5706972578526825,87.3,22.4,17.1,18.8,1.766726228036102
2011-05-29,4.183498808678085,0.897541290201533,82.5,21.7,16.3,18.3,1.4706332600048257
2011-05-30,6.864259690619891,1.271516827785505,81.0,24.0,13.3,18.1,2.335689107135527
2011-05-31,6.1611240430895,1.4959021503358882,85.0,25.9,13.7,18.4,2.3482740648259037
2011-06-01,6.550271257559097,1.4959021503358882,86.0,25.3,16.2,20.1,2.249678612252152
2011-06-02,5.171002003675003,0.897541290201533,88.3,25.5,17.6,20.6,1.7472238920240186
2011-06-03,5.5299401573736295,1.3463119353022994,86.9,28.7,17.0,21.5,2.191015779354188
2011-06-04,6.380848558211528,2.094263010470243,88.0,24.9,19.1,20.6,2.4157897357560536
2011-06-05,5.0903901982106685,1.0471315052351216,82.8,21.3,12.4,16.4,1.659573161717861
2011-06-06,6.707937114736083,1.5706972578526825,79.1,24.9,11.2,16.7,2.632985808282527
2011-06-07,5.443297478699382,3.5153700532893377,67.7,25.1,13.3,21.0,2.8703156326252053
2011-06-08,6.907963700201377,1.5706972578526825,79.8,25.0,15.9,19.9,2.5244023122227266
2011-06-09,4.9878923261469925,1.795082580403066,88.2,23.2,12.2,16.5,1.8969811201951043
2011-06-10,5.343734446287204,1.4211070428190937,81.0,24.0,14.9,18.5,2.051151196852203
2011-06-11,5.566375127621824,1.121926612751916,86.6,23.0,15.0,18.0,1.8561702039071997
2011-06-12,6.019102465057317,1.121926612751916,83.1,24.7,13.8,18.2,2.1240502368092575
2011-06-13,6.598552947345458,1.5706972578526825,78.3,27.7,13.2,19.8,2.703604572029946
2011-06-14,6.2973732135743266,1.7202874728862712,86.1,24.0,14.1,18.5,2.163206393472567
2011-06-15,4.538643709327264,0.7479510751679441,86.4,24.3,16.6,18.8,1.585390798485252
2011-06-16,6.26274816323565,1.3463119353022994,80.2,24.9,15.0,18.6,2.400119033833103
2011-06-17,6.551043367804852,1.4211070428190937,79.0,27.9,12.2,19.0,2.683086224608499
2011-06-18,6.515360390661785,1.4211070428190937,73.2,28.7,15.4,20.7,2.888066710426229
2011-06-19,6.428453268866226,1.3463119353022994,79.8,29.0,13.4,19.1,2.7858514763054982
2011-06-20,6.524372862697354,1.5706972578526825,80.1,30.0,15.3,21.2,2.884027936673415
2011-06-21,6.868993429734949,1.645492365369477,73.3,31.7,16.9,23.3,3.2659890577624067
2011-06-22,4.495349774834779,1.0471315052351216,88.7,25.7,15.0,20.0,1.5436314655613472
2011-06-23,4.284119411780454,0.7479510751679441,92.2,24.2,18.3,20.7,1.3396815680243601
2011-06-24,6.885560389868786,1.3463119353022994,84.8,28.8,15.9,21.2,2.5937617021826385
2011-06-25,6.945665567700629,1.4959021503358882,86.8,28.4,15.5,20.3,2.6619312837669407
2011-06-26,6.655403396729444,1.4959021503358882,79.8,29.1,16.1,22.2,2.691340599679447
2011-06-27,2.4724097586112372,2.019467902953449,93.1,21.3,17.8,17.8,1.1900143700980335
2011-06-28,6.488390320379556,1.0471315052351216,79.5,22.0,10.8,16.4,2.070314239731489
2011-06-29,4.4613935478348345,1.4211070428190937,80.0,23.7,13.2,18.2,1.7665897867712732
2011-06-30,6.766228985106183,2.243853225503832,73.3,29.4,17.8,22.5,3.3696167762367244
2011-07-01,6.970027956316316,2.243853225503832,75.9,30.4,16.4,22.6,3.379710666201645
2011-07-02,6.717520199486618,1.121926612751916,85.5,27.1,17.5,21.2,2.3435953045149613
2011-07-03,5.926140340531977,1.8698776879198602,90.4,25.0,16.2,20.1,1.970242901993294
2011-07-04,2.854375796633227,2.8422140856381874,91.8,21.4,16.0,17.2,1.4451085474453351
2011-07-05,3.209165310708615,0.6731559676511497,90.6,18.7,15.0,16.3,0.9581053019599802
2011-07-06,4.7981801421219945,1.4211070428190937,85.9,23.4,13.1,17.7,1.7080694445276237
2011-07-07,2.575923669913939,1.3463119353022994,94.7,18.5,16.0,16.4,0.8569782333980897
2011-07-08,6.0218020841116,1.271516827785505,85.3,20.5,13.7,16.3,1.9024811875575318
2011-07-09,4.789594278814498,1.1967217202687106,84.0,22.7,10.1,14.9,1.8073098021246652
2011-07-10,6.74115930497054,2.243853225503832,70.4,27.6,11.5,19.7,3.2411492442475875
2011-07-11,6.584129854792466,2.243853225503832,61.0,30.8,19.1,22.9,4.151007679932318
2011-07-12,6.956017451223733,1.4211070428190937,83.7,29.6,12.9,19.4,2.8731894246261946
2011-07-13,6.954908313736933,2.243853225503832,63.8,28.9,14.1,22.1,3.6021070072838413
2011-07-14,6.81789444572613,2.243853225503832,66.3,27.1,19.9,22.2,3.5741528884527627
2011-07-15,7.2529084793506255,1.271516827785505,83.1,28.7,13.9,20.0,2.746716471575539
2011-07-16,7.105998590295476,1.7202874728862712,70.2,30.7,13.3,21.5,3.471209134231933
2011-07-17,6.6298452117253,2.6178287630878043,60.8,31.0,20.5,24.4,4.319577130677624
2011-07-18,6.736623226840435,1.645492365369477,85.6,27.5,17.0,20.9,2.556021209609153
2011-07-19,4.871566719294373,1.4211070428190937,86.5,24.4,18.8,21.2,1.7204704377907825
2011-07-20,7.4092587403168135,1.4959021503358882,76.7,29.3,19.8,23.3,3.067095967466331
2011-07-21,7.388604769125619,2.393443440537421,58.3,31.8,20.5,25.8,4.377127861268832
2011-07-22,5.578143601685742,1.9446727954366547,84.5,27.4,17.1,21.4,2.322781291604818
2011-07-23,3.7021588713466,2.019467902953449,93.8,21.2,18.0,19.1,1.2107248985895747
2011-07-24,6.445469514840636,1.0471315052351216,81.4,24.7,16.4,19.5,2.2344599681943724
2011-07-25,7.704813862266509,1.1967217202687106,76.6,25.5,13.2,19.1,2.667813102739226
2011-07-26,7.059571395219924,2.094263010470243,70.9,25.9,14.6,20.2,3.05267569958815
2011-07-27,7.714074754284341,2.54303365557101,67.3,29.9,19.4,22.5,4.3112208191173975
2011-07-28,8.012402710510962,1.5706972578526825,76.7,29.2,15.1,21.3,3.263719057272835
2011-07-29,7.565627538239939,2.1690581179870376,56.2,31.3,16.9,24.0,4.29359926122414
2011-07-30,6.796588357221105,2.54303365557101,64.0,32.0,21.5,23.8,4.535283462305638
2011-07-31,6.440630845573802,1.121926612751916,79.1,27.8,17.4,22.0,2.3933793122940563
2011-08-01,5.624360986490737,1.1967217202687106,88.3,27.4,15.8,20.6,2.025263997342361
2011-08-02,4.38133512856926,1.4211070428190937,75.5,30.2,19.1,23.9,2.271402176514269
2011-08-03,4.392684701227258,1.795082580403066,82.7,29.7,17.8,20.3,2.5769071032464446
2011-08-04,7.445459376679811,1.5706972578526825,73.6,21.1,15.1,16.8,2.7609527022388045
2011-08-05,5.6630836875216035,1.121926612751916,75.3,21.1,9.7,16.0,1.864718492937391
2011-08-06,8.406970634163155,2.54303365557101,71.5,29.9,13.8,21.0,4.0233949940820715
2011-08-07,8.737179883299948,1.5706972578526825,80.5,31.1,17.0,22.2,3.522266991402942
2011-08-08,8.802009824182992,2.3186483330206267,79.4,34.8,17.6,22.8,4.684576755333432
2011-08-09,8.253691441512196,1.4211070428190937,82.7,31.1,19.4,22.9,3.307946863216233
2011-08-10,8.239552040196248,1.7202874728862712,87.9,26.2,19.9,21.5,2.8784433885640817
2011-08-11,7.348349622799029,1.0471315052351216,77.2,26.4,17.5,21.0,2.6228020151649227
2011-08-12,9.379964019491467,1.645492365369477,73.5,29.0,14.7,21.4,3.6578512686521916
2011-08-13,9.094312330818106,1.7202874728862712,68.0,34.2,14.4,22.8,4.528747726509256
2011-08-14,8.81564150172722,3.0665994081885706,67.3,28.4,19.6,23.7,4.30444668673495
2011-08-15,8.046036803029562,1.121926612751916,81.5,29.0,18.6,23.0,2.8621114875139817
2011-08-16,9.46604058133001,2.7674189781213934,62.1,31.9,17.2,24.5,5.0306984230622245
2011-08-17,8.508388293759348,1.795082580403066,44.7,34.5,21.3,26.3,5.156221628230635
2011-08-18,8.096865271406859,1.645492365369477,77.9,26.6,14.1,20.4,2.86273172091486
2011-08-19,9.132750559985734,1.8698776879198602,75.7,32.9,15.1,21.8,4.29221022412358
2011-08-20,7.133522124963728,2.9918043006717765,69.4,30.7,18.2,23.8,4.158025834902717
2011-08-21,3.365410147207372,1.9446727954366547,94.9,18.4,15.1,16.3,0.9858278451741859
2011-08-22,3.821521419633622,0.4487706451007665,89.3,19.6,15.1,17.0,1.0888612879714372
2011-08-23,6.616016303221282,1.4959021503358882,83.9,27.4,16.5,20.0,2.6217583382898977
2011-08-24,5.599354211938591,1.795082580403066,89.4,23.5,17.2,20.0,1.8086892872739297
2011-08-25,7.940643266694904,1.271516827785505,76.5,31.2,19.3,23.3,3.2985297667935813
2011-08-26,7.079536644002658,2.4682385480542153,75.9,29.3,19.2,23.4,3.375758323073198
2011-08-27,6.899469771079267,1.4211070428190937,83.3,26.9,19.1,21.5,2.608732631550533
2011-08-28,10.56755769937632,2.393443440537421,66.3,33.4,15.7,24.2,5.096535110893572
2011-08-29,9.73855722379508,2.6178287630878043,40.5,36.0,23.1,28.9,6.610799753712049
2011-08-30,10.165474367097591,3.141394515705365,53.7,36.6,24.8,27.1,7.176824275983748
2011-08-31,7.074679615954346,2.6178287630878043,86.0,27.8,19.3,21.1,3.1886209706921402
2011-09-01,5.821293610020993,1.7202874728862712,73.3,21.1,16.2,18.1,2.3666086239790753
2011-09-02,10.126610079071856,2.243853225503832,63.8,22.5,15.0,17.9,3.9209439164070887
2011-09-03,9.828075892744643,1.0471315052351216,68.5,24.2,14.1,18.3,3.2966054254470043
2011-09-04,11.039197668167471,1.7202874728862712,72.6,28.8,10.5,18.1,4.2679317438778535
2011-09-05,11.082146702153146,2.3186483330206267,59.1,35.1,12.9,23.2,6.021155326684581
2011-09-06,10.3753587161457,2.9918043006717765,67.7,27.2,18.1,23.0,4.3366350859684175
2011-09-07,10.852522886289076,1.8698776879198602,82.0,29.7,17.3,21.8,4.034662704264417
2011-09-08,10.425175117111616,2.7674189781213934,69.8,33.6,17.3,23.1,5.503590766300204
2011-09-09,10.924454897750838,2.243853225503832,73.0,28.4,16.3,23.2,3.9688173563236013
2011-09-10,9.645304425175313,2.393443440537421,83.0,26.9,17.1,21.4,3.3804507243542847
2011-09-11,4.36811497441267,1.4211070428190937,85.8,24.3,19.5,20.8,1.714722434826558
2011-09-12,4.266803751386356,1.271516827785505,87.8,21.9,18.7,19.6,1.4751887023740033
2011-09-13,12.040813164386407,2.393443440537421,75.8,31.9,17.9,22.4,5.178977092867175
2011-09-14,3.3744947568706607,2.094263010470243,93.5,21.4,19.5,19.8,1.1872425700207456
2011-09-15,4.532333993080057,1.4211070428190937,88.0,22.5,17.8,19.4,1.5848686434357582
2011-09-16,8.907070662892437,1.8698776879198602,71.0,26.6,18.0,21.2,3.5909445811540204
2011-09-17,11.660134876599333,1.7202874728862712,67.8,28.0,15.6,20.9,4.387464606757517
2011-09-18,11.186546968844947,1.7202874728862712,71.8,27.5,12.8,20.4,3.937520469163934
2011-09-19,12.812737005926934,2.1690581179870376,65.8,28.7,13.8,21.0,5.031935495995211
2011-09-20,12.375879174110723,2.393443440537421,61.0,33.1,15.5,22.6,5.974739064209499
2011-09-21,12.160098433968255,3.216189623222159,65.7,27.9,16.6,22.7,4.99241784785838
2011-09-22,6.2365100317010835,1.8698776879198602,85.4,25.3,18.9,21.3,2.288003472751628
2011-09-23,12.299456502079545,2.094263010470243,70.5,36.3,17.7,24.8,5.816837268045278
2011-09-24,3.670580523591163,2.3186483330206267,85.7,24.3,19.6,21.2,1.7079481625250248
2011-09-25,5.54606000789473,1.3463119353022994,85.8,22.5,16.6,18.7,1.8920145768157224
2011-09-26,12.173145424138053,1.1967217202687106,73.2,26.7,12.6,19.3,3.9481763001395462
2011-09-27,13.467528973872135,2.6178287630878043,74.7,29.6,13.6,19.9,5.249670325430875
2011-09-28,10.286591162824777,1.8698776879198602,81.9,26.2,15.4,20.2,3.4069529070743867
2011-09-29,12.972259693506778,1.5706972578526825,75.9,32.0,18.1,22.9,4.914653048869382
2011-09-30,13.706468417976257,2.54303365557101,72.3,34.8,18.2,24.4,6.108333488947044
2011-10-01,13.459510458142521,2.019467902953449,69.1,38.5,16.9,25.9,6.339866755295991
2011-10-02,11.429168056085988,2.393443440537421,81.0,29.5,20.4,22.9,4.430074811825423
2011-10-03,4.604084007023677,0.9723363977183274,88.2,24.0,19.3,21.3,1.5119380871437642
2011-10-04,5.335612953922659,1.3463119353022994,84.3,25.6,19.1,21.0,2.054363700330682
2011-10-05,11.60000717933568,2.1690581179870376,65.8,29.8,17.8,23.1,4.890745336446285
2011-10-06,14.280349333022318,2.393443440537421,64.5,32.3,20.1,24.8,6.034834651886557
2011-10-07,14.062184444223503,2.019467902953449,84.2,27.9,16.9,22.0,4.3576381736121945
2011-10-08,14.795789829920533,1.5706972578526825,72.0,33.8,19.7,25.6,5.573729844430075
2011-10-09,8.408462278858691,2.243853225503832,72.9,31.5,19.8,25.0,3.911963493800577
2011-10-10,14.201208117269292,1.9446727954366547,69.6,35.1,21.1,26.6,5.909406397335352
2011-10-11,7.949227672566501,1.7202874728862712,84.4,28.8,21.1,23.6,3.0068062800726483
2011-10-12,10.754058489849813,1.4211070428190937,87.2,29.2,21.4,23.5,3.6766712165137276
2011-10-13,7.102966383656764,1.3463119353022994,83.4,29.6,20.6,24.4,2.6414606692239224
2011-10-14,11.15591906676781,2.243853225503832,76.9,32.9,22.7,26.5,4.628509429844185
2011-10-15,3.8162755487785067,1.5706972578526825,91.1,24.9,22.5,22.2,1.550635230224437
2011-10-16,5.191742569506904,1.1967217202687106,92.5,23.3,18.5,20.0,1.6446233915951074
2011-10-17,4.697327027990588,1.9446727954366547,96.6,22.6,19.3,20.0,1.4667448223430992
2011-10-18,12.09714091322429,2.9918043006717765,83.9,24.8,18.1,20.5,3.9421957483310863
2011-10-19,8.229775498599258,1.271516827785505,87.5,22.8,13.6,18.2,2.3422436947947185
2011-10-20,9.3399505976297,1.121926612751916,77.3,25.1,14.1,19.5,2.987657116002439
2011-10-21,10.950197246793119,1.4211070428190937,76.6,26.4,12.7,19.1,3.613590383415169
2011-10-22,4.780436519528738,1.1967217202687106,88.4,20.9,17.1,19.1,1.4339737882472483
2011-10-23,14.181072045324498,1.8698776879198602,74.3,28.9,17.8,22.8,4.918856969682193
2011-10-24,16.04519650527112,2.3186483330206267,61.9,31.2,20.8,25.4,6.341375672804335
2011-10-25,15.913842376620856,2.7674189781213934,58.1,33.3,19.7,27.2,6.78890407845694
2011-10-26,14.177933915445173,3.216189623222159,61.3,35.0,25.7,27.6,7.381981587635804
2011-10-28,14.04387759387363,2.6178287630878043,84.8,28.3,20.4,23.6,4.549303679705992
2011-10-29,16.135394414760118,2.243853225503832,80.3,31.6,18.9,24.1,5.627821752799834
2011-10-30,11.005333081793983,2.9170091931549815,78.3,33.4,20.2,24.0,5.296525843441786
2011-10-31,4.796479958305729,1.3463119353022994,84.5,21.3,17.0,18.7,1.6515225664684843
2011-11-01,6.907876130839276,0.897541290201533,90.7,21.5,14.9,17.2,1.9940855244883695
2011-11-02,11.520885748634353,1.645492365369477,80.5,23.9,13.4,18.1,3.544578378141949
2011-11-03,13.500110469284092,1.7202874728862712,73.9,24.4,13.9,19.3,4.150100639813186
2011-11-04,14.585146365269006,1.3463119353022994,67.5,26.7,16.6,20.9,4.837519625266065
2011-11-05,16.291910026479115,2.1690581179870376,66.6,30.2,17.7,21.9,6.177241716463384
2011-11-06,14.185101042087613,2.3186483330206267,74.9,28.3,15.8,21.4,4.931668700002349
2011-11-07,12.44924551661563,1.645492365369477,82.9,26.3,17.2,21.3,3.8498705244777502
2011-11-08,14.640266391580184,2.094263010470243,80.8,28.5,19.8,22.5,4.97114647087645
2011-11-09,16.714964238028518,2.54303365557101,69.0,33.6,19.7,24.8,6.809813855183198
2011-11-10,16.699351813140957,2.1690581179870376,70.2,35.6,18.2,25.3,6.7987977082508255
2011-11-11,16.54604585689359,2.7674189781213934,76.2,33.5,20.2,24.8,6.534489406103842
2011-11-12,14.16429829629605,2.1690581179870376,81.4,29.8,21.3,24.3,4.93438281535469
2011-11-13,8.380144865013792,1.5706972578526825,82.6,29.0,21.0,23.8,3.123350978825679
2011-11-14,5.974992336841363,1.0471315052351216,94.3,27.7,20.7,22.7,1.9993474317543842
2011-11-15,5.503933093869938,1.7202874728862712,85.0,27.6,22.1,23.7,2.251246269790175
2011-11-16,6.189644166197352,2.243853225503832,95.7,22.7,20.5,20.8,1.8305693454479197
2011-11-17,9.539949985872015,1.4211070428190937,84.7,25.1,18.2,20.6,3.0675560936063393
2011-11-18,5.889540255037222,0.6731559676511497,85.9,23.7,18.6,20.3,1.8564901149284054
2011-11-19,7.322789462319855,0.897541290201533,81.2,24.6,18.5,20.9,2.3882502251222526
2011-11-20,14.632479510301721,1.1967217202687106,75.3,28.1,15.0,22.0,4.526600661122591
2011-11-21,17.549154502513563,1.795082580403066,68.5,32.3,17.1,25.2,6.125458913221
2011-11-22,12.573246847352257,2.54303365557101,68.0,33.6,21.4,27.2,5.4648442097393986
2011-11-23,8.004043264400755,2.4682385480542153,89.9,26.1,21.4,22.8,2.7230557033281144
2011-11-24,15.18703129713987,1.7202874728862712,80.0,27.6,20.4,22.8,4.943066005385654
2011-11-25,15.725467718053581,2.3186483330206267,82.0,29.9,18.1,22.8,5.252845799297738
2011-11-26,7.93257974496432,1.3463119353022994,86.0,28.9,20.4,24.3,2.691147973012294
2011-11-27,5.5286646564677495,1.121926612751916,84.4,25.3,21.0,23.1,1.8870180449748057
2011-11-28,5.505710366101104,0.9723363977183274,94.1,23.3,20.6,21.7,1.6051282623195913
2011-11-29,16.619472751779348,2.9918043006717765,66.2,30.5,21.0,25.3,6.402333991835615
2011-11-30,9.707447930591984,2.4682385480542153,69.8,32.8,22.5,26.5,4.642454209753149
2011-12-01,14.6168380418116,2.3186483330206267,74.5,34.5,22.1,26.3,6.035341787724045
2011-12-02,6.874357165167541,2.019467902953449,92.8,22.9,19.2,20.9,1.9676351172159063
2011-12-03,7.856618548994139,0.5983608601343553,83.7,25.7,18.6,21.4,2.4530474369484074
2011-12-04,11.728796953248352,0.8227461826847385,81.0,28.8,19.4,23.0,3.7768113424642342
2011-12-05,12.156416692405015,1.795082580403066,83.1,30.2,20.4,23.6,4.320690342518905
2011-12-06,8.707642892438733,1.271516827785505,83.8,28.9,21.7,24.1,3.070153853561963
2011-12-07,9.748541638235935,1.1967217202687106,85.8,30.0,21.7,24.4,3.3595578840399707
2011-12-08,12.601621538188464,1.7202874728862712,83.8,31.3,22.1,25.2,4.450672841986881
2011-12-09,6.537591005813743,0.8227461826847385,91.8,28.1,22.4,24.6,2.0985957360211693
2011-12-10,5.120206396387363,2.094263010470243,92.6,25.6,22.5,22.6,1.9325229033059323
2011-12-12,15.836361833350146,2.019467902953449,78.8,31.7,18.7,23.9,5.600935147182804
2011-12-13,16.970499978628165,1.7202874728862712,73.8,34.1,20.6,26.9,6.0683635090261445
2011-12-14,9.318027152576963,1.645492365369477,79.3,34.0,22.3,26.2,3.959877890303885
2011-12-15,5.3415349737214415,1.9446727954366547,81.1,26.9,23.1,25.2,2.1647856998502815
2011-12-16,12.725381529204038,2.393443440537421,77.2,32.6,23.0,26.5,5.05750346413675
2011-12-17,14.241849107145946,2.094263010470243,74.5,34.3,22.0,27.2,5.572441199474863
2011-12-18,9.72339743707153,2.7674189781213934,73.4,31.7,22.4,26.5,4.396393303573084
2011-12-19,10.36911030493579,2.094263010470243,87.4,31.5,20.7,24.3,3.9222503329535896
2011-12-20,14.583440644429675,2.019467902953449,67.8,36.0,22.0,27.7,6.129529953760833
2011-12-21,15.775698543953123,2.3186483330206267,60.0,36.4,22.5,28.3,7.074812831355666
2011-12-22,16.445181706084735,1.7202874728862712,60.5,37.3,20.2,28.0,6.884787091009302
2011-12-23,17.039191253930177,2.243853225503832,58.4,35.3,21.0,29.1,6.924164964073943
2011-12-24,15.944700715799527,2.1690581179870376,66.3,34.4,23.0,28.6,6.289412463805788
2011-12-25,9.32990854231865,2.019467902953449,86.0,29.4,22.9,25.4,3.303890570141635
2011-12-26,3.9845077082067224,0.897541290201533,95.2,24.1,22.1,22.6,1.2299599122341185
2011-12-27,8.051836813589883,1.4211070428190937,88.6,27.5,21.2,23.3,2.715991448053984
2011-12-28,10.50040485398558,1.7202874728862712,88.3,28.5,21.0,23.3,3.546176078897437
2011-12-29,5.845447279536688,0.897541290201533,88.4,24.4,19.8,21.8,1.8334511112061567
2011-12-30,7.312392108456478,0.9723363977183274,86.8,27.2,20.1,22.7,2.4252874594529428
2011-12-31,10.73755417716701,1.4211070428190937,82.9,29.4,20.2,24.8,3.5154417264059026
2012-01-01,5.443000852829091,1.1967217202687106,94.3,28.5,22.9,24.5,1.8848849565537504
2012-01-02,3.6014231221829034,0.897541290201533,99.2,23.6,20.6,21.3,1.0657339186527808
2012-01-03,16.918479158813867,1.645492365369477,82.1,28.6,18.1,22.9,5.215660308494977
2012-01-04,15.701775326902585,2.1690581179870376,81.8,29.1,19.9,23.8,5.084472778251412
2012-01-05,16.162532962121432,2.243853225503832,80.8,31.1,18.8,24.3,5.4109428833368
2012-01-06,10.760860420183072,1.795082580403066,85.8,33.6,20.7,24.5,4.308961529506177
2012-01-07,14.899436559829356,2.1690581179870376,74.0,31.0,19.4,25.6,5.167588910785685
2012-01-08,10.253687609266303,0.9723363977183274,86.6,30.3,21.6,24.2,3.4666913430538386
2012-01-09,6.9621854985466864,1.4959021503358882,87.2,27.2,21.1,23.6,2.3995988896649383
2012-01-10,7.113585602630776,1.4211070428190937,83.3,28.2,21.6,23.7,2.674660802963816
2012-01-11,9.57989587789797,1.271516827785505,86.3,30.0,20.2,24.0,3.2900353859872413
2012-01-12,13.964968756348396,1.795082580403066,72.5,32.0,22.3,26.7,5.1503616581598575
2012-01-13,11.321728549148899,1.7202874728862712,77.3,34.2,23.2,26.2,4.7430027177722
2012-01-14,15.318754429889381,2.243853225503832,67.6,35.5,19.2,28.4,5.97671763880852
2012-01-15,10.409504322373598,1.3463119353022994,66.3,34.6,26.5,28.7,4.528332883682409
2012-01-16,9.150449076873947,1.4959021503358882,89.1,31.1,22.7,25.0,3.3190591601712645
2012-01-17,14.294598183164373,1.5706972578526825,86.7,33.6,22.0,25.6,5.055446645250853
2012-01-18,13.825317773520206,1.645492365369477,83.6,32.7,22.3,25.7,4.92482586059834
2012-01-19,14.27692284803106,1.7202874728862712,83.1,34.1,21.7,25.3,5.34785311332681
2012-01-20,11.421458507737132,1.8698776879198602,77.8,32.1,22.0,25.8,4.430239437472373
2012-01-21,15.50126453301343,1.9446727954366547,74.8,34.3,22.2,26.9,5.921176169426989
2012-01-22,15.633520603318003,1.5706972578526825,73.9,34.4,21.7,27.0,5.794693821387097
2012-01-23,16.56592223651058,1.9446727954366547,68.4,34.5,22.3,28.1,6.3473879572491105
2012-01-24,16.84061372875988,2.243853225503832,63.4,34.8,22.4,28.7,6.778721289905977
2012-01-25,16.639867855645974,2.393443440537421,59.8,35.0,24.0,29.6,6.965409370932249
2012-01-26,12.385295487467902,2.8422140856381874,80.6,30.3,22.6,25.8,4.578469713171634
2012-01-27,3.578995356735257,1.8698776879198602,96.4,22.9,20.5,21.1,1.1349056512567692
2012-01-28,4.649761412678608,1.3463119353022994,95.3,23.5,18.9,20.5,1.429225370152912
2012-01-29,6.975322945268679,0.7479510751679441,92.4,24.1,19.9,21.4,2.0721818983720595
2012-01-30,11.57677569528665,1.645492365369477,87.5,29.1,18.6,22.3,3.8764912951485777
2012-01-31,7.348252296713005,0.897541290201533,89.7,28.1,20.2,22.9,2.42541179857754
2012-02-01,16.121435122932514,2.094263010470243,73.7,33.7,19.4,25.9,5.989729320368157
2012-02-02,16.54675702670213,2.243853225503832,67.1,34.2,21.1,27.7,6.423761797385807
2012-02-03,16.679418298007075,2.1690581179870376,67.6,34.2,21.0,27.6,6.431954545287726
2012-02-04,16.564274306397543,2.393443440537421,63.9,33.8,22.4,27.7,6.744626424152897
2012-02-05,16.455596620562055,2.019467902953449,66.3,35.1,21.0,27.8,6.48662692636315
2012-02-06,16.185151678398356,2.019467902953449,64.0,36.5,22.8,28.7,6.78607246989224
2012-02-07,16.35443703689684,1.795082580403066,71.7,36.8,21.1,27.6,6.441599869722802
2012-02-08,15.784549376264533,2.094263010470243,71.6,33.8,20.9,26.8,5.993711196480573
2012-02-17,13.997351252547618,0.9723363977183274,75.2,34.1,21.4,26.7,4.929551043881183
2012-02-18,15.673605624084326,1.8698776879198602,69.7,34.4,21.6,27.3,6.067327330164341
2012-02-19,12.704154862812848,1.645492365369477,71.2,33.6,21.0,26.9,4.92109853380549
2012-02-20,14.064574989354973,1.7202874728862712,69.3,34.8,21.4,27.4,5.590405100792368
2012-02-21,10.934550817769287,2.019467902953449,66.0,32.6,21.7,27.3,4.682379095268104
2012-02-22,12.859491215208767,2.3186483330206267,60.8,36.3,25.8,28.9,6.3682757514028765
2012-02-23,13.532920081203367,2.019467902953449,69.5,34.5,23.8,27.8,5.6698219709043824
2012-02-24,14.421504745630878,1.5706972578526825,78.7,32.4,21.4,26.3,5.016842209719546
2012-02-25,13.383671280292589,1.1967217202687106,79.5,36.0,22.2,26.7,5.054444928672386
2012-02-26,15.114330744453822,1.7202874728862712,67.3,37.3,21.2,28.7,6.250669858468761
2012-02-27,14.446398383764727,1.8698776879198602,76.0,32.6,21.5,27.1,5.123815364204666
2012-02-28,13.099226117331371,0.9723363977183274,72.2,37.0,22.1,28.6,4.958274690815875
2012-02-29,14.735015971137582,1.8698776879198602,65.3,38.0,22.5,28.5,6.525672356286105
2012-03-01,14.398146961585134,2.094263010470243,62.5,38.5,22.0,28.6,6.811249983276037
2012-03-02,14.148115345875532,2.3186483330206267,64.9,37.6,19.5,28.1,6.502936006566894
2012-03-03,10.129617218202103,1.5706972578526825,85.4,32.2,21.9,25.8,3.708356720270695
2012-03-04,9.59899694226708,1.5706972578526825,86.6,29.7,22.2,25.3,3.260319900267885
2012-03-05,13.891184792136354,1.645492365369477,78.1,34.7,21.6,26.7,5.277322107376311
2012-03-06,13.812964293010335,1.795082580403066,76.5,33.9,21.7,26.6,5.274110493964856
2012-03-07,11.151355286431205,1.4959021503358882,77.8,32.2,19.2,25.2,4.109176263960166
2012-03-08,13.637792351169375,1.645492365369477,79.2,34.1,20.6,25.3,5.206028682643391
2012-03-09,13.498187328503256,2.3186483330206267,77.8,34.5,20.6,25.6,5.5873224591955495
2012-03-10,10.378256289267274,1.121926612751916,80.6,33.8,20.3,25.1,3.9212022299606324
2012-03-11,12.359328536313402,1.9446727954366547,74.3,34.1,21.0,25.8,5.141539338676824
2012-03-12,11.943082988061578,1.795082580403066,75.5,34.3,21.0,26.0,4.890421179403808
2012-03-13,11.694830954848506,1.7202874728862712,73.2,35.7,19.7,26.2,4.9737506254560815
2012-03-14,12.104143713743381,2.094263010470243,70.7,36.4,23.6,27.4,5.691831783387196
2012-03-15,12.662285803333322,2.393443440537421,75.2,33.9,22.6,27.1,5.229450896692157
2012-03-16,7.367044949850218,1.5706972578526825,87.9,27.8,22.3,24.2,2.5856493492713675
2012-03-17,8.473686817562992,1.4959021503358882,85.0,28.8,21.6,24.1,3.022882272523203
2012-03-18,7.008930460371492,1.1967217202687106,85.2,27.6,19.8,22.8,2.4718646116368745
2012-03-19,10.188946541011132,0.9723363977183274,80.3,30.7,19.2,23.8,3.537745942302763
2012-03-20,10.316268535173275,1.4959021503358882,81.0,31.6,20.7,24.6,3.9010281700068097
2012-03-22,11.94658046136035,1.8698776879198602,72.0,36.6,21.6,27.6,5.2716334924090225
2012-03-23,7.946126580447208,1.7202874728862712,87.8,32.5,21.5,24.9,3.230821604437361
2012-03-24,11.388484415303592,1.4959021503358882,86.4,32.9,22.4,25.5,4.171066405930009
2012-03-25,11.642159611429761,1.271516827785505,87.1,32.6,21.8,25.6,4.0602461446261735
2012-03-26,12.688323935092491,1.271516827785505,84.3,34.5,22.2,26.3,4.614682301007911
2012-03-27,9.079480977628123,1.7202874728862712,78.7,32.2,22.5,26.8,3.5989629936986995
2012-03-28,5.986124080245344,2.243853225503832,92.6,29.2,22.5,23.2,2.6433477004209376
2012-03-29,6.106872487345361,0.897541290201533,91.3,25.3,18.8,21.3,1.9124665625945378
2012-03-30,8.407869354075437,1.0471315052351216,87.5,29.4,20.7,23.9,2.8509825971021163
2012-03-31,9.159910743143408,1.4211070428190937,89.1,28.9,21.9,24.1,3.099320944331481
2012-04-01,11.57596182866385,1.4211070428190937,86.0,29.0,20.3,23.7,3.7882866290301793
2012-04-02,11.348629089353533,1.5706972578526825,84.8,32.0,20.3,24.6,4.091823833587164
2012-04-03,10.961345354912146,1.645492365369477,84.0,31.9,21.1,25.4,3.965055011344448
2012-04-04,11.469964438028995,1.3463119353022994,80.6,33.1,20.6,25.8,4.226856236221142
2012-04-05,11.418104313142571,2.1690581179870376,84.0,32.1,21.3,25.4,4.282133166057521
2012-04-06,6.078657476315506,2.4682385480542153,80.0,30.9,22.4,26.1,2.928472649053135
2012-04-07,8.3735301643411,0.9723363977183274,87.5,30.3,21.6,24.8,2.8492561594516306
2012-04-08,11.072928933153536,1.271516827785505,82.4,32.4,20.9,25.9,3.892448464582989
2012-04-09,7.935203211119097,0.9723363977183274,91.0,30.0,21.8,24.1,2.722107186918527
2012-04-10,10.56543070308373,1.0471315052351216,87.8,31.0,20.5,24.2,3.575922316405016
2012-04-11,11.042780040043974,1.121926612751916,82.8,31.8,20.7,25.3,3.8361170333549657
2012-04-12,10.932122974794035,1.645492365369477,79.0,32.0,21.0,26.1,4.049769661325398
2012-04-13,10.234570658838358,2.019467902953449,76.5,32.8,22.1,26.5,4.226485882225069
2012-04-14,10.233758656641813,1.5706972578526825,82.5,33.2,23.4,26.5,3.9736261359644254
2012-04-15,8.283378447708541,2.243853225503832,78.8,35.3,22.4,26.9,4.127834270929256
2012-04-16,6.123301660635364,1.271516827785505,89.3,27.3,22.2,23.3,2.2135511679398268
2012-04-17,9.696528098102036,1.1967217202687106,85.0,28.7,18.9,22.9,3.241445244766239
2012-04-18,9.333003200288648,0.9723363977183274,82.6,29.5,18.3,23.2,3.1309618948788627
2012-04-19,9.84585604170878,1.0471315052351216,80.6,29.7,18.1,23.2,3.3594253604625353
2012-04-20,9.649695031495384,1.7202874728862712,78.8,30.6,18.4,23.7,3.698891246364439
2012-04-21,4.83686250414375,0.897541290201533,90.3,28.2,19.4,22.9,1.6905847110172494
2012-04-22,3.8476962090985856,1.121926612751916,91.5,24.9,20.6,22.2,1.3023631425351236
2012-04-23,7.699464251991985,1.0471315052351216,87.6,27.9,18.1,22.2,2.5437565785437606
2012-04-24,8.98825276484104,1.271516827785505,86.9,28.8,19.7,23.2,3.0217632258619975
2012-04-25,8.77347188629334,1.0471315052351216,85.4,30.9,17.8,23.4,3.0308762603448236
2012-04-26,4.9138374236720015,1.8698776879198602,80.2,30.0,19.5,25.3,2.1662365949004343
2012-04-27,5.887630137434488,2.393443440537421,86.2,30.5,22.4,24.5,2.8537446718614383
2012-04-28,5.272212265597543,1.0471315052351216,85.7,27.6,21.2,23.4,1.940018844532521
2012-04-29,3.2853375961386577,1.3463119353022994,87.3,24.7,20.1,22.6,1.2080417541641433
2012-04-30,2.9292669254520334,1.1967217202687106,98.2,22.4,20.7,20.8,0.9064980704454263
2012-05-01,3.262036735497519,1.9446727954366547,91.3,20.6,17.5,18.7,1.1401774610310513
2012-05-02,8.737244206985402,1.3463119353022994,82.0,26.1,13.5,19.2,2.902265542110922
2012-05-03,7.528505740526767,1.121926612751916,86.0,26.7,16.6,21.1,2.46799759869822
2012-05-04,6.110591582835676,0.7479510751679441,89.5,26.5,17.1,21.1,1.93440645033051
2012-05-05,8.906112192871605,0.9723363977183274,84.1,28.7,17.3,22.4,2.941475098563149
2012-05-06,7.085585465382696,1.121926612751916,84.6,27.4,18.3,22.4,2.412023351027486
2012-05-07,7.458446588289997,1.0471315052351216,84.7,27.8,16.2,21.6,2.4824982109384934
2012-05-08,3.8882402307026633,0.6731559676511497,93.2,23.4,16.7,20.1,1.1372054033689813
2012-05-09,7.964440402485015,0.897541290201533,83.8,28.0,18.0,21.9,2.688648040846313
2012-05-10,8.215372560477046,1.4211070428190937,82.9,29.9,15.6,21.9,3.0581718172314405
2012-05-11,8.027239041008256,1.645492365369477,76.3,31.3,19.3,24.4,3.4131448664347825
2012-05-12,4.916559407325434,1.645492365369477,75.9,30.0,18.9,23.9,2.4236606604662647
2012-05-13,4.394620982259747,1.4211070428190937,94.6,24.9,19.8,20.9,1.547117510048683
2012-05-14,2.669948501165733,0.5983608601343553,96.9,21.1,18.9,19.1,0.808575791166562
2012-05-15,3.3174989026280994,0.5983608601343553,96.1,20.8,17.3,18.5,0.9460703909316475
2012-05-16,5.159817112746273,0.9723363977183274,91.2,23.4,14.7,19.0,1.5205246573516789
2012-05-17,7.061247356109234,1.5706972578526825,88.2,25.5,17.5,19.9,2.4754082701836757
2012-05-18,6.471416096767345,1.0471315052351216,87.3,26.0,14.2,19.4,2.1288241346945367
2012-05-20,7.179713483464219,1.271516827785505,80.5,25.8,15.6,20.2,2.522877157805358
2012-05-21,7.261505319305487,1.5706972578526825,75.4,27.2,16.1,21.1,2.8760274985808034
2012-05-22,7.0631643098540895,1.121926612751916,80.1,27.5,15.6,20.9,2.523416046749724
2012-05-23,7.371964090895278,1.4211070428190937,83.8,27.2,15.0,20.1,2.667774986066443
2012-05-24,5.902241297613984,1.7202874728862712,79.0,26.9,15.4,20.9,2.4034019263544204
2012-05-25,5.049195256205392,1.795082580403066,75.3,28.7,16.8,22.7,2.4145552923582425
2012-05-26,7.084030635077948,2.1690581179870376,70.7,31.1,20.7,24.6,3.6820473445471813
2012-05-27,7.130644869381175,1.1967217202687106,83.5,28.5,17.9,22.1,2.611779124212093
2012-05-28,6.927716419293009,1.4211070428190937,81.5,31.1,16.9,22.7,2.893550914889572
2012-05-29,7.3010935756913256,1.4959021503358882,78.4,32.3,19.1,24.8,3.125993843898932
2012-05-30,7.192672801370039,1.5706972578526825,75.3,33.6,19.4,25.4,3.3689541205262694
2012-05-31,5.1392366771695785,2.019467902953449,85.3,27.7,19.7,23.3,2.098139226711188
2012-06-01,3.8368591279621875,1.121926612751916,93.8,25.6,20.5,22.1,1.3404657695541808
2012-06-02,6.472366922741195,1.0471315052351216,90.4,30.0,20.8,23.2,2.403754500588402
2012-06-04,7.006958196254038,2.019467902953449,69.7,31.8,22.9,26.7,3.5292164291313717
2012-06-06,3.088265191303488,0.897541290201533,94.5,25.5,20.2,22.3,1.0310648657957253
2012-06-07,2.925030522692419,2.094263010470243,97.2,22.7,19.6,20.5,0.9508076011676988
2012-06-08,3.4064870849308853,1.121926612751916,95.4,21.4,17.4,18.9,1.0266630862495079
2012-06-09,3.526408110485015,1.121926612751916,98.5,20.3,18.6,19.2,0.9452423026426272
2012-06-10,4.667295107860975,0.7479510751679441,91.9,24.3,18.0,20.0,1.5029469474817354
2012-06-11,4.7677522520149065,1.9446727954366547,87.5,27.0,16.2,20.0,2.1627846895111644
2012-06-12,6.6209085518210244,1.645492365369477,83.8,26.6,15.7,20.9,2.368740417806923
2012-06-13,6.395204547450114,0.8227461826847385,87.3,27.6,18.2,22.1,2.132400831655963
2012-06-14,6.589527341245109,1.121926612751916,84.5,28.2,18.0,22.6,2.343061549343522
2012-06-15,6.712571563626321,1.1967217202687106,83.2,27.6,17.2,21.7,2.4247706539249756
2012-06-16,6.566557482876352,1.7202874728862712,75.2,28.9,16.0,22.7,2.7630695660380735
2012-06-17,5.331125138006341,1.4211070428190937,84.0,25.7,16.9,21.2,1.9249828202664516
2012-06-18,6.182385097695002,1.4211070428190937,76.9,29.6,17.1,22.9,2.6334231402308195
2012-06-19,4.703614039421547,1.8698776879198602,69.3,29.5,21.3,24.4,2.7716401920861036
2012-06-20,2.411280995049323,0.7479510751679441,94.5,22.8,19.5,21.1,0.735362134797492
2012-06-21,4.53565714643808,1.5706972578526825,93.5,25.6,20.8,22.0,1.6386623544723304
2012-06-22,3.0606856485572553,1.5706972578526825,92.7,25.3,19.2,21.6,1.1796630067321898
2012-06-23,5.516573057435741,1.795082580403066,80.8,24.8,18.8,21.0,2.2527040025476497
2012-06-24,6.050130524158838,0.7479510751679441,88.4,25.8,16.2,19.9,1.9524145309694405
2012-06-25,5.620286469162529,1.9446727954366547,85.9,25.1,15.6,20.1,2.0474164501797714
2012-06-26,3.7885991498743836,0.8227461826847385,91.2,24.1,18.6,20.2,1.2962757462585428
2012-06-27,6.550184921961612,0.9723363977183274,84.2,26.3,14.8,19.9,2.2181229965289915
2012-06-28,6.027617391201324,1.3463119353022994,81.0,28.8,16.2,21.8,2.4199248827121274
2012-06-29,6.691664043137759,1.7202874728862712,78.4,28.7,16.8,22.3,2.7909754924091876
2012-06-30,6.300568670112701,1.645492365369477,72.2,30.5,17.2,22.7,3.086723519456342
2012-07-01,6.645710737392962,1.3463119353022994,76.8,29.8,16.6,22.7,2.723336944253093
2012-07-02,6.754807019141019,1.5706972578526825,75.8,30.2,17.2,23.2,2.9424032661627333
2012-07-03,6.6162252459808535,1.7202874728862712,70.9,30.0,17.5,23.4,3.1032980814120785
2012-07-04,6.461698742095973,2.3186483330206267,64.5,28.5,16.9,23.1,3.426487609594873
2012-07-05,6.033948431933264,1.7202874728862712,66.3,29.2,20.0,23.5,3.142931381842325
2012-07-06,6.783273903198941,2.393443440537421,70.2,28.9,16.6,23.0,3.3099552122440956
2012-07-07,6.401947215877861,2.1690581179870376,71.2,28.6,19.8,22.7,3.3274894972227225
2012-07-08,3.4479356698891883,2.019467902953449,93.7,21.1,17.1,18.6,1.1487526377661808
2012-07-09,4.332137043132852,0.5235657526175608,92.5,21.7,16.0,17.7,1.2900143942471611
2012-07-10,6.587979121374409,1.645492365369477,81.8,24.9,11.9,17.0,2.5714281340800613
2012-07-11,6.3275337449680045,2.094263010470243,63.6,29.5,14.6,22.0,3.43326500052754
2012-07-12,4.997604960557451,1.3463119353022994,89.5,26.3,16.9,19.9,1.9307913658281906
2012-07-13,4.011228878656684,1.795082580403066,80.7,22.3,18.8,20.2,1.692913471460431
2012-07-14,5.260116327892592,0.9723363977183274,85.2,24.2,15.8,19.3,1.7713268417953907
2012-07-15,3.2777756281452253,0.9723363977183274,85.8,21.2,17.4,19.0,1.1449356006313656
2012-07-16,2.489770375468373,0.6731559676511497,95.6,18.9,16.9,17.5,0.713197026788598
2012-07-17,5.338042811845475,1.1967217202687106,85.1,24.8,16.6,19.9,1.9129101604605443
2012-07-18,3.0339655379609276,1.5706972578526825,84.3,23.1,18.8,20.4,1.3526131576520197
2012-07-19,4.81650662109732,0.897541290201533,87.3,22.0,12.9,16.7,1.53084712869511
2012-07-20,7.169348373726744,1.4959021503358882,81.6,26.0,12.1,17.9,2.678774290150642
2012-07-21,7.1950953604965004,1.4211070428190937,79.8,30.5,12.5,19.7,3.1251027656370343
2012-07-22,7.0534651180023715,1.4211070428190937,69.7,31.7,15.2,22.3,3.342860398059294
2012-07-23,6.80323728049907,1.8698776879198602,78.2,26.2,17.7,21.7,2.641213233522885
2012-07-24,6.748421561288615,1.5706972578526825,72.0,31.0,16.6,23.4,3.1571697232634595
2012-07-25,6.646333155302272,2.692623870604599,65.7,30.3,22.7,24.4,4.276413443353626
2012-07-26,7.466875447052355,1.4959021503358882,77.1,31.8,16.5,22.9,3.3293951754552813
2012-07-27,7.463250803404018,2.8422140856381874,69.3,28.1,18.6,23.3,3.669386580355742
2012-07-28,7.347705843970607,1.4959021503358882,85.4,28.5,16.3,21.1,2.7411597557886895
2012-07-29,7.749946202470412,1.795082580403066,75.1,30.3,16.9,22.7,3.4345364035042834
2012-07-30,5.126579657705216,1.7202874728862712,82.0,26.4,16.5,21.5,2.0272145353754576
2012-07-31,6.0217804213463335,1.3463119353022994,89.8,26.4,18.7,21.7,2.056486026501212
2012-08-01,7.204664152276996,0.897541290201533,83.3,27.8,16.3,21.4,2.435555174039874
2012-08-02,8.205127440621824,1.4211070428190937,79.8,29.8,16.3,22.3,3.1444256868939027
2012-08-03,8.118577373040932,2.019467902953449,72.5,29.8,17.0,22.8,3.6242994596422315
2012-08-04,7.840966366442413,1.8698776879198602,64.4,31.2,18.2,23.9,3.9046064198470396
2012-08-05,4.986407940682875,1.9446727954366547,80.0,27.3,17.7,21.3,2.4203980809444325
2012-08-06,5.540201622851295,1.4211070428190937,86.6,23.1,17.9,19.5,1.929865369797524
2012-08-07,8.276348011225839,1.1967217202687106,82.1,25.7,12.5,17.9,2.798820198965791
2012-08-08,8.298131782903448,1.3463119353022994,80.5,27.3,13.8,19.5,2.989231046486428
2012-08-09,8.441554411674852,1.9446727954366547,75.7,27.5,15.7,20.7,3.432477097127457
2012-08-10,8.522151694443737,2.019467902953449,69.3,28.7,16.0,21.8,3.770477281572044
2012-08-11,8.49898154053985,2.019467902953449,67.1,29.0,14.7,21.7,3.8136760946573647
2012-08-12,8.59343347575974,2.1690581179870376,67.8,29.2,15.5,22.4,3.841946881081095
2012-08-13,8.782789993906984,1.5706972578526825,69.5,30.2,16.2,23.1,3.627487406663675
2012-08-14,6.705779104871823,1.1967217202687106,83.2,27.8,15.9,21.0,2.427032756559019
2012-08-15,7.471258617844256,0.897541290201533,89.2,27.6,15.5,20.4,2.4268843158877167
2012-08-16,7.9737086651828015,1.121926612751916,83.6,27.7,15.4,21.4,2.6498523354012273
2012-08-17,7.67316066615728,1.271516827785505,79.5,28.0,14.4,20.9,2.7599384549058996
2012-08-18,9.006417523937529,1.4959021503358882,77.8,28.0,15.1,21.2,3.2406383687565463
2012-08-19,8.75475748606998,1.1967217202687106,74.7,28.1,18.8,22.3,3.2454007847724045
2012-08-20,9.462100539851521,2.243853225503832,67.0,28.5,15.2,21.6,4.149915017399417
2012-08-21,8.644796070642542,1.7202874728862712,71.0,29.5,14.8,21.8,3.5975379873031663
2012-08-22,9.575979065793678,1.645492365369477,66.3,30.1,17.4,22.7,4.133309653127921
2012-08-23,8.994592497723566,1.645492365369477,72.5,29.4,14.2,21.8,3.5445022541044064
2012-08-24,9.27708723062893,1.4959021503358882,76.8,28.5,14.7,21.7,3.3053132120656152
2012-08-25,9.773764271995955,2.1690581179870376,65.4,30.6,16.2,22.5,4.584460663684189
2012-08-26,9.065862975635397,1.7202874728862712,79.8,28.0,16.4,21.0,3.3621959836018793
2012-08-27,8.225061314706748,2.019467902953449,86.0,25.4,15.7,20.2,2.701821884265944
2012-08-28,5.3509401541803765,1.3463119353022994,89.1,23.7,18.5,19.9,1.8464276736170844
2012-08-30,9.60931081360258,2.1690581179870376,85.9,25.1,15.0,19.2,3.1457191731347534
2012-08-31,9.790629100230536,1.0471315052351216,79.7,27.2,13.4,19.3,3.2532470494678134
2012-09-01,10.160019186991741,2.094263010470243,80.8,29.5,11.6,18.5,4.090546903007703
2012-09-02,10.122950842971454,1.5706972578526825,82.5,29.2,13.2,19.5,3.6891431162204804
2012-09-03,10.563213483697915,2.094263010470243,85.8,26.7,14.2,19.8,3.429586171251936
2012-09-04,3.5357892332267453,1.271516827785505,86.8,20.4,18.1,19.0,1.2280487916897205
2012-09-05,10.604873412874145,1.7202874728862712,76.4,28.7,14.3,20.3,3.9488787157492644
2012-09-06,10.300451746336012,2.1690581179870376,77.6,28.3,15.8,21.3,3.8701958735374595
2012-09-07,10.33165885191165,1.3463119353022994,86.5,27.5,15.8,20.8,3.297927282896436
2012-09-08,10.38060594830889,1.7202874728862712,68.4,35.0,16.4,24.9,4.795559007737521
2012-09-09,10.231525025060737,2.393443440537421,54.5,37.7,21.9,27.8,6.305919969518781
2012-09-10,10.329783018860619,1.8698776879198602,80.0,32.2,20.7,23.9,4.304403304243887
2012-09-11,9.688271017105295,2.019467902953449,80.1,31.2,17.0,23.7,3.7709146840505485
2012-09-12,5.368348483221587,1.8698776879198602,85.8,25.7,20.1,22.6,1.997708770512558
2012-09-13,5.483410480503788,2.393443440537421,85.5,25.5,20.7,22.4,2.2124995088866264
2012-09-14,5.293359807965473,1.3463119353022994,84.8,26.8,19.6,21.9,2.079871873627159
2012-09-15,11.43305892925699,1.4959021503358882,74.4,31.9,17.9,23.7,4.366551063075563
2012-09-16,11.576170202512369,2.6178287630878043,69.6,34.9,19.4,24.9,5.8071758191336285
2012-09-17,11.784937847350484,2.094263010470243,66.8,36.9,20.2,26.6,5.812419107074795
2012-09-18,11.178213537299563,2.243853225503832,57.3,34.8,20.5,27.9,5.50269618583651
2012-09-19,10.826907600587864,2.094263010470243,46.6,41.1,21.5,31.2,6.70079439659383
2012-09-20,3.2006047323198135,1.5706972578526825,80.7,30.5,21.5,23.9,2.014916986903742
2012-09-21,7.0325757439866345,1.8698776879198602,81.9,33.8,19.5,23.8,3.5913887503631563
2012-09-22,4.327075004335859,1.795082580403066,86.7,22.2,18.6,19.9,1.5933888795905846
2012-09-23,6.8176529883664685,0.9723363977183274,77.2,24.7,17.5,20.3,2.365357781277095
2012-09-24,10.874077148741696,2.3186483330206267,66.8,28.4,15.8,22.8,4.273959048878645
2012-09-25,9.952947385717154,2.7674189781213934,64.2,33.2,23.5,25.9,5.5644559592963585
2012-09-26,3.552705570042726,3.216189623222159,89.9,21.2,17.0,17.7,1.723752585457536
2012-09-27,7.936980740905958,1.8698776879198602,81.3,21.8,11.5,15.6,2.632305323498953
2012-09-28,10.395200057864967,1.645492365369477,76.7,24.2,12.2,17.4,3.4194830035589274
2012-09-29,9.718228837502409,1.4211070428190937,74.0,25.3,11.4,18.0,3.302003508291875
2012-09-30,12.681556013059724,1.645492365369477,65.0,27.3,14.2,20.3,4.558847898406155
2012-10-01,12.938652687594065,2.3186483330206267,65.5,31.3,13.5,22.1,5.3973338411869864
2012-10-02,12.389832209995872,1.645492365369477,75.3,33.9,15.8,22.9,5.048815864081194
2012-10-03,13.229727055263606,2.019467902953449,69.7,34.4,17.0,25.1,5.601242341882918
2012-10-04,13.313208821183116,2.094263010470243,76.3,33.8,17.4,23.9,5.405084894883426
2012-10-05,13.333737889217597,2.019467902953449,72.0,33.9,19.4,25.2,5.553085126463323
2012-10-06,11.874556776696284,1.9446727954366547,65.8,33.2,18.4,25.6,5.102819668911113
2012-10-07,13.49167839870479,2.3186483330206267,61.0,33.1,18.9,25.7,6.029385028119626
2012-10-08,13.415582400534321,2.094263010470243,66.1,33.3,18.6,25.2,5.717506885601621
2012-10-09,13.725137151089726,2.6178287630878043,57.6,33.5,19.6,26.5,6.422034007037283
2012-10-10,13.140818121441136,2.692623870604599,48.2,36.2,24.8,29.1,7.352571482799938
2012-10-11,13.101556636762595,2.7674189781213934,82.6,29.3,21.3,24.1,4.658352135029357
2012-10-12,6.033904846607366,2.1690581179870376,91.0,24.8,19.2,21.0,2.107554841745489
2012-10-13,4.285374899556674,1.645492365369477,93.6,22.7,19.0,20.2,1.386718008717856
2012-10-14,4.457318189810732,1.3463119353022994,87.8,22.4,18.5,19.6,1.5821963947413535
2012-10-15,12.178034426114944,1.121926612751916,78.6,27.2,14.0,20.1,3.836812892614026
2012-10-16,14.240427372377262,1.7202874728862712,73.9,30.7,15.3,22.4,5.037150730497567
2012-10-17,9.084498395536258,2.393443440537421,69.0,31.5,18.8,24.4,4.350848592091565
2012-10-18,14.335133849496277,2.8422140856381874,64.3,34.3,21.2,26.2,6.656890095402405
2012-10-19,4.542996010563369,1.8698776879198602,86.0,25.6,20.9,22.4,1.8801625306440564
2012-10-20,11.077593337082089,2.393443440537421,75.7,33.0,20.3,23.8,5.102937227107793
2012-10-21,13.473235987403996,2.019467902953449,70.5,36.1,20.3,27.0,5.792232946557204
2012-10-22,10.56686667784387,1.5706972578526825,77.7,34.4,21.0,26.2,4.271960016267308
2012-10-23,9.22254253920604,2.1690581179870376,73.2,31.8,24.3,27.0,4.1460281942598405
2012-10-24,12.290733427613473,2.6178287630878043,79.4,29.8,21.7,25.0,4.533751655090772
2012-10-25,12.56318169167363,1.5706972578526825,79.8,31.3,20.8,24.2,4.582506476755627
2012-10-26,13.50062651002437,2.3186483330206267,84.3,31.1,21.8,24.5,4.888433247530499
2012-10-27,14.950231326836915,1.795082580403066,79.5,36.4,22.4,26.3,5.987450151946066
2012-10-28,15.22990270096284,1.795082580403066,86.7,30.4,21.6,25.2,4.874450863882348
2012-10-29,15.134306517533526,2.393443440537421,80.5,31.9,22.5,26.1,5.413355925466956
2012-10-30,15.107937263976812,1.8698776879198602,78.3,35.0,21.8,27.0,5.70002595884818
2012-10-31,12.968996479150006,2.019467902953449,76.3,35.4,23.0,28.4,5.194598410800185
2012-11-01,9.24019029263217,2.6178287630878043,86.4,29.9,22.6,24.6,3.633718459892219
2012-11-02,3.4769796646035953,0.8227461826847385,93.7,23.4,20.2,21.1,1.1175041810345674
2012-11-03,5.8249113282485565,0.897541290201533,88.4,25.6,19.6,21.9,1.9084217090759272
2012-11-04,7.4921109339306655,1.3463119353022994,89.6,26.5,20.4,22.7,2.4339082877422102
2012-11-05,12.038123230795785,2.094263010470243,85.3,28.5,21.2,23.9,4.009300254843057
2012-11-06,13.270715251974936,2.3186483330206267,81.1,30.0,21.6,24.7,4.73101799858446
2012-11-07,11.313641274453225,1.271516827785505,76.0,33.3,21.7,25.9,4.3137732528847765
2012-11-08,12.063069157266655,1.4211070428190937,75.3,32.9,20.4,25.9,4.482788067655721
2012-11-09,7.122407439531729,1.4211070428190937,85.8,28.6,22.1,24.7,2.532746044215558
2012-11-10,5.55441873014443,1.4211070428190937,88.2,25.3,22.1,23.5,1.8614099922982812
2012-11-11,14.994255728065486,2.1690581179870376,68.3,33.8,22.5,27.9,5.925985035744677
2012-11-12,12.733681076193662,2.6178287630878043,71.9,30.2,26.1,26.8,5.314630992617894
2012-11-13,3.210703044435002,1.7202874728862712,98.0,23.5,22.2,21.9,1.0661016938454264
2012-11-14,5.678213118187228,1.795082580403066,91.2,23.3,18.9,20.2,1.8940746823888284
2012-11-15,6.885996516917501,1.1967217202687106,90.0,24.4,18.1,20.2,2.188998125613506
2012-11-16,4.495124850272268,1.5706972578526825,90.5,22.7,18.6,20.1,1.5147836156111876
2012-11-17,10.102064049866467,1.5706972578526825,84.6,25.9,16.9,20.9,3.192207371018189
2012-11-18,14.114577085233506,1.4959021503358882,81.7,28.1,17.3,22.0,4.481032606867928
2012-11-19,15.09717011934059,1.3463119353022994,72.3,31.5,18.5,24.6,5.2178955193932435
2012-11-20,9.329898336201023,1.4959021503358882,84.9,30.5,20.5,23.3,3.50290049940303
2012-11-21,8.405351793956639,1.795082580403066,87.3,27.8,19.5,22.8,2.9025363403314985
2012-11-22,15.12638648957807,1.795082580403066,83.6,28.5,19.2,23.3,4.7394271431498325
2012-11-23,16.472192737969415,2.1690581179870376,79.2,32.2,19.4,24.3,5.847612267705331
2012-11-24,12.444794015332006,2.1690581179870376,83.3,36.8,19.2,24.7,5.5142013681990125
2012-11-25,4.2586797804713274,1.0471315052351216,95.6,24.7,21.0,22.2,1.3219228642402103
2012-11-26,4.077283261213765,1.645492365369477,97.8,23.9,20.9,21.9,1.2100816509392616
2012-11-27,7.608486304762743,1.121926612751916,92.8,26.3,21.4,22.6,2.4216010299465784
2012-11-28,13.494935114865264,2.1690581179870376,83.4,30.0,19.8,23.8,4.624363797200383
2012-11-29,14.350162122930238,2.094263010470243,81.9,30.4,20.4,24.9,4.7983890111705145
2012-11-30,12.491685813959243,1.271516827785505,78.4,31.4,20.3,24.8,4.3833573757615865
2012-12-01,14.083747027378102,1.4959021503358882,76.8,32.0,20.5,25.3,4.977652414715123
2012-12-02,13.882766546217713,2.094263010470243,74.6,33.7,21.9,26.8,5.39364442322209
2012-12-03,13.962047208956925,1.4959021503358882,84.8,31.4,22.0,25.5,4.69705432494025
2012-12-04,16.080522085048667,1.8698776879198602,82.3,33.5,21.2,26.2,5.614635531000636
2012-12-05,16.893505750628645,1.9446727954366547,74.3,37.1,21.7,27.8,6.6849353578573
2012-12-06,16.5217942236208,2.1690581179870376,71.1,36.8,21.9,28.1,6.749953548775545
2012-12-07,16.289842016571786,1.795082580403066,62.0,39.0,22.2,30.8,6.840090377913919
2012-12-08,15.696531997309641,2.692623870604599,66.0,38.4,26.0,30.4,7.351524586446444
2012-12-09,4.817817123681748,1.8698776879198602,90.7,28.2,24.6,25.5,1.8697965914798813
2012-12-10,14.77018508224321,1.5706972578526825,84.0,34.6,22.7,26.2,5.404872126861035
2012-12-11,15.887619452269973,2.393443440537421,68.4,39.0,22.4,29.7,7.076968805349298
2012-12-12,15.473911857560134,2.3186483330206267,73.9,34.6,24.0,28.0,6.1358923402849666
2012-12-13,11.528696632793134,1.645492365369477,84.0,37.0,22.4,26.2,4.910550399429335
2012-12-14,10.009454177494959,1.4959021503358882,87.5,32.6,22.0,25.6,3.6650426264747344
2012-12-15,11.032477781649593,1.3463119353022994,85.7,33.5,22.2,26.7,3.943384428881054
2012-12-16,10.70971335941693,1.645492365369477,85.0,33.3,24.2,26.7,4.103701478278116
2012-12-17,7.9353474341766095,1.645492365369477,75.5,34.0,24.0,27.7,3.5930657827830275
2012-12-18,16.275221905870726,1.9446727954366547,71.2,34.3,23.4,28.3,6.125339674127105
2012-12-19,11.700146709637067,1.4211070428190937,84.5,35.4,23.0,26.6,4.5120446470088105
2012-12-20,16.804540988144364,1.795082580403066,72.5,35.7,23.4,29.0,6.304278438784536
2012-12-21,15.897836827890645,1.8698776879198602,70.5,36.0,22.8,29.0,6.136773627721643
2012-12-22,13.674850097451486,1.645492365369477,83.5,32.0,23.2,27.3,4.579585434534459
2012-12-23,12.042686308748808,1.9446727954366547,82.5,32.5,24.0,27.2,4.428635418896765
2012-12-24,16.34539850326204,1.4959021503358882,73.7,35.6,23.9,28.7,6.087229406856168
2012-12-25,16.922108389807295,1.795082580403066,64.8,39.5,23.0,30.4,7.122894371961329
2012-12-26,16.529306086223837,2.094263010470243,55.9,41.5,26.7,32.6,7.961329184433077
2012-12-27,13.784613198014915,1.9446727954366547,75.0,36.8,24.9,29.0,5.719160142391386
2012-12-28,15.576760080968363,2.1690581179870376,77.9,35.4,22.5,27.4,6.026302513838332
2012-12-29,16.18811584193378,2.1690581179870376,65.6,37.4,23.8,28.5,7.066945593314819
2012-12-30,13.039134317102747,1.795082580403066,80.1,35.2,22.2,26.6,5.1652955699211995
2012-12-31,15.09581152402721,1.7202874728862712,79.5,36.4,21.2,27.4,5.7137487080279135
2013-01-01,16.643356284852825,2.094263010470243,64.8,36.3,24.2,30.0,6.789536353181568
2013-01-02,9.038085422615588,2.393443440537421,82.8,31.4,23.5,26.8,3.5439996640774263
2013-01-03,2.7984372091867105,1.271516827785505,98.0,26.0,23.0,23.8,0.9248961146369415
2013-01-04,6.163014869239969,0.8227461826847385,94.3,28.3,23.1,24.3,2.0286160163098423
2013-01-05,16.396237304318888,1.5706972578526825,83.5,33.4,22.5,26.5,5.620949561086787
2013-01-06,15.777950503018303,1.4959021503358882,72.6,36.2,23.2,28.8,5.969993430266786
2013-01-07,12.455348465423754,1.9446727954366547,66.6,35.7,23.5,28.5,5.465126220875361
2013-01-08,15.264592493228202,2.4682385480542153,67.3,36.6,25.7,29.2,6.8611848675396505
2013-01-09,11.782304794404595,1.8698776879198602,79.3,33.9,22.4,27.2,4.56156354653618
2013-01-10,4.112759168294627,0.8227461826847385,96.8,26.1,23.6,23.8,1.32533487455467
2013-01-11,5.48729026095291,1.0471315052351216,90.7,25.0,20.7,22.0,1.7899103069607463
2013-01-12,11.537927420833158,1.1967217202687106,86.6,28.3,19.6,23.1,3.6478993122011247
2013-01-13,9.126654306356802,2.019467902953449,81.5,30.0,21.0,24.5,3.519374831796683
2013-01-14,10.029785037345047,1.1967217202687106,91.3,31.8,20.4,23.1,3.6005321627596865
2013-01-15,9.4393348616662,1.5706972578526825,86.9,30.9,20.1,23.8,3.470583826070544
2013-01-16,10.026940070486988,1.4959021503358882,89.5,31.4,21.4,24.5,3.585708599186799
2013-01-17,14.365109483617832,2.393443440537421,83.1,33.6,21.2,25.9,5.337296636480062
2013-01-18,15.536673673921218,2.094263010470243,85.4,30.6,21.8,25.3,5.071172145605558
2013-01-19,13.645116737481578,1.7202874728862712,84.5,30.4,22.9,25.5,4.60398048883144
2013-01-20,10.313581374773191,1.9446727954366547,89.0,29.5,21.3,24.0,3.550987048631502
2013-01-21,6.8139248603045,1.271516827785505,96.9,24.9,19.2,21.3,1.9759048594388178
2013-01-22,8.261309967901074,1.121926612751916,94.8,26.2,19.5,22.0,2.4657032097748917
2013-01-23,13.540478813858847,0.8227461826847385,80.1,31.3,21.0,25.0,4.479965047150915
2013-01-24,12.744976521412944,1.5706972578526825,77.7,32.8,20.5,25.9,4.6386802407217695
2013-01-25,11.025186119173016,1.9446727954366547,68.5,36.9,23.7,29.5,5.036358892866283
2013-01-26,8.134298145583715,2.019467902953449,88.9,31.8,23.2,26.4,3.082185240581113
2013-01-27,5.42599909706846,1.3463119353022994,90.6,26.2,21.9,23.6,1.7989509900452827
2013-01-28,5.4795918408845266,0.5235657526175608,90.1,26.5,21.9,23.1,1.7654828771145346
2013-01-29,5.51692687140127,0.6731559676511497,96.0,25.9,21.2,22.4,1.7075501768762356
2013-01-30,8.78718242889493,0.6731559676511497,85.9,28.9,20.4,24.0,2.8159749852256875
2013-01-31,8.959192212056134,0.897541290201533,87.1,30.8,21.4,25.1,3.0056518619778765
2013-02-01,14.163423236544501,1.3463119353022994,83.8,33.9,22.5,26.8,4.936110850556507
2013-02-02,13.296186215881923,1.4959021503358882,78.6,34.4,23.3,28.0,4.8840961687381625
2013-02-03,12.484467689788781,1.9446727954366547,72.3,34.2,24.5,27.7,5.22912382200306
2013-02-04,6.236575499650264,1.3463119353022994,92.8,29.7,22.6,23.9,2.3455319827098355
2013-02-05,4.468315796918817,0.8227461826847385,96.9,24.9,20.8,21.9,1.3755317851903095
2013-02-06,9.05850848058554,0.6731559676511497,87.5,28.9,19.5,23.3,2.870245042165863
2013-02-07,8.092923947668064,1.271516827785505,94.3,31.1,20.0,23.3,2.874913511867619
2013-02-08,14.085547689720624,1.8698776879198602,83.3,34.2,21.2,26.1,5.2022335870747005
2013-02-09,13.31760698070956,1.9446727954366547,84.4,33.5,22.4,26.6,4.815777164957456
2013-02-10,13.333509920542506,1.1967217202687106,84.7,34.3,22.2,27.0,4.635511947611327
2013-02-11,14.157384753239004,1.4211070428190937,76.2,36.4,23.6,28.4,5.447822592239713
2013-02-12,15.008681472729187,1.5706972578526825,69.0,37.0,23.9,29.5,6.015494825167526
2013-02-13,15.617185087851674,1.645492365369477,75.0,36.5,23.1,28.5,6.0158163145374575
2013-02-14,15.704302474459206,1.7202874728862712,74.0,37.0,23.9,29.2,6.185025297427063
2013-02-15,15.433456182884543,1.121926612751916,77.0,36.6,23.1,28.7,5.589637784824148
2013-02-16,12.917117141660619,1.271516827785505,75.3,37.0,24.2,29.7,4.996623822452789
2013-02-17,14.692924873689828,1.5706972578526825,72.2,38.0,24.8,29.6,5.996206537550547
2013-02-18,14.953180183190046,1.8698776879198602,69.3,37.6,23.9,29.7,6.2349618731846
2013-02-19,14.01603944558072,1.4959021503358882,80.5,34.5,23.7,28.4,5.009024975535588
2013-02-20,15.967214557681508,1.7202874728862712,74.0,35.8,23.9,29.0,6.061707493004534
2013-02-21,15.391698827876446,1.9446727954366547,67.0,35.7,22.1,28.6,6.205640042882693
2013-02-22,14.64411756877178,2.3186483330206267,66.4,36.1,24.6,29.3,6.376586594750993
2013-02-23,13.444285873635025,1.645492365369477,83.1,33.3,23.3,27.4,4.745342553827132
2013-02-24,15.19443207670613,1.5706972578526825,76.1,35.4,21.8,27.5,5.698452988930092
2013-02-25,14.582538989661126,1.8698776879198602,67.0,37.8,22.5,29.3,6.237731653808872
2013-02-26,12.255291267009369,1.8698776879198602,71.3,38.0,24.5,28.5,5.699381709078461
2013-02-27,11.06329179018742,1.645492365369477,87.9,31.6,21.6,25.1,3.8866302520146014
2013-02-28,4.782563215918789,1.121926612751916,93.5,27.2,22.6,23.9,1.63001293500735
2013-03-01,3.152364571243454,0.5983608601343553,95.6,23.8,21.4,22.4,0.9492022805117108
2013-03-02,6.802397005305596,0.8227461826847385,93.6,26.8,21.3,23.2,2.1097166374844196
2013-03-03,13.19623610130023,1.3463119353022994,83.0,33.7,21.2,26.3,4.663324478143852
2013-03-04,14.093880450979494,1.8698776879198602,76.7,35.9,21.5,27.1,5.610512743901321
2013-03-05,14.04494137588989,2.1690581179870376,72.8,36.8,21.9,28.1,5.91446945435746
2013-03-06,11.195607486600013,1.7202874728862712,83.5,35.6,22.0,26.7,4.486936280258323
2013-03-07,12.45722480471343,1.7202874728862712,84.5,32.8,23.8,27.3,4.408747412711113
2013-03-08,12.852676533047223,1.3463119353022994,83.1,34.7,23.0,27.7,4.60862756475087
2013-03-09,13.27837821205485,1.4959021503358882,84.5,35.9,23.6,28.0,4.930718611930189
2013-03-10,11.916610792708603,1.7202874728862712,74.8,36.7,23.6,28.1,5.097609910953536
2013-03-11,10.12642232989997,1.5706972578526825,84.1,32.7,23.6,27.2,3.7391780014630096
2013-03-12,13.212757161394775,1.4959021503358882,83.9,34.6,23.2,27.2,4.816840540894609
2013-03-13,12.079121741698167,1.8698776879198602,80.3,37.2,24.7,28.0,5.239298159871078
2013-03-14,5.080162613150591,0.9723363977183274,97.7,25.7,23.3,23.8,1.5421974070958966
2013-03-15,8.714164089059699,0.5983608601343553,88.2,30.7,21.2,24.6,2.8546573381540896
2013-03-16,12.34539701534084,1.1967217202687106,87.6,32.7,22.9,26.2,4.236506461162491
2013-03-17,8.18782275333296,1.795082580403066,90.3,31.1,23.6,25.7,3.0589543041407596
2013-03-18,5.047423814251769,2.8422140856381874,93.5,24.3,21.1,22.0,1.7595804092589593
2013-03-19,4.14890703485022,1.0471315052351216,95.3,23.3,19.8,20.9,1.2734129122817717
2013-03-20,7.1298769204673516,0.7479510751679441,89.9,27.2,19.2,22.3,2.2529307545821338
2013-03-21,5.9657169834439685,0.9723363977183274,89.7,28.8,20.4,24.3,1.9788910466991123
2013-03-22,12.905470506209834,1.8698776879198602,77.5,34.0,23.2,27.1,5.0381885490599645
2013-03-23,11.043879290999179,1.5706972578526825,88.3,30.8,22.7,25.2,3.815836443881199
2013-03-24,9.342355405938125,1.645492365369477,91.6,29.3,21.6,24.1,3.145774662933833
2013-03-25,7.430677436254495,1.4211070428190937,89.6,29.2,22.2,24.6,2.598864281667871
2013-03-26,6.8863998099882116,1.1967217202687106,91.5,29.7,22.5,24.4,2.4603367422235345
2013-03-29,8.791366313912139,1.121926612751916,88.7,27.8,20.5,22.9,2.8851054354400243
2013-03-30,7.08883288481218,0.8227461826847385,89.5,27.9,19.6,22.7,2.315106771154866
2013-03-31,11.125437180637572,1.5706972578526825,86.0,30.8,20.2,24.2,3.8807223979399397
2013-04-01,12.480008256637788,1.8698776879198602,82.5,32.3,20.4,25.3,4.515269786167109
2013-04-02,9.438520465130132,1.5706972578526825,85.1,32.6,21.1,25.8,3.5266271006130405
2013-04-03,5.805570489855089,0.897541290201533,93.6,27.7,20.6,23.3,1.8631130565499037
2013-04-04,10.057155426391542,1.4211070428190937,87.8,30.9,21.9,25.5,3.4362808214667333
2013-04-05,3.1527485712122374,1.645492365369477,86.6,26.7,24.0,25.4,1.3389292292807289
2013-04-06,11.456676567773027,1.5706972578526825,80.4,31.5,21.4,26.3,3.992725280137709
2013-04-07,8.660805021150168,1.1967217202687106,88.9,32.1,22.7,25.5,3.1608286283827587
2013-04-08,8.971315680748333,1.3463119353022994,86.7,30.5,22.3,24.6,3.269318126511905
2013-04-09,6.301450149238089,0.5983608601343553,92.1,28.4,19.6,22.7,2.0329724119029056
2013-04-10,4.982648293625494,0.4487706451007665,91.8,26.2,20.6,22.9,1.5393842089511913
2013-04-11,8.482758580096576,0.8227461826847385,86.6,29.7,21.2,24.3,2.8327896500066525
2013-04-12,10.795820325208126,1.9446727954366547,75.7,33.3,21.2,26.7,4.3435466580105
2013-04-13,5.524090952970664,2.019467902953449,80.2,31.8,25.1,26.7,2.8768073029895933
2013-04-14,4.474030001329751,2.243853225503832,96.7,23.2,20.6,21.1,1.4188763024838507
2013-04-15,8.406853865969829,1.0471315052351216,87.5,26.8,18.5,21.5,2.7187309861904443
2013-04-16,10.45604305706782,1.9446727954366547,80.9,30.4,18.1,22.5,4.08055877817814
2013-04-17,9.807324748378702,1.3463119353022994,81.8,27.2,16.6,21.5,3.257210274551539
2013-04-18,9.556118408288265,1.4211070428190937,84.5,27.8,15.7,21.1,3.1818878566956594
2013-04-19,9.256483585271845,1.3463119353022994,85.3,28.5,18.8,22.2,3.2058847643039035
2013-04-20,8.71871168676944,1.271516827785505,84.7,27.5,16.9,21.0,2.9747964595076035
2013-04-21,7.9664857830235505,1.4959021503358882,83.4,27.7,16.4,21.1,2.874101252948606
2013-04-22,8.340317413210636,1.0471315052351216,86.7,27.5,16.7,20.8,2.768716584795746
2013-04-23,7.032652852835588,0.897541290201533,85.4,27.5,16.3,20.8,2.3734271765809534
2013-04-25,8.585254910034314,0.9723363977183274,82.0,28.6,15.4,21.1,2.9252520620516
2013-04-26,9.227112128774559,1.4959021503358882,79.3,29.4,16.6,22.0,3.4496822141268613
2013-04-27,8.622561696812948,1.4959021503358882,81.9,29.2,16.3,21.7,3.18856648777654
2013-04-28,8.486844690068324,1.121926612751916,83.0,29.9,15.7,21.7,3.0437441559870364
2013-04-29,7.18776996627524,1.5706972578526825,80.7,29.3,16.5,22.1,2.8673760870394953
2013-04-30,8.517164141940007,2.094263010470243,71.8,31.8,18.4,24.1,3.9830338747051117
2013-05-01,8.359557886192675,1.271516827785505,87.9,28.6,17.1,22.0,2.7967766325025734
2013-05-02,7.939927755264014,1.271516827785505,87.5,30.6,17.4,22.3,2.9347894212258185
2013-05-03,8.732791265034503,1.3463119353022994,82.7,31.9,18.6,24.0,3.35077710446424
2013-05-04,8.330906119166041,1.7202874728862712,74.5,34.3,18.4,25.1,3.909611185319529
2013-05-05,8.049380635510671,1.7202874728862712,80.4,30.5,18.5,23.9,3.1753610326302737
2013-05-06,4.7726209462850395,1.4211070428190937,91.9,23.7,17.1,19.8,1.5625272634668455
2013-05-07,6.996491890009722,1.4959021503358882,84.7,28.3,14.7,20.0,2.711782115167364
2013-05-08,7.351788853469616,1.645492365369477,80.5,24.8,16.2,19.3,2.7294303041173134
2013-05-09,7.502929130897289,1.4211070428190937,79.8,27.3,12.7,19.0,2.851333172596364
2013-05-10,7.103402509310022,1.0471315052351216,83.4,28.3,14.6,20.0,2.583326465131601
2013-05-11,6.874212300068596,1.7202874728862712,78.8,28.3,15.0,20.4,2.9535049709274626
2013-05-12,7.092994026158071,2.019467902953449,73.6,29.6,14.8,21.7,3.3139879789565567
2013-05-13,6.735378666218841,1.4211070428190937,76.3,30.6,15.4,22.1,2.925382883913629
2013-05-14,7.027454290841455,1.7202874728862712,71.8,32.4,17.9,24.9,3.3192462198585733
2013-05-15,6.776987747699231,2.094263010470243,62.8,33.8,20.7,26.9,3.95964279870319
2013-05-16,5.804379432803631,2.3186483330206267,69.0,32.3,22.4,26.2,3.543105557959083
2013-05-17,2.9245867569744224,2.094263010470243,97.8,24.1,20.1,20.8,1.1094238454858967
2013-05-18,3.743284967214267,0.7479510751679441,98.0,23.0,18.1,19.6,1.120229721482393
2013-05-19,4.932929505939159,0.5983608601343553,89.7,26.5,17.3,20.5,1.6308876641445558
2013-05-20,6.6131244480967855,1.271516827785505,84.8,30.2,17.4,22.0,2.641350594904161
2013-05-21,6.004411189000118,1.4211070428190937,88.3,28.8,17.6,22.0,2.2737473537332695
2013-05-23,4.3385220736716406,0.7479510751679441,92.0,23.9,18.7,20.8,1.3456258357810658
2013-05-24,4.085979467717545,0.4487706451007665,93.9,23.6,18.1,19.7,1.2455810712800224
2013-05-25,5.977584749469489,0.897541290201533,87.3,26.7,16.8,20.5,2.0434339715168246
2013-05-26,5.939294625488615,0.897541290201533,84.8,27.2,15.0,20.0,2.101824138181495
2013-05-27,5.486826294206113,2.019467902953449,77.6,27.3,16.0,21.6,2.465738285128481
2013-05-29,4.405104838328858,1.645492365369477,78.9,27.0,18.9,22.7,1.990584678107004
2013-05-30,4.48739795803882,1.9446727954366547,75.1,28.0,20.5,23.5,2.3826217121299145
2013-05-31,2.815221429792829,0.7479510751679441,96.0,22.2,18.9,19.8,0.8785996473561251
2013-06-01,6.589459777472997,1.5706972578526825,83.7,27.9,15.9,21.5,2.4670086734654437
2013-06-02,6.3875688778776425,2.243853225503832,76.4,31.1,20.8,23.9,3.4201983529888187
2013-06-03,2.446150026042364,0.9723363977183274,95.0,22.3,20.2,20.8,0.8015624813215045
2013-06-04,4.3382460697354706,1.0471315052351216,93.9,23.7,16.9,19.3,1.3996558452071381
2013-06-05,6.304391008928049,1.3463119353022994,85.8,28.6,15.3,20.5,2.4800391082819235
2013-06-06,6.056848911612462,1.7202874728862712,81.3,29.9,15.4,22.1,2.642443384999034
2013-06-07,6.389501586499472,1.4211070428190937,85.5,30.2,17.4,22.3,2.596058686433
2013-06-08,6.177391276150296,1.121926612751916,88.0,29.0,18.2,22.3,2.253563393864024
2013-06-09,5.674194219427772,0.6731559676511497,86.6,28.4,19.1,22.1,1.9872570040153057
2013-06-10,6.036964110017216,1.4211070428190937,81.1,29.0,16.3,21.5,2.5420307264469266
2013-06-11,5.918558351427002,1.645492365369477,76.6,30.9,16.7,22.9,2.8333562161732595
2013-06-12,5.962621334266755,1.3463119353022994,86.9,30.7,16.7,21.9,2.484304681124422
2013-06-13,4.551694753431484,1.0471315052351216,89.6,26.6,18.7,22.1,1.576815704936742
2013-06-14,5.836201240723762,1.0471315052351216,87.4,29.7,19.0,22.4,2.2465552715645987
2013-06-15,3.984000198335445,0.7479510751679441,93.6,23.4,19.3,20.6,1.2506296769573109
2013-06-16,5.305353515182868,1.271516827785505,85.8,28.1,17.4,21.1,2.154931196125286
2013-06-17,3.9422547540052744,2.3186483330206267,72.3,29.3,18.6,23.7,2.571560495966716
2013-06-18,5.202104815215204,0.8227461826847385,86.2,26.5,19.1,21.6,1.8276645645135623
2013-06-19,6.0805933845105855,1.0471315052351216,85.0,28.7,15.4,21.2,2.237375783584106
2013-06-20,5.594034938754714,1.5706972578526825,88.4,27.4,16.0,20.9,2.078139536339747
2013-06-21,5.533144559356304,1.645492365369477,79.8,29.1,17.7,23.1,2.424786839896279
2013-06-22,3.5814159583824106,2.4682385480542153,71.4,27.5,22.3,24.2,2.552197954703591
2013-06-23,2.9999304191855285,0.9723363977183274,84.3,23.5,19.2,20.3,1.2341180151582776
2013-06-26,5.515006468537262,1.8698776879198602,73.2,30.3,20.9,23.4,3.091286863266088
2013-06-27,5.683070626209037,1.4211070428190937,84.9,29.0,17.2,22.2,2.2640464541147542
2013-06-28,4.385902117089364,0.7479510751679441,91.1,27.4,19.5,22.2,1.5287714709886322
2013-06-29,5.9614888845800245,1.5706972578526825,77.8,32.0,18.2,24.5,2.771291045574874
2013-06-30,3.500541199308292,1.795082580403066,84.1,26.5,20.1,23.5,1.5052214545791625
2013-07-01,3.9523701601174848,1.271516827785505,93.5,26.8,21.2,22.2,1.5508241581422557
2013-07-02,3.2522756266475064,1.7202874728862712,98.0,20.2,18.4,18.8,0.9148462233395315
2013-07-03,4.366152441634831,0.7479510751679441,90.2,23.3,16.6,18.9,1.4120446851996125
2013-07-04,6.065799247223026,1.3463119353022994,84.3,26.0,13.0,18.8,2.226068849109671
2013-07-05,6.247086565068213,1.645492365369477,79.4,27.2,13.4,19.3,2.6414487472484285
2013-07-06,6.056526699225241,1.8698776879198602,75.8,27.6,13.7,20.0,2.7962615719887762
2013-07-07,6.104928631883625,2.019467902953449,68.0,30.8,15.2,21.9,3.4862512971146713
2013-07-08,5.300618044956473,1.8698776879198602,79.2,27.4,14.1,20.1,2.4139687370373446
2013-07-09,2.3360757819564144,0.7479510751679441,97.0,19.9,18.4,18.8,0.6644980299949772
2013-07-10,5.637910266784294,0.6731559676511497,88.0,24.8,13.1,18.1,1.767622817446833
2013-07-11,6.062203763653874,1.121926612751916,83.6,26.2,13.0,18.3,2.230410010726757
2013-07-12,6.272488818935958,1.7202874728862712,79.9,27.5,12.0,19.0,2.6512433802219033
2013-07-13,6.1889482478674855,1.8698776879198602,65.8,30.2,17.3,23.5,3.2419705586268943
2013-07-14,6.349543833744153,1.645492365369477,69.1,31.3,20.9,24.8,3.2183292812873243
2013-07-15,6.74122767812317,2.3186483330206267,82.1,30.5,17.8,22.4,3.2705155379310713
2013-07-16,4.764604967730496,1.645492365369477,91.8,23.3,18.2,19.8,1.6404775006478447
2013-07-17,6.898948080283345,0.9723363977183274,85.3,29.4,16.8,21.3,2.5269935439495805
2013-07-18,6.768065082610118,1.7202874728862712,75.3,31.1,16.0,23.1,3.1248101501365713
2013-07-19,6.665086232431122,2.6178287630878043,74.7,30.0,17.7,23.7,3.2964989734570214
2013-07-20,6.949367209070589,1.4959021503358882,81.3,31.0,18.4,23.7,2.887371726702228
2013-07-21,6.617048261047422,1.9446727954366547,68.3,30.5,21.8,25.9,3.2912451860780507
2013-07-22,6.92962485528288,1.9446727954366547,90.8,29.9,19.1,22.3,2.8339498346486676
2013-07-23,3.008130182103405,3.0665994081885706,92.0,19.9,18.5,18.5,1.2534127367321752
2013-07-24,2.5946716906029645,1.795082580403066,89.6,17.0,13.8,14.0,1.097832001886623
2013-07-25,2.7529066328439655,0.6731559676511497,98.0,16.4,12.8,14.5,0.6741901324376461
2013-07-26,7.392373882218124,1.9446727954366547,80.7,23.8,11.0,17.2,2.575217947824835
2013-07-27,6.658166577292075,1.5706972578526825,85.2,24.0,14.4,18.3,2.299691718503439
2013-07-28,7.069658094390039,1.121926612751916,86.0,24.7,11.3,16.9,2.316729337512303
2013-07-29,6.938117431427105,1.121926612751916,84.8,24.0,14.1,18.1,2.2530558171790442
2013-07-30,7.55882871961157,1.121926612751916,86.2,24.8,11.8,17.3,2.416631919033678
2013-07-31,7.690545523544516,1.5706972578526825,81.6,28.9,13.2,19.1,3.15062232159902
2013-08-01,7.714825338776311,2.3186483330206267,71.2,31.3,14.4,21.8,4.006077105067346
2013-08-02,7.735231901283669,2.019467902953449,70.0,32.1,16.1,22.4,4.020288451148242
2013-08-03,7.615364416981635,1.7202874728862712,64.8,32.8,14.9,23.3,3.9096822179405897
2013-08-04,7.704901316105713,1.645492365369477,67.4,34.0,15.4,23.1,4.036268646054447
2013-08-05,4.80276481584855,1.5706972578526825,89.4,25.0,16.9,20.5,1.6963598966771705
2013-08-06,7.843179420618588,2.243853225503832,79.4,31.3,16.8,22.3,3.692679950117187
2013-08-07,5.388520092931587,1.0471315052351216,88.8,26.9,16.4,20.0,1.9588454006759142
2013-08-08,8.229584082004079,2.243853225503832,71.9,30.0,15.5,22.9,3.6935859706504623
2013-08-09,7.417831172764487,1.8698776879198602,57.4,31.2,21.6,25.3,4.06769271197016
2013-08-10,8.415321591874866,1.9446727954366547,72.9,31.6,17.8,23.2,3.9118240433777185
2013-08-11,3.5453196607116073,2.243853225503832,81.8,22.7,16.2,18.9,1.7304856746000015
2013-08-12,6.682775025681087,1.0471315052351216,82.0,27.3,15.8,19.8,2.469709816339563
2013-08-13,8.375258786646159,1.121926612751916,79.5,32.7,15.2,22.9,3.2869975007141528
2013-08-14,5.584303123068077,2.9170091931549815,78.3,25.8,19.0,21.7,2.776281437547973
2013-08-15,5.551929573731648,2.393443440537421,76.5,22.4,15.0,16.8,2.6724120379283822
2013-08-16,7.197736231673007,1.3463119353022994,78.5,24.7,10.9,17.2,2.5443734214993117
2013-08-17,4.981198921249708,1.271516827785505,85.0,24.2,15.8,19.2,1.798485014942406
2013-08-18,4.545019212743981,1.645492365369477,88.9,22.1,16.4,18.4,1.5959276522865218
2013-08-19,7.763952409655545,0.9723363977183274,78.7,27.2,13.5,19.8,2.66348056354901
2013-08-20,7.609663845296031,1.3463119353022994,78.8,27.1,15.4,20.5,2.793628639476207
2013-08-21,7.892862197991445,1.645492365369477,77.7,29.2,14.5,21.1,3.203215501504949
2013-08-22,9.327852206667043,2.4682385480542153,63.9,31.8,18.7,25.0,4.6029331592549685
2013-08-23,9.375593039711728,2.094263010470243,61.8,34.2,20.2,26.3,4.864398158430853
2013-08-24,9.152119510334817,1.3463119353022994,83.6,28.7,19.7,22.5,3.2846857004434344
2013-08-25,9.929194891040687,1.8698776879198602,80.5,33.0,17.1,22.9,4.236582486464052
2013-08-26,7.0068844050703225,1.9446727954366547,88.9,26.5,17.0,20.5,2.5401429652464933
2013-08-27,2.958250363613823,1.645492365369477,95.8,19.8,18.0,18.0,0.9644919461728191
2013-08-28,8.64264672805357,2.393443440537421,81.3,23.0,14.5,17.6,3.074039192362293
2013-08-29,9.998263441278173,1.5706972578526825,78.9,26.5,10.2,17.4,3.478370265334823
2013-08-30,10.190911959015008,1.5706972578526825,76.4,29.4,12.5,20.4,3.804744944188619
2013-08-31,10.224425609102301,2.094263010470243,71.3,28.8,13.2,20.8,4.111478413900503
2013-09-01,9.371303824515842,1.9446727954366547,62.2,32.2,15.3,23.1,4.557776853016341
2013-09-02,10.241596430206453,1.645492365369477,69.9,34.3,15.7,24.0,4.614862204879408
2013-09-03,10.155491895095555,2.692623870604599,63.8,32.6,18.2,24.7,5.245826952436888
2013-09-04,2.5905331954441975,0.897541290201533,98.3,20.4,17.9,18.9,0.7023339086325527
2013-09-05,5.109738400601588,0.897541290201533,90.7,24.2,17.8,19.8,1.671900816063472
2013-09-06,6.308769784106261,1.0471315052351216,80.8,26.1,17.3,20.6,2.2721670676736023
2013-09-07,10.296025353363948,1.4959021503358882,75.0,27.7,14.7,20.9,3.602628928291605
2013-09-08,11.015153818575191,1.795082580403066,71.4,30.8,15.1,22.3,4.408403012388368
2013-09-09,11.291991307058598,2.019467902953449,72.8,31.8,16.6,22.6,4.745393826000265
2013-09-10,11.209514203856001,1.3463119353022994,86.5,29.9,15.0,20.9,3.784553347773579
2013-09-12,11.456378161108903,2.3186483330206267,65.5,29.9,17.4,23.4,4.828174044931818
2013-09-13,11.365664039335329,2.3186483330206267,62.4,32.6,17.1,24.5,5.262867822098015
2013-09-14,11.477999892395552,2.243853225503832,59.4,34.0,18.0,25.9,5.529481728115919
2013-09-15,11.10938501940274,1.9446727954366547,56.4,36.0,18.7,27.1,5.592608474264435
2013-09-16,11.12840532171898,2.4682385480542153,55.0,36.2,21.0,27.8,6.215755431465167
2013-09-17,6.758516945085019,1.5706972578526825,81.5,31.5,20.5,24.3,2.9631639242595385
2013-09-18,5.89105297685944,2.54303365557101,87.0,24.3,21.2,21.9,2.2577177442315683
2013-09-19,8.23107353256066,1.4959021503358882,89.3,29.5,19.4,22.1,3.054931323393858
2013-09-20,11.096802441859882,2.019467902953449,80.5,33.7,21.4,25.1,4.738295797778126
2013-09-21,11.952477048809218,2.692623870604599,60.1,36.3,20.4,28.5,6.2124373414285605
2013-09-22,10.642570171212938,2.243853225503832,72.3,30.8,21.7,26.0,4.387110622677804
2013-09-23,7.625178151159363,2.243853225503832,83.6,30.9,20.8,23.7,3.4325311321728442
2013-09-24,5.216516791794652,1.5706972578526825,88.2,26.6,21.1,22.0,2.1089432309456972
2013-09-25,8.609041287689694,3.216189623222159,77.9,23.6,16.7,19.1,3.4384385105471216
2013-09-26,10.050174687419233,2.4682385480542153,72.6,23.7,11.8,17.9,3.550586206241957
2013-09-27,10.79652317425483,1.645492365369477,73.3,24.8,12.4,18.5,3.5701268749488024
2013-09-28,11.81302776815308,1.4959021503358882,71.8,27.6,13.7,20.5,4.050078551221595
2013-09-29,5.106017690479721,1.7202874728862712,85.3,24.6,18.4,20.8,1.93138122562559
2013-10-01,11.342777510759117,2.692623870604599,66.1,32.0,22.6,25.9,5.36835775709053
2013-10-02,4.6650648522987215,0.8227461826847385,91.5,25.6,20.7,22.1,1.5519843949660426
2013-10-03,7.880028210385896,1.4211070428190937,87.2,27.8,20.5,23.1,2.7246573561036156
2013-10-04,4.2719609242353975,1.4959021503358882,91.5,25.4,20.7,22.7,1.4585846941382274
2013-10-05,7.763375500472076,2.8422140856381874,77.6,25.5,20.4,22.3,3.2299598679486317
2013-10-06,11.965905264601263,1.7202874728862712,73.4,26.0,14.1,20.3,3.932428304609825
2013-10-07,4.42841835269646,1.0471315052351216,90.6,20.8,16.8,18.2,1.3756507038071466
2013-10-08,8.349474277051238,0.897541290201533,86.5,24.0,16.3,19.0,2.5671892409408397
2013-10-09,11.39843889693452,1.1967217202687106,76.1,26.8,14.3,20.3,3.68395234746135
2013-10-10,12.363460960423783,1.3463119353022994,72.4,27.7,14.1,21.2,4.066442776285679
2013-10-11,13.49004677725402,1.7202874728862712,69.0,30.0,14.0,21.9,4.916030843541196
2013-10-12,12.766388328694877,2.094263010470243,68.1,30.3,15.0,22.9,4.930827872735964
2013-10-13,13.778005792754616,2.243853225503832,62.0,32.1,17.0,24.6,5.795723177025043
2013-10-15,6.2482394715146485,2.019467902953449,81.6,26.0,21.1,23.7,2.332719958543545
2013-10-16,4.38197968392183,0.5983608601343553,94.8,23.8,20.8,21.8,1.3128494202085095
2013-10-17,6.712117598114717,1.1967217202687106,92.5,28.6,20.6,22.4,2.406928893610215
2013-10-18,10.4717860988033,1.5706972578526825,89.3,27.6,18.2,22.2,3.2731861097218555
2013-10-19,13.174061198419794,2.1690581179870376,82.6,27.1,18.4,22.6,4.1250993595566765
2013-10-20,14.473118702938493,1.795082580403066,81.0,33.2,19.7,24.8,5.273543672372662
2013-10-21,14.870996379735633,1.4211070428190937,72.5,38.6,20.6,28.1,6.017991859224055
2013-10-22,11.575856287631344,2.54303365557101,78.3,30.4,22.1,25.6,4.43379549229555
2013-10-23,13.572584099520284,1.121926612751916,82.4,32.1,21.0,25.2,4.600471505355957
2013-10-24,14.678048759861369,2.094263010470243,72.6,35.9,21.1,27.0,6.103880143731014
2013-10-25,3.8385336336339075,1.8698776879198602,93.5,25.1,21.7,23.5,1.2044778086526193
2013-10-26,10.935118317339603,1.5706972578526825,84.3,30.0,21.1,24.5,3.7801427508722845
2013-10-27,10.345256193603529,3.3657798382557482,68.5,35.5,21.6,26.0,6.063715726336483
2013-10-28,10.95652678060149,3.0665994081885706,71.2,26.5,21.7,22.9,4.634697171756001
2013-10-29,6.721002415548139,1.0471315052351216,75.5,23.7,14.4,20.0,2.168509651188713
2013-10-30,7.50392341607615,1.271516827785505,74.9,25.8,18.1,21.3,2.7494526485238406
2013-10-31,3.820109669755738,1.0471315052351216,87.4,23.1,19.5,20.7,1.346472072790403
2013-11-01,6.233110346268849,1.3463119353022994,76.8,24.4,19.0,21.5,2.2878827963543906
2013-11-02,14.639674084861081,1.5706972578526825,68.8,30.3,17.2,23.5,5.1623214550668
2013-11-03,15.25967807219601,2.094263010470243,61.6,33.8,17.7,25.1,6.345829426487157
2013-11-04,13.083920429047888,3.290984730738954,67.4,31.7,19.6,24.7,5.902995925338547
2013-11-05,5.874776138159813,1.7202874728862712,86.9,24.4,20.6,21.4,2.145048147073918
2013-11-06,4.1389512205770975,1.3463119353022994,96.9,20.9,18.1,19.2,1.1338637037753163
2013-11-07,5.034496741842672,0.8227461826847385,96.9,21.9,18.9,19.9,1.4205524929546192
2013-11-08,9.090788449114264,1.0471315052351216,87.8,26.0,19.4,21.7,2.8496461075486725
2013-11-09,15.316401511970218,1.8698776879198602,83.5,30.0,19.4,23.3,5.077196106690886
2013-11-10,15.098316107408106,2.094263010470243,82.0,32.9,19.6,24.8,5.424081834439185
2013-11-11,16.595972064711958,1.5706972578526825,73.8,36.7,21.1,28.3,6.215188099668889
2013-11-12,14.345525052817152,2.3186483330206267,57.3,39.1,25.7,31.9,6.9670999874892665
2013-11-13,11.503101887391622,2.3186483330206267,73.8,28.5,20.8,24.3,4.41626817405453
2013-11-14,15.234562228122481,1.7202874728862712,73.7,28.0,17.5,22.7,4.992600378143458
2013-11-15,16.13001770808826,1.795082580403066,69.3,31.5,17.4,24.5,5.67636385382486
2013-11-16,14.706104987729159,2.8422140856381874,62.2,35.9,21.8,27.9,6.922789472933075
2013-11-17,3.5836267140387648,1.271516827785505,93.5,25.7,21.9,21.8,1.4577366154189795
2013-11-18,12.278246960471833,1.3463119353022994,83.8,28.4,17.5,22.1,3.947950880674405
2013-11-19,16.449301199577892,1.8698776879198602,79.6,34.4,19.2,25.1,6.021302373819804
2013-11-20,16.8037749925669,2.019467902953449,71.0,35.5,20.8,27.6,6.530172354026979
2013-11-21,16.696137082098485,1.8698776879198602,66.3,37.4,20.6,28.7,6.7884971852774
2013-11-22,6.9162373538362045,1.5706972578526825,93.3,27.7,23.1,23.6,2.4428690694722546
2013-11-23,4.757207289628095,0.7479510751679441,97.1,23.4,20.4,21.7,1.3477747128919288
2013-11-24,4.266434169378519,0.7479510751679441,96.8,24.6,21.1,22.2,1.2925064370936428
2013-11-25,5.814215163423935,0.8227461826847385,96.4,25.6,21.4,22.7,1.754361448518159
2013-11-26,6.479998431501023,0.5983608601343553,96.4,26.4,20.4,22.1,1.9819781389970739
2013-11-27,14.838666058125717,1.1967217202687106,85.1,31.6,21.0,24.9,4.890879985383739
2013-11-28,16.92754900109293,2.6178287630878043,66.9,33.9,23.2,28.0,6.771235157053038
2013-11-29,16.722452537163285,2.393443440537421,75.4,32.7,23.4,27.0,6.130452546662813
2013-11-30,8.5788815947417,1.4959021503358882,92.0,28.4,22.4,24.5,2.7885628088915566
2013-12-02,8.578655523270566,0.897541290201533,88.3,31.1,23.3,25.8,2.9436650717384825
2013-12-03,14.1329980650169,2.3186483330206267,75.8,33.1,24.1,26.9,5.583487855276867
2013-12-05,15.294074820854927,2.019467902953449,68.8,38.3,22.8,29.9,6.465665005421972
2013-12-06,13.250572585102535,2.6178287630878043,82.2,29.3,20.7,24.5,4.530567362817967
2013-12-07,10.157429581087275,1.271516827785505,85.3,29.7,21.2,24.8,3.404441402469385
2013-12-08,14.142537835459045,1.4211070428190937,82.6,32.1,23.0,26.3,4.840059906829757
2013-12-09,17.11384990356301,1.645492365369477,75.4,35.1,22.4,28.3,6.162555648720035
2013-12-10,11.477798139744971,1.8698776879198602,77.9,35.6,23.8,27.9,4.833869935182237
2013-12-11,4.616876670025541,1.8698776879198602,97.2,25.3,21.8,23.5,1.303146066064604
2013-12-12,4.941285227190296,1.9446727954366547,97.5,23.9,20.6,21.9,1.389164534844138
2013-12-13,7.966610609743952,1.0471315052351216,90.5,25.9,20.2,22.4,2.46861826253876
2013-12-14,9.665274712146541,1.0471315052351216,81.9,28.6,20.0,24.1,3.1740207906893354
2013-12-16,10.503916222384744,1.645492365369477,84.4,27.4,18.9,23.2,3.3106651555242017
2013-12-17,4.111705815865785,0.8227461826847385,91.7,24.1,20.4,22.2,1.2735962590612875
2013-12-18,13.097239181517656,1.9446727954366547,83.2,28.1,19.3,23.6,4.131686328798443
2013-12-19,11.104460115957881,1.8698776879198602,88.9,28.4,20.7,23.6,3.6021258232424955
2013-12-20,14.202476670585273,1.4959021503358882,87.6,28.8,21.6,24.4,4.434770905977996
2013-12-21,9.275055652239608,1.271516827785505,89.2,28.7,21.9,24.2,3.0624559186235136
2013-12-22,7.00275509692496,0.9723363977183274,89.4,27.4,21.6,24.0,2.2636221747915273
2013-12-23,7.327562801335872,1.1967217202687106,88.0,28.4,21.9,24.4,2.4989900275943215
2013-12-24,10.89009782319518,1.271516827785505,89.4,29.3,22.0,24.7,3.5075754800568513
2013-12-25,12.057723913744892,1.645492365369477,85.8,30.3,22.0,25.5,3.9989049571652617
2013-12-26,17.37993976243129,2.094263010470243,83.4,30.8,21.6,25.9,5.539820540222114
2013-12-27,17.421965942582204,2.54303365557101,75.0,35.4,22.0,27.5,6.756817275593167
2013-12-28,15.953611695648942,2.094263010470243,74.0,36.0,23.2,28.6,6.2044682266245434
2013-12-29,14.583104686242077,1.271516827785505,79.6,36.3,22.9,28.2,5.340676305546152
2013-12-30,12.569398538803593,1.645492365369477,72.4,37.8,23.7,29.0,5.411446688462763
2013-12-31,16.395656508123544,1.9446727954366547,74.5,38.4,23.1,29.0,6.680120750395841
2014-01-01,16.1154858922544,1.9446727954366547,74.0,35.8,22.4,29.4,5.964006066368759
2014-01-02,15.998175263305885,1.645492365369477,76.5,36.4,22.4,28.8,5.914158782305215
2014-01-03,17.10156549063442,1.7202874728862712,62.6,39.3,26.4,32.1,7.116428295574597
2014-01-04,16.75800844585354,2.019467902953449,82.5,33.6,25.6,29.2,5.714564217017102
2014-01-05,15.759739154187208,2.019467902953449,80.7,32.9,24.7,27.8,5.570814514699415
2014-01-06,15.908379692333012,1.7202874728862712,78.2,34.0,21.0,27.1,5.608346548808131
2014-01-07,15.771809939975613,1.4211070428190937,70.9,33.6,22.1,27.2,5.716298530706844
2014-01-08,17.09853202367014,2.019467902953449,65.3,35.9,20.2,28.0,6.777454702848872
2014-01-09,16.827294780537454,2.019467902953449,62.0,36.0,23.2,29.4,6.822104614506211
2014-01-10,17.33606912342053,1.7202874728862712,68.3,36.4,22.5,29.1,6.670061530384935
2014-01-11,16.848846161312288,2.1690581179870376,67.3,37.9,23.4,30.1,7.030886824601922
2014-01-12,15.704874420079786,1.9446727954366547,76.3,36.2,23.6,28.6,6.102908765797139
2014-01-13,16.35996142959364,1.9446727954366547,77.1,37.7,23.4,28.7,6.527180633666969
2014-01-14,16.84253404264388,2.1690581179870376,72.2,38.6,22.5,29.0,7.07032536068201
2014-01-15,16.731583553240174,1.795082580403066,73.2,38.7,22.9,28.8,6.8364201434279455
2014-01-16,14.214411970883237,2.094263010470243,78.0,37.2,23.5,27.1,6.196418859441618
2014-01-17,11.271334226993893,1.8698776879198602,83.5,31.6,19.4,24.8,4.020418053306528
2014-01-18,14.360043174892064,1.795082580403066,80.6,30.7,21.7,25.3,4.8954503844915545
2014-01-19,17.090533174608517,2.094263010470243,80.5,31.3,21.3,25.8,5.697375119521586
2014-01-20,16.30455127111196,2.094263010470243,79.3,33.3,21.7,26.5,5.818458521128542
2014-01-21,16.42985534646261,1.9446727954366547,72.1,36.1,22.2,28.4,6.376326214047397
2014-01-22,14.242400394565994,1.8698776879198602,65.2,36.5,23.4,29.6,5.9557336478873335
2014-01-23,16.084262786906486,2.019467902953449,63.9,37.2,24.3,29.7,6.813880729150161
2014-01-24,16.14379950649205,2.4682385480542153,64.0,37.7,24.6,29.4,7.335715477919442
2014-01-25,16.68521751419954,2.692623870604599,67.5,36.9,23.0,28.4,7.285331642884648
2014-01-26,16.552710552492158,1.4959021503358882,78.4,35.2,21.9,27.8,5.867144478052642
2014-01-27,15.63561550743765,1.4959021503358882,74.9,37.4,22.9,29.0,5.9987262814740525
2014-01-28,15.69823923395585,1.4959021503358882,67.3,38.3,22.3,29.4,6.380617202626514
2014-01-29,16.27399971360012,2.094263010470243,57.6,38.5,21.7,29.5,7.439769325881743
2014-01-30,15.886064179340817,1.4211070428190937,63.4,37.8,20.3,28.9,6.3732415242196545
2014-01-31,16.031227421680043,2.094263010470243,59.9,39.0,22.0,29.8,7.363342960154937
2014-02-01,14.917653783846179,1.9446727954366547,57.1,39.3,22.1,30.3,6.926582742312246
2014-02-02,14.886369330951121,2.1690581179870376,60.6,39.4,23.6,30.7,7.019904765859015
2014-02-04,15.981667631362301,2.1690581179870376,61.3,39.1,23.0,30.6,7.256220054380956
2014-02-05,15.62137092036281,1.5706972578526825,58.5,38.9,23.5,30.5,6.777465084036859
2014-02-06,15.923323857941288,2.1690581179870376,57.6,38.3,22.4,30.2,7.32662695991937
2014-02-07,15.838387170845904,1.9446727954366547,60.2,38.9,23.8,30.6,7.098059952237619
2014-02-08,15.226147716894868,1.9446727954366547,54.0,39.2,24.3,31.6,7.15015083406195
2014-02-09,14.928212002170135,2.3186483330206267,54.7,38.7,24.2,30.8,7.340529163821396
2014-02-10,14.700266173993661,2.094263010470243,57.6,40.2,21.7,30.2,7.2374419561828685
2014-02-11,14.221896424779558,2.094263010470243,58.5,37.4,23.7,29.3,6.705166718676332
2014-02-12,14.923649581739294,2.094263010470243,50.7,38.5,22.5,30.3,7.288459832319071
2014-02-13,14.575203471463379,2.094263010470243,50.0,40.0,23.2,30.8,7.483358644224168
2014-02-14,13.360936770281777,2.1690581179870376,71.9,37.3,21.9,27.9,6.00540058152653
2014-02-15,8.91468106497996,1.7202874728862712,85.7,30.2,20.6,25.2,3.100621582913622
2014-02-16,8.28938624418758,1.1967217202687106,90.8,30.3,23.7,25.0,2.9356942987732695
2014-02-17,11.24703516956464,1.271516827785505,88.5,31.0,21.2,24.4,3.8314483241929955
2014-02-18,10.994497916623377,1.8698776879198602,86.9,28.8,21.3,24.3,3.643010312263995
2014-02-19,9.382373213395578,1.4959021503358882,86.8,29.2,21.4,24.2,3.249812990006967
2014-02-20,14.678936779041063,1.7202874728862712,75.4,33.7,20.5,25.9,5.518706764178151
2014-02-21,14.505272706405234,1.9446727954366547,73.5,36.8,20.5,26.9,6.099850047684147
2014-02-22,13.862850928812078,2.3186483330206267,61.7,34.9,21.0,28.7,5.9880716586192495
2014-02-23,14.481904975433801,2.243853225503832,61.2,36.0,22.9,29.6,6.350347719187237
2014-02-24,13.60834743954257,2.6178287630878043,71.4,34.4,25.3,28.4,5.91685194147531
2014-02-25,14.754732407021287,1.7202874728862712,72.5,36.0,22.7,28.2,5.861976397953032
2014-02-26,15.114439007011404,1.645492365369477,67.9,36.4,21.9,28.6,6.055598404987676
2014-02-27,14.693748681016995,1.9446727954366547,58.8,38.5,23.3,30.5,6.694677924636683
2014-02-28,11.523914388513845,1.9446727954366547,70.8,35.2,24.6,27.8,5.1856792144299035
2014-03-01,10.533858808498474,2.019467902953449,75.8,32.4,21.6,26.2,4.287781668444948
2014-03-02,12.55973622095671,1.795082580403066,80.0,31.2,23.1,26.2,4.512125992984629
2014-03-03,11.750495156869505,1.1967217202687106,84.7,31.3,22.1,25.6,3.988258078017324
2014-03-04,12.814104673856066,1.1967217202687106,76.9,33.0,21.4,26.6,4.578477678380617
2014-03-05,10.038550403008783,1.7202874728862712,75.8,32.9,22.1,26.9,4.051866476300106
2014-03-06,4.91679146442135,1.3463119353022994,85.8,28.3,23.7,25.7,1.8753653925157632
2014-03-07,11.438900796347466,1.8698776879198602,79.8,31.3,22.6,25.9,4.273947573658997
2014-03-08,4.229123756171739,0.9723363977183274,98.4,25.2,20.6,22.7,1.211367573191227
2014-03-09,13.36981228839197,1.645492365369477,85.8,32.9,20.9,25.2,4.736134323039714
2014-03-10,14.248022062115558,1.4211070428190937,75.5,36.2,21.6,27.8,5.424601843073254
2014-03-11,14.233783440232573,2.243853225503832,67.7,34.8,24.3,29.3,5.919651832552768
2014-03-12,14.114194560149635,2.019467902953449,82.9,34.6,22.6,27.1,5.2991768945620565
2014-03-13,11.555968158756306,1.3463119353022994,80.8,34.0,22.9,27.3,4.313592603277934
2014-03-14,13.72604972615752,1.7202874728862712,70.6,34.4,23.0,28.2,5.4091370097008165
2014-03-15,13.874252916762561,2.094263010470243,71.1,34.9,21.9,28.0,5.61628583548627
2014-03-16,13.77169019005072,1.9446727954366547,64.1,35.7,23.1,29.3,5.847554457680614
2014-03-17,13.53595506082064,1.8698776879198602,63.0,35.7,22.7,28.8,5.813604075362094
2014-03-18,13.300108630337894,2.1690581179870376,62.3,36.1,22.4,28.4,6.115059078973213
2014-03-19,13.039392808254249,1.8698776879198602,70.2,35.2,21.5,27.4,5.42638217846713
2014-03-20,11.764140616716212,1.795082580403066,70.5,36.6,21.6,28.3,5.135194642471469
2014-03-21,8.619358340097865,1.3463119353022994,80.0,36.5,23.4,27.8,3.7647056797299103
2014-03-22,10.567287481906728,2.3186483330206267,86.8,31.8,23.0,26.2,3.9374594322041188
2014-03-23,4.428357314666773,2.019467902953449,98.5,23.8,21.3,22.4,1.193432702813108
2014-03-24,5.2469403040873495,0.8227461826847385,94.3,24.4,19.3,21.7,1.5340291820583967
2014-03-25,5.763343627134143,0.9723363977183274,88.8,27.1,18.5,22.2,1.925535448384567
2014-03-26,7.470835716599575,1.3463119353022994,93.6,27.9,21.3,23.2,2.4625084585275467
2014-03-27,9.944890416950258,1.121926612751916,90.8,29.0,20.1,23.7,3.1530799250217902
2014-03-28,10.602230860052346,1.121926612751916,87.5,30.2,20.0,24.2,3.4845958898748877
2014-03-29,11.776520194550333,0.9723363977183274,84.3,31.2,19.7,24.9,3.8486480936725074
2014-03-30,10.603420845340581,1.3463119353022994,81.5,32.3,21.3,26.4,3.791258709269816
2014-03-31,10.34535091805579,1.645492365369477,80.3,33.4,22.1,26.4,4.0564741334701795
2014-04-01,10.823291171045776,1.645492365369477,81.0,33.0,22.1,26.3,4.128427875664133
2014-04-02,10.824540189622198,1.4959021503358882,87.7,30.6,22.1,25.8,3.604668591860983
2014-04-03,8.493420107756467,1.1967217202687106,89.8,30.0,23.0,25.3,2.8929511202945375
2014-04-04,5.083420864402886,0.7479510751679441,93.1,27.4,21.8,24.2,1.6160206025582966
2014-04-05,10.825578937081383,0.9723363977183274,82.3,30.0,20.2,24.6,3.5701929506379986
2014-04-06,11.77228626609317,1.4211070428190937,78.9,31.9,19.2,24.3,4.317707747986786
2014-04-08,11.059342702004276,1.1967217202687106,83.7,31.0,18.5,23.8,3.785306334537524
2014-04-09,9.215162956789698,1.645492365369477,82.5,33.9,19.6,25.1,3.7962087613752993
2014-04-10,11.067050823543052,1.4959021503358882,85.8,31.5,20.0,25.0,3.812300240417763
2014-04-11,10.699054534604455,1.1967217202687106,82.5,33.1,21.2,25.6,3.9176491236340745
2014-04-12,10.804102535503233,2.243853225503832,71.1,34.4,21.4,27.6,4.83294752647862
2014-04-13,6.791221970631618,1.9446727954366547,83.3,30.4,22.0,25.7,2.807854908716955
2014-04-14,3.810048990953272,2.094263010470243,99.0,24.8,23.0,22.6,1.300171631584892
2014-04-15,3.3182122587881127,1.5706972578526825,98.7,22.8,19.4,20.8,0.9208439425618298
2014-04-17,7.437261713954308,1.271516827785505,89.7,28.3,21.0,23.5,2.5358243548385246
2014-04-18,10.097508559641462,1.3463119353022994,85.7,31.6,20.3,24.5,3.603027672392631
2014-04-19,10.435603088677556,1.645492365369477,82.9,33.9,21.8,26.2,4.114350283898213
2014-04-20,8.104045257039884,1.4959021503358882,91.0,30.0,20.5,24.1,2.785134286513936
2014-04-21,9.018500533437013,1.4211070428190937,87.0,29.1,20.8,24.2,3.0543490386579815
2014-04-22,9.174616334866334,1.645492365369477,86.5,32.4,19.7,24.2,3.5810986160153355
2014-04-23,7.737503677519117,1.9446727954366547,89.0,30.2,21.3,24.3,2.9538712316935833
2014-04-24,5.549699928915387,1.5706972578526825,94.7,27.5,22.0,23.0,2.006405827390195
2014-04-25,7.716100709966786,1.1967217202687106,84.3,26.2,19.6,21.8,2.6422232899833347
2014-04-26,9.054023603929735,1.4211070428190937,83.5,26.8,16.6,20.7,3.081020984438945
2014-04-27,8.926665899703893,1.4211070428190937,84.2,26.5,16.3,20.6,2.9741968580393814
2014-04-28,6.345502360502106,0.897541290201533,85.0,25.3,16.6,19.6,2.147999604744569
2014-04-29,8.77648289354562,1.1967217202687106,76.3,26.4,12.9,18.7,3.109312740220495
2014-04-30,8.546615307640618,1.8698776879198602,73.6,28.1,12.8,19.7,3.5569908855342436
2014-05-01,7.374596293845288,2.692623870604599,58.1,29.0,15.8,23.8,3.974680363644375
2014-05-02,8.48119705739191,1.7202874728862712,66.5,31.1,17.8,23.8,3.8501507848153897
2014-05-03,7.448268176854328,0.7479510751679441,87.3,28.7,17.6,22.2,2.4518627616333784
2014-05-04,8.774517775045116,1.5706972578526825,79.6,30.8,17.3,23.5,3.402693886808963
2014-05-05,8.67708592171293,1.5706972578526825,78.9,32.0,17.5,23.6,3.564864933374854
2014-05-06,8.250619112746788,1.271516827785505,82.8,31.8,17.8,23.1,3.227826796031588
2014-05-07,6.687199755247747,1.4211070428190937,80.5,30.5,19.4,24.4,2.6983962123006586
2014-05-08,8.497184544010148,1.5706972578526825,85.8,30.9,19.8,23.7,3.2449973142289883
2014-05-09,5.036216743334104,1.9446727954366547,91.0,28.2,18.7,22.1,2.055593023802367
2014-05-10,6.457700506917724,1.4211070428190937,86.7,25.6,18.2,21.0,2.2639423787409823
2014-05-11,5.393447762893537,0.897541290201533,84.3,24.5,16.8,19.8,1.8498127472370929
2014-05-12,7.381417665483642,1.271516827785505,77.3,26.7,12.7,18.7,2.796682372175218
2014-05-13,7.219298150690345,1.4959021503358882,71.1,28.9,13.1,20.3,3.133291198146662
2014-05-14,7.072602930884823,1.4211070428190937,76.9,29.8,15.3,21.0,3.0471475414860927
2014-05-15,7.242974481950011,1.4211070428190937,83.6,27.9,16.5,20.9,2.726149564368503
2014-05-16,7.690229646701187,1.645492365369477,82.6,30.9,16.6,22.3,3.186466887640206
2014-05-17,6.179949140208967,1.271516827785505,90.5,27.9,18.5,22.2,2.146188427685253
2014-05-18,5.530350545879131,0.8227461826847385,87.8,29.3,19.0,22.5,2.0209828755403563
2014-05-19,6.504006397437291,1.1967217202687106,87.0,26.7,17.3,21.7,2.152840127697862
2014-05-20,7.194600881817559,1.5706972578526825,87.5,28.5,17.0,21.6,2.65256081069093
2014-05-21,7.052239153607651,1.1967217202687106,85.2,30.5,16.8,22.1,2.7217757609850928
2014-05-22,6.571552225994001,2.1690581179870376,60.8,32.0,19.0,25.7,3.8321330141880283
2014-05-23,6.105069647262255,2.094263010470243,75.2,28.7,21.0,25.1,2.7306357068851814
2014-05-24,3.374904953075912,1.8698776879198602,99.8,22.4,19.6,20.3,0.9665906635277617
2014-05-25,3.9674157880915972,0.897541290201533,96.6,23.4,18.9,20.4,1.2008226494660235
2014-05-26,4.143959393039473,1.3463119353022994,88.8,29.5,19.5,23.0,1.8198971445980334
2014-05-27,5.744503056166884,1.3463119353022994,86.8,25.6,20.0,21.5,2.115433729662372
2014-05-28,3.4902425176263954,0.9723363977183274,97.4,21.9,16.3,18.9,0.9741568712376129
2014-05-29,5.486265964448116,1.1967217202687106,90.7,25.4,16.9,19.5,1.9283615349162213
2014-05-30,6.605236692486525,0.9723363977183274,85.3,26.2,15.7,19.9,2.2405551995412085
2014-05-31,6.803627753232421,1.3463119353022994,81.4,27.8,14.2,19.9,2.6408875721522054
2014-06-01,5.234640088456247,1.9446727954366547,79.2,27.5,15.6,21.3,2.376455716316576
2014-06-02,6.154678963308995,2.1690581179870376,83.0,28.1,18.9,21.9,2.774583403692122
2014-06-03,5.3676399246750535,1.645492365369477,80.7,23.8,16.5,19.5,2.095285552969057
2014-06-04,6.449023134245408,0.9723363977183274,84.3,27.4,16.2,19.8,2.363060987566369
2014-06-05,6.80050924675559,1.8698776879198602,78.4,30.4,14.9,22.0,3.0791938011818702
2014-06-06,5.060887645215857,1.8698776879198602,73.2,28.9,21.0,24.6,2.570986231908425
2014-06-07,5.995759963999623,1.4959021503358882,75.9,32.7,20.0,25.1,2.941125019060581
2014-06-08,6.3398159413152335,2.1690581179870376,57.3,32.3,20.8,26.6,3.9410216711800654
2014-06-09,6.401363264651653,2.8422140856381874,67.6,29.5,21.9,24.6,3.8600200537919696
2014-06-10,2.6911588296275353,1.271516827785505,95.6,22.6,20.6,21.2,0.8748913176482498
2014-06-11,6.3404076967570475,0.9723363977183274,88.3,28.3,19.5,22.2,2.2652391322444454
2014-06-12,6.184203236125299,1.121926612751916,86.9,28.5,17.1,21.7,2.2496010798110575
2014-06-13,5.448492739655755,1.1967217202687106,87.1,28.1,18.1,22.4,1.998326370688628
2014-06-14,6.48713887132234,1.4211070428190937,80.4,30.0,17.2,22.9,2.670192582288794
2014-06-15,4.950390562130925,1.645492365369477,83.9,26.4,18.9,22.4,1.9344516243320635
2014-06-16,5.963651115308974,0.5983608601343553,87.8,28.6,17.9,21.9,2.001507135690814
2014-06-17,6.499340009387378,1.795082580403066,80.7,30.8,17.5,22.4,3.0381298231109164
2014-06-18,6.432900671139862,1.8698776879198602,87.0,28.7,18.5,21.9,2.656362970590272
2014-06-19,3.8135054289417734,1.5706972578526825,97.2,23.3,17.4,18.8,1.3307058668655378
2014-06-20,3.841141419747825,0.37397553758397206,92.3,21.6,16.8,18.8,1.1074877970326729
2014-06-21,5.499097020229497,0.9723363977183274,89.1,25.2,18.0,20.4,1.8510174466412896
2014-06-22,6.48865228709472,1.121926612751916,88.7,25.2,16.4,20.2,2.074589822580081
2014-06-23,5.101039135626518,1.7202874728862712,78.5,26.2,16.3,20.7,2.247943698808234
2014-06-24,6.324625708681103,2.019467902953449,72.5,29.1,16.7,22.1,3.134373603083618
2014-06-25,6.246676491788595,1.7202874728862712,77.5,30.1,14.5,21.1,2.954674506141982
2014-06-26,5.683008121883818,2.094263010470243,65.7,29.8,17.3,23.3,3.2632465581357484
2014-06-27,6.386142410050807,1.8698776879198602,72.4,31.4,17.1,23.4,3.267558986383785
2014-06-28,6.550566892536844,1.121926612751916,88.5,31.1,15.6,21.5,2.5440761487441
2014-06-29,5.954473528250108,1.3463119353022994,76.6,31.3,17.5,23.7,2.6817532374837016
2014-06-30,5.894816014622629,1.3463119353022994,88.2,28.2,19.6,22.2,2.2614427698392388
2014-07-01,6.128399406343961,1.3463119353022994,85.8,26.3,17.4,21.6,2.108521683796447
2014-07-02,6.470488549013126,1.4959021503358882,84.8,27.2,17.4,21.1,2.4328395433696386
2014-07-03,5.835741774291686,1.1967217202687106,86.8,31.0,16.9,22.0,2.4100857649425085
2014-07-04,6.566128500017211,1.3463119353022994,85.3,32.1,17.5,22.5,2.8633493699170147
2014-07-05,6.441447434809001,1.4211070428190937,81.0,30.6,16.8,22.4,2.7660865483936843
2014-07-06,6.570749886710228,1.8698776879198602,71.4,30.2,16.9,22.8,3.278505890894041
2014-07-07,5.470729094075612,1.8698776879198602,68.8,29.5,17.2,23.8,2.787468188168199
2014-07-08,4.8495471266100925,1.5706972578526825,87.3,26.3,17.2,21.0,1.8588380354355296
2014-07-09,6.216088532156123,1.0471315052351216,89.9,25.2,17.5,20.8,1.9656638050751127
2014-07-10,3.206300270710179,1.0471315052351216,95.8,22.2,18.5,19.8,0.9825784007852157
2014-07-11,3.915167486205384,1.5706972578526825,95.4,21.0,17.7,18.8,1.176811757991229
2014-07-12,4.660257104796909,1.121926612751916,91.0,23.7,16.9,19.5,1.5296034821466729
2014-07-13,6.126554754036134,0.8227461826847385,80.4,25.2,16.0,20.1,2.0697235877428284
2014-07-14,6.357867396723524,1.121926612751916,79.1,25.2,15.2,19.6,2.281030979548729
2014-07-15,6.632298809652038,0.9723363977183274,78.6,26.1,15.2,19.8,2.3686247778971725
2014-07-16,6.743456743479529,1.4959021503358882,75.8,27.9,14.0,20.5,2.764686361013503
2014-07-17,6.9046790766289465,1.4959021503358882,73.3,29.7,16.2,22.5,2.9821892999261608
2014-07-18,6.267639268056484,2.094263010470243,69.7,28.3,17.5,23.5,2.9313085073645286
2014-07-19,4.161851625644711,2.3186483330206267,80.4,22.4,16.8,19.1,1.904811425306673
2014-07-20,5.530516726881989,0.897541290201533,82.7,22.3,14.7,18.0,1.78222116519164
2014-07-21,6.584199512976287,0.897541290201533,80.3,25.3,13.4,18.6,2.2203913010617646
2014-07-22,7.079248758510852,1.4959021503358882,77.6,28.0,13.2,19.5,2.9199632749465554
2014-07-23,7.01797079516993,2.393443440537421,62.5,28.7,15.0,22.1,3.7539240502054354
2014-07-24,6.313763203427082,3.290984730738954,54.3,30.3,17.8,25.5,4.382812557038784
2014-07-25,2.688087928350762,1.8698776879198602,86.0,27.6,19.9,20.6,1.9478714519216789
2014-07-26,2.661130530214014,0.29918043006717765,98.5,19.4,17.1,18.0,0.7142817717889969
2014-07-27,3.280029557730613,0.8227461826847385,98.0,20.2,17.5,18.7,0.8718510285614814
2014-07-28,3.255417868773173,0.897541290201533,96.3,21.7,17.0,18.3,1.0134558734572094
2014-07-29,4.849715084135992,0.8227461826847385,88.5,23.4,14.7,18.6,1.5212828651333448
2014-07-30,7.65877324225114,0.7479510751679441,81.4,24.9,14.7,19.0,2.4317572661880074
2014-07-31,7.763960869150421,1.4211070428190937,80.2,27.6,13.2,19.1,2.957297758202366
2014-08-01,7.817460243230074,1.4959021503358882,74.7,29.4,13.7,20.6,3.278963043244222
2014-08-02,7.744317768922527,2.094263010470243,69.9,29.7,15.7,22.8,3.522504338208053
2014-08-03,7.809707172024391,1.271516827785505,68.5,32.3,17.0,23.7,3.503878606280031
2014-08-04,7.539863722662704,1.795082580403066,56.2,35.2,16.7,25.2,4.501560992131259
2014-08-05,4.922950320479817,2.9170091931549815,82.3,23.5,18.1,19.5,2.4231202816376176
2014-08-06,8.053738123258894,1.1967217202687106,77.0,25.0,11.5,17.1,2.8266566773156843
2014-08-07,8.081254165037745,1.795082580403066,70.4,29.3,12.0,19.2,3.7479213927714072
2014-08-08,8.273913477574272,2.094263010470243,77.8,25.2,14.2,19.9,2.9246207253814624
2014-08-10,7.845013536608111,1.5706972578526825,78.3,28.4,15.2,21.2,3.0597924399330703
2014-08-11,8.165280407422678,1.7202874728862712,60.8,31.2,17.1,23.5,4.015083600605008
2014-08-12,7.983785180732725,1.645492365369477,53.2,33.5,16.2,24.6,4.329730950476198
2014-08-13,4.977889925526121,3.3657798382557482,72.7,26.3,20.1,22.5,3.1959024965787983
2014-08-14,2.84901126213415,1.4211070428190937,98.5,17.9,14.6,15.7,0.7603912910153083
2014-08-15,4.679062388915723,0.8227461826847385,88.9,21.2,15.2,18.2,1.3747435320564398
2014-08-16,7.688054930331482,1.645492365369477,79.4,26.2,17.6,20.6,2.9227513434507912
2014-08-17,8.680459698573037,1.3463119353022994,79.6,28.4,16.9,21.5,3.190998596155202
2014-08-18,8.650304000376774,1.7202874728862712,88.4,27.3,16.3,20.8,2.9098923512665595
2014-08-19,5.4636835445409115,1.1967217202687106,88.2,24.0,17.2,20.4,1.7530528430066559
2014-08-20,8.887064511055256,1.3463119353022994,86.3,25.7,16.3,20.4,2.8203001374967402
2014-08-21,9.64376151546126,1.271516827785505,80.6,30.1,16.9,22.0,3.537703493843488
2014-08-22,9.44751584201891,1.9446727954366547,69.8,32.8,16.1,23.5,4.4867319773563095
2014-08-23,9.301780807831303,1.9446727954366547,70.8,32.7,16.8,23.2,4.399186117534437
2014-08-24,9.406413301671204,1.645492365369477,65.7,33.8,14.8,23.6,4.5475012814253315
2014-08-25,8.624746058774047,1.9446727954366547,43.7,35.2,16.3,25.5,5.405007675123042
2014-08-26,8.50103048533627,2.8422140856381874,59.7,31.8,17.6,24.5,4.944571513517973
2014-08-27,4.057870533009605,2.094263010470243,89.1,23.4,18.7,20.6,1.5249451411293686
2014-08-28,3.412701926650613,1.121926612751916,92.1,19.4,17.0,17.7,1.054984823507663
2014-08-29,5.000918660089504,0.5983608601343553,86.9,22.4,16.1,18.3,1.5509722496037905
2014-08-30,6.63120151126723,0.897541290201533,80.0,25.0,17.0,20.2,2.2470685380012596
2014-08-31,10.320698728049887,2.8422140856381874,76.3,31.7,16.3,22.9,4.702348554035919
2014-09-02,10.730229460482217,1.7202874728862712,84.5,27.7,15.2,21.0,3.505837750724953
2014-09-03,8.981211054017558,2.6178287630878043,80.5,31.6,18.2,22.7,4.209920509363493
2014-09-04,7.614023518914877,2.3186483330206267,86.2,24.2,18.8,20.2,2.7384452124406606
2014-09-05,9.106592290235575,1.271516827785505,78.5,25.3,15.0,19.2,3.086007964397741
2014-09-06,10.464531827704867,2.6178287630878043,65.3,26.4,11.6,19.8,4.233786428575338
2014-09-07,10.397337275813559,2.7674189781213934,56.8,30.7,19.7,22.7,5.731015463235107
2014-09-08,8.39592631882758,2.019467902953449,65.5,29.1,15.2,22.3,3.7771958694965155
2014-09-09,11.073101935045884,2.393443440537421,67.0,32.5,14.3,23.2,5.2238928347626254
2014-09-10,10.825583805490641,3.290984730738954,45.3,34.1,23.2,27.6,7.1138013468243555
2014-09-11,10.56416577477384,2.9918043006717765,48.7,37.2,23.8,27.8,7.426246873857541
2014-09-12,9.022551575242975,1.7202874728862712,83.4,27.6,20.2,22.8,3.2265116507588054
2014-09-13,11.559991682601517,1.5706972578526825,77.8,30.7,17.6,22.6,4.314019853416955
2014-09-14,11.642562632581733,1.8698776879198602,69.6,33.6,14.9,23.4,5.070770515403053
2014-09-15,11.237978321396785,2.692623870604599,55.7,35.7,17.9,26.8,6.326086445930959
2014-09-16,9.821910714698477,2.9170091931549815,74.3,32.0,20.1,23.9,4.91829952226202
2014-09-17,4.5242495514111205,1.3463119353022994,90.4,23.0,18.2,20.3,1.4591878959936146
2014-09-18,11.49258625100877,1.645492365369477,79.2,30.3,17.5,23.3,4.091284862860844
2014-09-19,10.71706964625539,1.795082580403066,84.2,31.4,18.8,23.2,4.079373989810793
2014-09-20,6.123920126647203,2.019467902953449,70.5,33.7,21.4,25.6,3.7291340607329824
2014-09-21,2.5824018238482696,1.7202874728862712,96.6,23.1,21.0,20.8,1.0156762315700243
2014-09-22,9.756473643876596,2.094263010470243,80.2,25.6,15.0,20.2,3.270160426986926
2014-09-23,12.681695168104529,1.7202874728862712,74.9,29.8,14.5,20.9,4.66329708181893
2014-09-24,12.219485146254595,3.0665994081885706,59.3,34.9,15.9,25.0,6.686598260763976
2014-09-25,8.186582731528471,1.1967217202687106,80.9,30.4,18.0,23.0,3.0949161465912485
2014-09-26,5.133541363919092,1.9446727954366547,75.5,33.4,20.3,24.4,3.3014959902431964
2014-09-27,7.148391296293828,1.8698776879198602,84.1,28.4,21.0,23.6,2.7977546913726687
2014-09-28,7.5314278997010655,1.121926612751916,87.8,28.8,21.4,23.4,2.6693002796183283
2014-09-29,9.957190885869553,2.019467902953449,77.3,37.2,21.0,26.0,5.0193686416456575
2014-09-30,8.700533086866908,1.4211070428190937,86.3,32.0,22.3,24.8,3.3764262971889485
2014-10-01,9.460792937310472,2.094263010470243,77.9,33.4,21.5,26.3,4.1221902638064964
2014-10-02,5.6787255244932755,2.9918043006717765,76.4,26.1,21.3,22.7,3.005031717444714
2014-10-03,8.40426569943681,1.5706972578526825,76.3,24.4,16.8,19.6,3.0423755207430334
2014-10-04,7.04230755565546,1.121926612751916,76.6,23.4,15.5,18.4,2.457691918119196
2014-10-05,8.523651628296573,1.271516827785505,71.8,25.0,11.3,18.1,2.950313388823973
2014-10-06,13.18819923421731,1.5706972578526825,66.4,27.6,13.1,20.3,4.579955103520876
2014-10-07,11.010576602931293,1.9446727954366547,62.8,30.4,14.1,22.2,4.736703915589846
2014-10-08,13.396090405443026,2.094263010470243,63.8,32.5,15.2,23.3,5.718167045650163
2014-10-09,13.573004569748523,1.9446727954366547,65.1,34.1,16.2,24.5,5.796655889112202
2014-10-10,13.424242374908282,2.094263010470243,53.4,37.4,19.1,27.7,6.756626484301145
2014-10-12,13.150745693978132,1.8698776879198602,84.9,32.0,18.5,23.0,4.797520604760543
2014-10-13,12.662039945156078,1.8698776879198602,69.0,41.7,18.6,26.6,6.802283188366102
2014-10-14,8.54611065564548,2.019467902953449,84.5,27.8,19.7,23.5,2.982016813970586
2014-10-15,11.126315301581634,2.4682385480542153,82.3,29.9,20.7,24.2,4.194542374905185
2014-10-16,12.9747362604769,1.271516827785505,78.5,33.6,19.8,25.4,4.698529633801517
2014-10-17,13.372808310282322,2.3186483330206267,82.8,36.7,20.7,24.9,5.961326442029773
2014-10-19,13.333548841316183,2.393443440537421,72.8,40.8,20.9,27.4,6.946827136207127
2014-10-20,9.401625680152977,2.9170091931549815,82.5,30.9,22.5,24.4,4.2462356814900115
2014-10-21,4.16678171214783,1.7202874728862712,90.6,23.1,19.5,20.8,1.4617128319542774
2014-10-22,5.033453718911666,1.0471315052351216,86.3,22.7,17.3,19.9,1.6084299330103888
2014-10-23,12.37437938200527,1.645492365369477,71.7,30.8,19.3,22.8,4.8422171260805555
2014-10-24,14.494832590614658,2.54303365557101,76.3,32.6,16.4,23.0,5.737570506623063
2014-10-25,7.187791952945373,1.271516827785505,84.6,28.9,18.6,22.6,2.627707353908522
2014-10-26,8.018644580719336,1.795082580403066,84.2,30.8,20.8,23.7,3.3467649694847377
2014-10-27,12.10638955208011,1.9446727954366547,84.2,27.9,19.6,22.5,4.08193856080267
2014-10-28,15.02457641874171,1.9446727954366547,77.4,28.7,16.1,21.9,4.999101850370391
2014-10-29,15.202011935829649,1.9446727954366547,67.8,35.0,17.3,25.2,6.2179337042787095
2014-10-30,14.476923354412413,2.9918043006717765,55.3,36.5,21.0,29.3,7.1856322717546215
2014-10-31,13.69315304008223,3.5153700532893377,53.7,37.6,28.1,30.4,8.261929140892677
2014-11-01,15.275147081994124,2.8422140856381874,62.1,36.5,25.2,29.1,7.342861781143251
2014-11-02,15.168981132267671,2.243853225503832,80.5,32.7,22.1,26.0,5.558402261686756
2014-11-03,13.822012379641329,1.4211070428190937,75.6,36.2,22.9,26.9,5.518779461016129
2014-11-04,14.283098819644923,2.692623870604599,60.4,37.8,21.8,28.5,7.28687810230807
2014-11-05,11.86864603912457,2.393443440537421,67.1,36.0,21.2,27.3,5.791199547770076
2014-11-06,7.785446946446985,1.4959021503358882,87.4,29.8,22.6,24.5,2.9198842423001814
2014-11-07,14.543137461790696,1.795082580403066,76.9,37.2,20.7,26.2,6.060353863309258
2014-11-08,11.421228692730894,2.692623870604599,74.3,34.8,23.1,26.5,5.5275312188563825
2014-11-09,7.770537149817746,1.8698776879198602,88.3,26.9,21.5,23.8,2.593386018771466
2014-11-10,14.211167199695167,1.7202874728862712,77.8,30.2,19.5,24.0,4.950645937690188
2014-11-11,9.471025229744816,1.271516827785505,77.8,30.2,19.2,23.9,3.4796875195946186
2014-11-12,14.67055832776618,1.9446727954366547,73.6,34.8,19.4,25.9,5.80206316630028
2014-11-13,15.409611522959514,3.216189623222159,72.3,35.7,22.6,26.5,7.082597680157553
2014-11-14,4.5476797210119235,2.692623870604599,92.3,24.2,21.1,22.3,1.5868453422580981
2014-11-15,6.410914621810924,1.4959021503358882,89.6,24.0,18.4,20.3,2.100909107066561
2014-11-16,12.573474393938543,1.5706972578526825,83.2,26.9,17.2,20.9,4.034120285431777
2014-11-17,14.250591423979316,1.5706972578526825,72.7,27.4,15.2,21.1,4.6961672379501795
2014-11-18,15.632416974525501,1.4959021503358882,68.1,29.5,15.4,21.9,5.379528427429955
2014-11-19,16.06499820250783,1.9446727954366547,63.9,33.1,15.7,24.0,6.269028451726399
2014-11-20,15.825311796494423,2.7674189781213934,64.6,34.9,18.6,24.9,7.134121875787951
2014-11-21,15.686991476453462,2.019467902953449,71.2,35.8,17.5,24.9,6.453752493126116
2014-11-22,12.001790609145964,1.645492365369477,78.2,38.2,19.8,25.9,5.375658572954398
2014-11-23,4.811545898513552,1.121926612751916,90.3,27.2,23.3,24.6,1.6754769691216322
2014-11-24,8.332109654835216,0.8227461826847385,91.2,28.5,22.1,24.4,2.6478371104755705
2014-11-25,12.731731727829565,1.3463119353022994,83.4,34.3,22.7,26.5,4.672103557996174
2014-11-26,8.812042824907978,2.243853225503832,74.1,34.7,24.0,28.1,4.311946100395767
2014-11-27,5.432421647778733,1.7202874728862712,97.9,26.9,23.5,23.9,1.782922406319314
2014-11-28,8.440115648192632,1.8698776879198602,89.8,27.5,21.6,23.6,2.841994309231494
2014-11-29,8.4139079538493,1.271516827785505,87.5,28.8,21.0,23.4,2.939154312474877
2014-11-30,9.569971992100285,1.5706972578526825,81.7,28.8,20.3,24.4,3.2812513828037826
2014-12-01,14.12996787803947,1.5706972578526825,75.8,34.5,21.4,26.7,5.3213515272870975
2014-12-02,16.362363363606534,2.7674189781213934,50.6,34.6,22.8,28.9,7.612226435126636
2014-12-03,16.484329155104646,2.393443440537421,55.8,36.8,25.2,29.8,7.6118942447715625
2014-12-04,15.144253291397069,2.6178287630878043,77.4,36.1,21.6,26.5,6.450182416340858
2014-12-05,5.799552112560534,1.795082580403066,94.3,24.7,19.8,21.8,1.7676388188454348
2014-12-06,16.304373549090148,1.5706972578526825,82.2,31.3,19.7,24.2,5.421369229229669
2014-12-07,16.432766585967336,1.645492365369477,75.3,33.3,19.4,25.9,5.795196428647293
2014-12-08,16.095182644802073,2.019467902953449,69.7,34.3,21.5,27.3,6.214693929701492
2014-12-09,16.011597823421496,2.1690581179870376,67.3,36.2,21.7,28.5,6.586748373907894
2014-12-10,13.765483850510316,1.8698776879198602,74.9,35.1,22.2,27.4,5.494774296755185
2014-12-11,15.863281826812436,2.094263010470243,69.3,36.9,21.6,28.1,6.647748649102713
2014-12-12,16.372413824287346,2.243853225503832,65.0,37.7,22.7,28.9,7.169210587571971
2014-12-13,10.135118804883353,1.8698776879198602,74.4,36.0,24.6,27.0,4.884111892909658
2014-12-14,12.972290905949377,2.7674189781213934,83.6,30.8,23.4,25.9,4.74200741155145
2014-12-15,14.886171184731468,2.6178287630878043,79.8,28.5,20.6,23.9,4.999432048667358
2014-12-16,16.36728080832222,1.5706972578526825,79.7,28.8,16.9,22.8,5.074426869298714
2014-12-17,16.692582555283398,1.5706972578526825,74.8,33.5,18.4,24.6,5.9785573833483685
2014-12-18,16.427244562220253,2.243853225503832,69.6,34.8,19.4,26.4,6.484490770980322
2014-12-19,13.79126660893194,1.4959021503358882,83.2,31.5,22.0,25.7,4.680830733211749
2014-12-20,9.572165674882395,1.645492365369477,78.2,33.0,23.2,27.8,3.741148595403575
2014-12-21,14.235542900431408,2.3186483330206267,60.3,39.3,23.9,30.9,6.8958971479709925
2014-12-22,10.854808752294188,2.1690581179870376,69.0,38.0,28.3,29.7,5.766478909182923
2014-12-23,6.717955493683934,1.1967217202687106,93.9,29.0,24.0,25.9,2.16842903724031
2014-12-24,11.512495473341799,1.645492365369477,90.0,30.2,22.7,25.0,3.854421126530885
2014-12-25,16.291804134927585,1.795082580403066,86.6,33.3,22.4,26.0,5.607618879724634
2014-12-27,17.396404752526752,2.1690581179870376,73.5,35.8,22.3,27.7,6.78482529055108
2014-12-28,17.155892214342934,1.9446727954366547,66.5,37.9,22.0,29.7,6.973274224708767
2014-12-29,11.563632427545839,1.5706972578526825,71.8,38.4,23.1,29.1,5.128225487888628
2014-12-30,12.342037001296191,1.795082580403066,71.8,36.1,22.2,27.6,5.27553095133906
2014-12-31,10.310935305705014,1.9446727954366547,68.5,39.5,24.2,28.4,5.550326344875842
2015-01-01,16.627419772310308,2.4682385480542153,65.9,39.3,23.4,29.6,7.619047656824837
2015-01-02,14.150689590892384,1.795082580403066,66.5,38.8,24.1,30.3,6.156766375986398
2015-01-03,13.125882243079412,2.54303365557101,81.7,32.4,24.3,27.7,4.821199755599511
2015-01-04,11.672573352852108,1.1967217202687106,86.0,34.8,24.7,26.6,4.421754889078468
2015-01-05,11.373022282318031,1.0471315052351216,88.9,32.4,22.3,25.5,3.8864335591290557
2015-01-06,14.27742517995222,1.3463119353022994,84.2,33.0,22.2,26.2,4.908228939877776
2015-01-07,17.29846717733822,2.1690581179870376,66.4,35.5,21.5,28.6,6.812193837527147
2015-01-08,16.906473100131077,1.8698776879198602,57.5,37.4,23.2,30.3,7.104308567855297
2015-01-09,16.900574780228464,1.9446727954366547,57.1,38.3,22.8,30.5,7.400888280668656
2015-01-10,16.2811287462176,2.4682385480542153,49.5,39.2,25.2,31.2,8.218867026510246
2015-01-11,16.915750126257915,2.019467902953449,70.1,40.1,22.3,29.3,7.364830005295845
2015-01-12,16.791324265168917,2.243853225503832,67.0,40.2,23.6,30.7,7.505200148496933
2015-01-13,16.851052102390078,2.243853225503832,59.5,37.3,22.5,30.5,7.124285464018068
2015-01-14,16.283873994396075,2.1690581179870376,73.7,35.3,24.7,29.4,6.231113811594054
2015-01-15,16.774558776813592,2.243853225503832,74.4,37.0,23.7,29.7,6.607734917391606
2015-01-16,15.73970783583934,1.7202874728862712,76.8,35.6,24.1,28.8,5.879480120458364
2015-01-17,16.924742852462952,2.243853225503832,65.9,38.8,23.6,29.7,7.4414311485013
2015-01-18,16.92864451782911,2.094263010470243,66.2,38.5,22.8,29.9,7.145067550568794
2015-01-19,16.432444718918386,2.094263010470243,72.0,38.0,23.8,29.5,6.808328851312619
2015-01-20,16.65920921621453,2.243853225503832,69.3,38.7,23.2,29.7,7.154243950427325
2015-01-21,14.91277533409579,2.1690581179870376,76.0,38.3,23.5,28.7,6.40149140001164
2015-01-23,9.60075833159161,1.795082580403066,82.5,32.1,21.1,25.1,3.7741029292699966
2015-01-24,7.670398252703531,1.121926612751916,82.5,31.5,22.5,26.2,2.865562460049821
2015-01-25,14.742316161090256,2.3186483330206267,63.2,36.7,23.2,28.2,6.790002486506244
2015-01-26,13.789298405227832,1.9446727954366547,66.8,35.7,23.3,28.2,5.870107557721782
2015-01-27,15.779580858482293,2.1690581179870376,66.2,38.4,22.3,28.6,7.019500927191736
2015-01-28,11.683889926287987,1.8698776879198602,73.3,38.7,24.7,27.7,5.712902394604049
2015-01-29,14.115104775327705,2.094263010470243,65.2,39.8,22.8,30.1,6.665493592467361
2015-01-30,13.830952565135902,2.243853225503832,73.3,35.6,24.6,29.1,5.721653815348116
2015-01-31,10.400731413003042,2.1690581179870376,83.6,32.5,23.1,26.7,4.018286545446575
2015-02-01,13.926332937525022,1.795082580403066,85.4,33.7,23.8,27.0,5.019106997094349
2015-02-02,4.6669999302915715,1.271516827785505,93.0,27.3,23.1,24.3,1.6261161069349863
2015-02-03,14.241217004725817,1.5706972578526825,81.1,34.2,20.6,25.3,5.271347791640931
2015-02-04,9.768188426783736,1.8698776879198602,82.3,31.7,20.7,24.8,3.841268086971729
2015-02-05,7.259262481863388,2.094263010470243,81.2,31.6,21.1,25.4,3.1935696121822943
2015-02-06,6.579655096625529,1.5706972578526825,83.4,29.4,22.9,25.2,2.59486487834166
2015-02-07,12.705057867354638,1.9446727954366547,83.8,31.0,20.6,24.9,4.410109827005442
2015-02-08,13.545280236426384,1.7202874728862712,83.4,32.9,22.1,25.7,4.903806710662571
2015-02-09,11.439998511416649,1.121926612751916,86.8,32.3,21.3,25.7,3.8711145249603764
2015-02-10,14.034361953076726,2.1690581179870376,76.5,35.3,23.9,28.2,5.629777214520185
2015-02-11,16.10234355919374,2.4682385480542153,69.6,37.0,25.2,29.9,6.860043288348985
2015-02-12,14.778890691878605,2.019467902953449,63.6,37.6,25.0,30.9,6.43874217818127
2015-02-13,15.743642906518991,2.393443440537421,67.9,38.2,25.4,30.4,7.008240473895583
2015-02-14,14.462181317804566,1.3463119353022994,84.5,35.4,23.9,27.7,5.210235384828334
2015-02-15,11.54237219106475,1.4959021503358882,85.6,36.1,20.3,25.9,4.535780732346049
2015-02-16,7.71575512657896,1.0471315052351216,89.3,29.9,21.1,25.1,2.5519223425226163
2015-02-17,9.417989412558061,1.1967217202687106,87.2,34.0,22.8,26.1,3.584359695207249
2015-02-18,6.960494440127967,1.5706972578526825,87.1,32.0,23.0,25.5,2.88620199832859
2015-02-19,12.283987301981274,2.243853225503832,67.6,34.5,23.6,28.1,5.44253974082529
2015-02-20,14.328207082432941,2.019467902953449,63.9,35.9,24.6,30.0,6.064643752418742
2015-02-21,15.123106625337645,1.9446727954366547,70.6,35.2,23.5,28.7,5.976604031517803
2015-02-22,15.700390589659921,1.4959021503358882,76.4,35.0,23.0,28.0,5.7367491081657
2015-02-23,15.090493693830094,0.9723363977183274,75.5,35.7,23.2,28.5,5.364298741747777
2015-02-24,15.118446820157098,1.8698776879198602,68.5,36.1,22.6,28.6,6.147503828627752
2015-02-25,11.851186537503832,1.4959021503358882,75.8,35.5,22.1,27.6,4.73758009288433
2015-02-26,14.794492753946479,2.094263010470243,72.5,35.1,22.9,27.5,6.0015565728961455
2015-02-27,14.649784967615709,1.795082580403066,73.2,36.6,23.5,28.2,5.980054129740449
2015-02-28,9.798375798484784,2.094263010470243,80.6,31.8,23.8,26.6,3.9219543169458495
2015-03-01,12.687361643828334,1.121926612751916,76.8,31.8,20.8,25.6,4.409875109721092
2015-03-02,11.796745875315379,1.271516827785505,72.1,32.7,20.1,25.8,4.390618506267183
2015-03-03,12.67198440660664,1.3463119353022994,74.0,34.5,19.9,26.3,4.795749278779278
2015-03-04,12.76265571856269,1.4959021503358882,76.6,34.5,21.1,27.0,4.818179858471695
2015-03-05,14.460595390791578,1.9446727954366547,65.6,37.5,22.8,28.6,6.380313389967229
2015-03-06,13.926935195236245,2.094263010470243,70.5,36.7,22.1,28.3,5.9345459876101305
2015-03-07,7.573160711209274,1.271516827785505,88.2,31.3,22.5,25.1,2.8477196838470293
2015-03-08,10.454452874584238,1.3463119353022994,86.8,32.1,22.1,25.3,3.7424110503608268
2015-03-09,6.139902743578177,1.3463119353022994,94.1,29.8,22.1,24.9,2.1174809651080606
2015-03-10,4.982524470467402,0.9723363977183274,90.1,29.1,21.1,25.3,1.6558605443767895
2015-03-11,5.247237540768557,0.9723363977183274,83.4,31.4,23.5,26.8,2.0472402827581666
2015-03-12,7.666355968215912,1.4959021503358882,83.2,29.8,24.4,26.7,2.8168003190030033
2015-03-13,12.507114816655216,1.3463119353022994,87.7,34.0,23.2,26.6,4.476874061832776
2015-03-14,10.106087550841744,1.4959021503358882,86.9,31.6,22.1,25.9,3.528852152886497
2015-03-15,12.372967169810192,1.121926612751916,85.8,34.2,23.9,27.6,4.340042043113261
2015-03-16,11.471322707739871,1.8698776879198602,80.9,35.4,23.4,27.2,4.781619551747219
2015-03-17,4.485169383868173,0.6731559676511497,96.3,26.5,21.0,23.3,1.3618745707510345
2015-03-18,10.29772851835529,1.0471315052351216,88.5,30.7,21.8,25.4,3.3907345617956888
2015-03-19,11.815022043972649,1.4211070428190937,84.4,32.1,21.1,25.8,4.075754460064259
2015-03-20,10.989691418666299,0.897541290201533,86.3,32.7,22.0,25.7,3.7792139931675317
2015-03-21,6.246019024974942,1.121926612751916,90.4,29.0,21.2,24.4,2.1299973360272175
2015-03-22,7.235442820214035,1.5706972578526825,87.8,29.8,22.0,24.7,2.6909893081424157
2015-03-23,5.886007525600434,1.0471315052351216,92.5,27.5,20.6,22.7,1.999665066183708
2015-03-24,10.240443257973517,1.271516827785505,88.0,29.1,21.0,23.8,3.396924519763608
2015-03-25,10.777796361243931,1.121926612751916,84.6,29.9,20.2,24.5,3.551587779856164
2015-03-26,12.665029027551597,1.3463119353022994,83.0,33.3,19.1,24.8,4.517126084921889
2015-03-27,10.066330204993449,1.4211070428190937,88.7,29.9,20.0,24.5,3.2565921398474167
2015-03-28,8.43226959905304,1.3463119353022994,85.8,30.0,21.9,25.2,2.9557638521437037
2015-03-29,9.207156052248807,1.4211070428190937,89.2,32.0,22.1,25.2,3.362399922982628
2015-03-30,10.149614076306003,1.0471315052351216,90.8,32.1,22.9,25.7,3.4611263730854342
2015-03-31,7.15617301228306,1.795082580403066,80.5,32.4,24.2,26.9,3.196805657099
2015-04-01,8.363604746078444,1.3463119353022994,86.9,29.4,23.3,25.4,2.937705166275194
2015-04-02,7.066758783009211,1.0471315052351216,87.5,28.2,20.1,23.7,2.3522478105019147
2015-04-03,11.18625171887855,0.897541290201533,79.7,30.2,17.8,23.3,3.727478220736291
2015-04-04,11.615523050328644,1.121926612751916,75.5,32.2,17.7,24.5,4.140334155499684
2015-04-05,10.302031169231737,1.5706972578526825,74.8,33.8,21.0,26.5,4.18899571688798
2015-04-06,8.114984745715253,2.393443440537421,79.1,33.9,23.1,26.1,4.102389773017978
2015-04-07,5.231232512961178,1.7202874728862712,92.9,25.1,20.2,21.3,1.8678308013388143
2015-04-08,10.398625597829154,0.9723363977183274,81.5,28.3,17.6,22.1,3.4124076700769557
2015-04-09,9.879017890814282,0.9723363977183274,79.8,29.3,17.5,23.2,3.2846041181316847
2015-04-10,9.248779115194267,1.0471315052351216,78.3,29.5,20.5,24.0,3.2834195530620414
2015-04-11,10.950290838538418,1.1967217202687106,79.6,31.1,19.1,23.7,3.9199630891456225
2015-04-12,10.886799953208309,1.3463119353022994,83.1,31.2,18.0,23.4,3.852014707341655
2015-04-13,9.711231406459454,1.1967217202687106,82.5,30.4,18.4,23.5,3.3938462383543064
2015-04-14,10.18735955854058,1.1967217202687106,77.9,31.4,19.8,24.8,3.6954864137315613
2015-04-15,9.538384180011526,1.3463119353022994,77.0,33.2,20.3,25.3,3.8461878904676103
2015-04-16,8.173271816149986,1.3463119353022994,82.6,31.9,22.6,25.5,3.2495710030761606
2015-04-17,8.377652207721225,1.4959021503358882,89.4,29.0,22.4,24.7,2.879372217794639
2015-04-18,10.358270805714296,1.4211070428190937,77.6,33.7,20.3,26.3,4.02928988284713
2015-04-19,6.6980396191642075,1.3463119353022994,88.2,29.2,22.7,25.5,2.330258501700061
2015-04-20,9.77900096163884,1.0471315052351216,82.3,34.9,23.2,27.2,3.7341826336045454
2015-04-21,8.338230022402007,2.1690581179870376,81.9,33.5,23.1,27.0,3.6916728921454203
2015-04-22,3.8786796582885428,1.0471315052351216,96.5,26.6,22.5,23.4,1.3259784733422
2015-04-23,5.794489449535546,0.897541290201533,90.8,27.5,19.7,23.3,1.8569550367391296
2015-04-24,9.76303078784338,1.7202874728862712,84.8,32.3,20.5,25.0,3.7309623691158507
2015-04-25,7.719901536952837,2.019467902953449,86.7,28.2,20.8,23.5,2.851392716262905
2015-04-26,5.987236961084081,0.897541290201533,90.4,26.8,17.8,21.3,1.9670431259406396
2015-04-27,7.321666041880241,0.7479510751679441,86.0,28.3,17.5,22.3,2.3814923626532405
2015-04-28,9.513271959305005,1.5706972578526825,81.5,31.0,18.7,23.9,3.5550897097677354
2015-04-29,7.338323230671488,1.5706972578526825,86.4,28.0,20.5,23.3,2.6444912898781925
2015-04-30,3.82165088565702,1.0471315052351216,96.9,21.9,17.8,19.8,1.0411106978660731
2015-05-01,7.941612027813884,0.8227461826847385,84.1,26.7,16.1,20.9,2.5374492746279027
2015-05-02,8.217207098369089,1.4211070428190937,81.6,29.6,18.0,22.8,3.095651747446759
2015-05-03,8.84341442286239,1.7202874728862712,75.5,31.3,19.4,25.0,3.6412431044813554
2015-05-04,7.09597662665259,2.393443440537421,66.2,32.4,23.1,26.5,4.112674209574878
2015-05-05,4.582363415807907,1.4211070428190937,93.8,25.4,21.0,22.1,1.5879884324003346
2015-05-06,3.3444559130958593,0.5235657526175608,95.2,23.2,17.9,20.2,0.990233401320749
2015-05-07,5.883169998408464,1.121926612751916,88.8,25.8,17.7,20.9,1.9762344136932082
2015-05-08,4.512171810693529,0.9723363977183274,91.4,22.6,17.4,19.6,1.3851040487957984
2015-05-09,8.19702496575908,1.271516827785505,81.5,28.4,15.0,20.8,2.9513656241214816
2015-05-10,8.134898918838719,1.5706972578526825,81.6,29.6,15.9,21.7,3.1383076723151793
2015-05-11,6.138067790846625,1.4959021503358882,84.3,29.7,19.8,23.1,2.5588852198009033
2015-05-12,7.17446019055313,1.121926612751916,87.3,27.0,18.5,22.0,2.3960574337359075
2015-05-13,4.737627617420203,0.897541290201533,94.4,24.3,18.8,20.5,1.4951546558672268
2015-05-14,5.045283387893687,0.897541290201533,90.6,25.4,17.4,20.3,1.6757029046428256
2015-05-15,7.273537679714808,0.897541290201533,81.7,27.1,14.4,20.1,2.465525643578479
2015-05-16,5.550550335309794,1.1967217202687106,83.0,25.5,16.6,21.0,1.9480021973607664
2015-05-17,7.143771655948658,1.0471315052351216,82.5,28.7,18.5,22.5,2.5881030591216234
2015-05-18,5.377292810606785,0.8227461826847385,87.4,27.0,19.1,22.1,1.8471612738341863
2015-05-19,6.221978586099423,0.7479510751679441,88.9,28.9,18.6,22.1,2.1508820381005838
2015-05-20,7.29661363527168,0.897541290201533,83.9,28.4,16.5,22.0,2.465296823370942
2015-05-21,6.1230342358873,0.7479510751679441,85.3,27.9,18.8,22.5,2.0771888357580535
2015-05-22,7.023845524982537,1.645492365369477,77.5,28.7,17.1,22.5,2.8965164492409516
2015-05-23,5.895372590179807,1.795082580403066,69.7,28.1,18.2,23.2,2.763821439716751
2015-05-24,7.129806650004043,1.9446727954366547,65.8,32.7,20.9,25.0,3.977092999250544
2015-05-25,6.979678002395637,1.271516827785505,72.4,33.4,18.5,24.8,3.174107880912197
2015-05-26,6.839888420467957,0.9723363977183274,89.3,29.2,17.2,22.3,2.322153492168075
2015-05-27,7.269847565473919,1.5706972578526825,75.3,31.4,18.9,24.5,3.218726512987881
2015-05-28,6.632325563604717,2.243853225503832,64.5,34.2,22.6,26.3,4.286351703314738
2015-05-29,6.1271929793515145,1.271516827785505,89.4,28.3,20.1,22.0,2.3561858774095517
2015-05-30,6.2514458566295446,1.121926612751916,87.5,27.0,15.9,21.1,2.090691447950059
2015-05-31,2.561026356033357,0.9723363977183274,95.7,21.9,19.8,20.8,0.7536811567279583
2015-06-01,3.725236997214904,1.271516827785505,92.2,23.9,20.1,21.4,1.2770350610174879
2015-06-03,5.265561262596339,0.8227461826847385,87.1,26.1,18.4,20.9,1.835145450917285
2015-06-04,6.881949959253937,1.9446727954366547,78.3,29.8,16.8,21.7,3.2116133420257844
2015-06-05,6.773716239332032,0.897541290201533,85.1,28.9,15.0,20.9,2.3853129148272854
2015-06-06,6.590640814862507,1.9446727954366547,73.5,34.6,17.0,23.6,3.82674091838566
2015-06-07,6.516999430835091,1.5706972578526825,60.9,32.3,20.9,26.0,3.48364846441505
2015-06-08,6.565228727028364,1.3463119353022994,68.9,32.4,18.1,24.1,3.194216933494319
2015-06-09,6.251842101955888,1.645492365369477,62.8,31.9,17.2,23.9,3.444803999326783
2015-06-10,6.154009853567279,1.3463119353022994,63.8,31.8,16.0,23.2,3.1632888887335664
2015-06-11,5.961965718496048,1.4211070428190937,58.3,33.2,18.9,24.4,3.49698122675395
2015-06-12,4.103481458076813,1.8698776879198602,77.8,27.3,18.4,22.4,2.122718954704409
2015-06-13,6.667929356083013,1.3463119353022994,79.5,32.1,18.0,24.1,2.892022911029057
2015-06-14,6.0691292875206075,1.9446727954366547,53.8,34.4,19.4,26.8,4.12523554861746
2015-06-15,4.144784025888191,2.393443440537421,79.9,26.8,21.7,22.3,2.5464753072222446
2015-06-16,2.619041228681522,0.9723363977183274,100.0,19.5,17.7,18.5,0.6562863087957789
2015-06-17,6.780751190503694,1.0471315052351216,87.4,29.7,18.2,22.0,2.526013500595971
2015-06-18,6.690565398602894,2.1690581179870376,68.9,32.5,18.8,26.0,3.506390238681319
2015-06-19,3.0705011719494864,3.141394515705365,96.9,28.1,19.4,20.0,2.2710864985237977
2015-06-20,4.333808487120457,0.897541290201533,88.5,23.6,16.6,18.9,1.4908843359425947
2015-06-21,5.054495796070409,1.1967217202687106,83.5,25.6,14.7,19.5,1.892604666887051
2015-06-22,4.923598175782588,1.3463119353022994,72.5,27.3,18.3,22.1,2.25449277425289
2015-06-23,6.497105103611281,1.795082580403066,74.2,30.4,16.6,23.1,3.06389295223757
2015-06-25,3.0785972548639045,0.5983608601343553,93.2,20.4,16.3,17.9,0.9103634588139891
2015-06-26,5.896036661427477,1.0471315052351216,85.8,23.9,12.3,18.0,1.868272428449145
2015-06-27,6.188333288214456,1.271516827785505,85.5,24.8,13.1,18.3,2.1255802430535886
2015-06-28,6.525843125702733,1.3463119353022994,81.6,26.1,13.1,18.9,2.4198630110914987
2015-06-29,6.174673642922441,2.243853225503832,73.0,27.9,15.0,21.3,3.041358178689074
2015-06-30,6.011753993582034,2.019467902953449,63.1,29.8,18.3,23.6,3.370670188368488
2015-07-01,5.7930021491764965,1.8698776879198602,70.9,31.1,19.6,23.7,3.210997269637832
2015-07-02,4.558661104316407,0.6731559676511497,90.1,26.6,17.7,21.1,1.5234126033138422
2015-07-03,2.9246654987937464,1.4211070428190937,77.9,26.5,17.0,22.4,1.4500776496279792
2015-07-04,4.601919498467197,3.0665994081885706,70.9,28.1,22.6,23.5,3.4464471176516955
2015-07-05,3.0298205157464775,0.7479510751679441,92.5,19.7,15.3,17.1,0.9055509048270836
2015-07-06,3.8895462601310067,0.5983608601343553,90.3,22.4,16.2,18.3,1.221662737144192
2015-07-07,5.753100156955154,1.5706972578526825,81.1,27.5,15.0,20.6,2.3791400956524766
2015-07-08,4.333009611390322,2.4682385480542153,67.2,27.0,19.6,23.6,2.684455909148565
2015-07-09,4.293508982619344,1.8698776879198602,65.3,28.2,21.2,23.9,2.715283510296669
2015-07-10,6.6843117735816415,1.0471315052351216,81.0,28.4,14.7,20.7,2.479721518709022
2015-07-11,6.83724468979592,2.019467902953449,80.0,29.4,16.6,21.8,3.0470082550069804
2015-07-13,6.5486091281709164,1.9446727954366547,53.5,33.0,20.1,26.5,4.082502598215753
2015-07-14,6.49898178514707,2.6178287630878043,50.3,32.5,22.9,27.6,4.750916951473372
2015-07-15,6.315065028515233,2.1690581179870376,67.3,32.3,22.5,25.0,3.9344252267680977
2015-07-16,7.12062608320941,1.3463119353022994,81.6,31.8,17.8,23.0,3.0704845338528304
2015-07-17,5.970400485101825,1.271516827785505,88.3,29.9,16.5,21.5,2.3718234077952176
2015-07-18,5.712343537159845,1.645492365369477,72.4,29.8,17.3,22.7,2.847777266420133
2015-07-19,7.028239479026374,1.4211070428190937,73.6,31.0,15.4,22.4,3.169578762674735
2015-07-20,6.824316120597452,2.094263010470243,59.7,31.2,17.1,24.3,3.89094249571295
2015-07-21,6.409682868672452,3.0665994081885706,63.0,32.2,19.2,23.8,4.7459324103249365
2015-07-22,2.8064491900910813,0.8227461826847385,95.7,20.0,17.6,18.4,0.8164829662199778
2015-07-23,4.425642148636905,0.9723363977183274,86.8,23.8,17.4,20.1,1.5118036182120236
2015-07-24,7.096980229748401,1.8698776879198602,78.3,29.4,14.9,21.6,3.05869535863128
2015-07-25,4.171311277468166,1.0471315052351216,92.3,28.3,18.2,20.8,1.705101762136668
2015-07-26,4.184927507571828,1.271516827785505,93.3,23.6,18.8,20.0,1.4252550573827045
2015-07-27,6.525593832232042,1.271516827785505,90.7,27.5,17.1,20.7,2.305104950956366
2015-07-28,7.502779007994539,1.4959021503358882,89.0,28.0,19.1,22.1,2.6640837602746332
2015-07-29,6.204816608016865,1.1967217202687106,87.9,27.0,20.2,22.5,2.186731599814887
2015-07-30,8.074415573515115,1.5706972578526825,85.0,30.7,19.3,22.9,3.211438376699257
2015-07-31,8.447473326313755,1.0471315052351216,81.8,33.6,16.4,22.8,3.359802378736115
2015-08-01,7.855051426948516,1.0471315052351216,73.5,31.3,16.7,23.2,3.1579395192404127
2015-08-02,8.260834392629143,1.5706972578526825,69.5,32.0,14.9,22.5,3.8216292782873946
2015-08-03,8.074269591458911,1.795082580403066,56.2,32.1,16.8,24.0,4.298535610153817
2015-08-04,8.262293452646144,2.243853225503832,59.6,33.1,17.2,24.2,4.7378309660513045
2015-08-05,8.57767011639337,1.7202874728862712,75.0,31.9,16.3,22.1,3.940516619159494
2015-08-06,8.11731488165178,1.3463119353022994,69.5,32.5,16.3,23.1,3.7268329942342238
2015-08-07,8.286104943668214,1.645492365369477,65.8,33.6,15.4,23.4,4.191627261543139
2015-08-08,8.784328354204531,1.5706972578526825,73.7,31.3,17.5,23.7,3.6557292440850113
2015-08-09,9.159494877056908,1.4211070428190937,78.2,29.0,16.5,22.7,3.2697835854696375
2015-08-10,8.902881372326746,1.795082580403066,69.8,29.7,15.3,22.4,3.736967579245535
2015-08-11,9.139542666763901,2.243853225503832,66.0,28.9,15.7,22.2,4.134385053436217
2015-08-12,9.291265650404263,1.7202874728862712,69.4,28.5,14.9,21.7,3.716257770027015
2015-08-13,9.263516143589403,2.094263010470243,67.1,30.2,14.4,22.4,4.176237659764273
2015-08-14,8.728935452125985,1.9446727954366547,68.0,29.6,15.5,22.2,3.8871032368015097
2015-08-15,9.428227594058098,1.7202874728862712,65.1,31.5,16.2,23.5,4.190692573814899
2015-08-16,8.873474796772408,1.7202874728862712,60.7,33.9,16.4,24.3,4.482831607031428
2015-08-17,9.622163567860746,1.8698776879198602,68.0,30.9,15.0,23.2,4.115232703458326
2015-08-18,9.27786885100419,2.3186483330206267,63.6,31.7,16.3,24.3,4.563863729242641
2015-08-19,8.35219069846783,2.9918043006717765,53.0,34.1,23.6,27.3,5.839159824978135
2015-08-20,9.019578143326981,2.393443440537421,67.6,26.4,19.2,22.0,3.923489577824184
2015-08-21,6.527033638832039,1.4959021503358882,84.7,25.8,16.6,20.3,2.351016143634997
2015-08-22,7.727276975239382,0.9723363977183274,77.8,28.2,18.3,22.3,2.777807318159752
2015-08-23,10.21392785531327,1.8698776879198602,69.1,33.5,16.9,24.2,4.691431453064687
2015-08-24,9.335672831724796,2.243853225503832,85.5,27.9,16.6,20.8,3.4469195643151496
2015-08-25,4.125981081076059,0.6731559676511497,96.0,23.2,18.6,19.8,1.2577948316007652
2015-08-26,8.344394368170661,1.271516827785505,89.9,27.5,16.2,20.7,2.7228385711062524
2015-08-27,5.900450453134648,2.019467902953449,84.3,28.4,17.8,21.6,2.6232857526733078
2015-08-28,8.055412844369354,1.7202874728862712,79.8,26.3,16.6,21.2,2.8702556730105298
2015-08-29,8.473743515760182,1.121926612751916,81.5,28.6,15.3,21.3,2.9417121134221778
2015-08-30,11.08999038585293,1.7202874728862712,70.0,34.4,16.2,23.9,4.928230900104254
2015-08-31,10.886266207541738,2.243853225503832,52.8,37.4,18.2,27.5,6.154723331946564
2015-09-01,10.670398278576428,3.290984730738954,59.8,37.8,18.2,26.1,7.164981528554339
2015-09-02,4.211361926177194,1.7202874728862712,92.8,22.6,17.5,19.2,1.4245528054953045
2015-09-03,7.687636024681569,1.4959021503358882,80.3,26.3,18.0,20.6,2.8810960526612135
2015-09-04,7.467211381877581,2.54303365557101,80.9,27.9,18.5,21.8,3.2537512570723033
2015-09-05,3.076513083523547,0.897541290201533,98.8,19.8,17.8,18.2,0.8541066768381514
2015-09-06,4.947353214813724,0.5983608601343553,93.5,22.5,16.7,19.1,1.4241274846797185
2015-09-07,3.362153655684926,2.243853225503832,80.2,25.6,18.7,22.7,1.6478845615616973
2015-09-08,4.270243699879456,1.795082580403066,79.6,26.8,20.7,23.6,1.9446458417968544
2015-09-09,4.971344841953268,1.645492365369477,89.3,25.9,20.4,21.9,1.9223152248149462
2015-09-10,7.280771981400863,1.4959021503358882,85.1,27.7,19.6,22.3,2.703967655555992
2015-09-11,4.04725851697072,2.1690581179870376,84.5,26.4,20.5,22.9,1.8834890909216158
2015-09-12,3.7622154336573734,1.9446727954366547,98.3,21.0,17.7,18.6,1.0984605514940173
2015-09-13,3.0182256234881937,1.8698776879198602,99.8,17.9,16.8,17.2,0.6889121984351958
2015-09-14,3.323412466748553,0.9723363977183274,99.8,19.3,16.6,17.8,0.8262692698199936
2015-09-15,12.017611426981755,1.0471315052351216,87.3,29.7,17.7,22.4,3.851454208416134
2015-09-16,13.047907233308294,2.6178287630878043,65.8,35.1,21.1,28.2,5.897602729285658
2015-09-17,12.684369963997678,2.692623870604599,56.5,36.7,25.3,28.7,6.963980182525123
2015-09-18,12.486301549772596,1.8698776879198602,49.9,38.8,21.3,30.0,6.410472929422079
2015-09-19,13.291734090362333,1.4211070428190937,78.7,36.2,19.9,25.8,5.190421825897122
2015-09-20,13.189675495403092,1.9446727954366547,86.3,29.3,19.6,23.8,4.25219793774983
2015-09-21,13.697486347599003,2.094263010470243,82.2,32.0,20.8,24.0,5.155467899171485
2015-09-22,13.561571459402458,1.3463119353022994,87.5,29.5,18.6,23.1,4.279149115704142
2015-09-23,13.055496862593847,1.4959021503358882,84.6,35.2,21.2,24.5,5.113859563775834
2015-09-24,13.219574675130197,1.4959021503358882,68.8,39.3,19.4,27.8,5.887031983304621
2015-09-25,12.320668797378527,2.9918043006717765,64.1,38.3,22.8,28.1,6.992100579246915
2015-09-26,8.83860153179748,1.4959021503358882,80.1,29.5,20.6,24.6,3.2030260098137795
2015-09-27,12.351223349113589,1.8698776879198602,74.9,36.2,21.2,26.8,5.334707863863059
2015-09-28,4.016391594619712,1.645492365369477,89.3,28.1,22.0,23.8,1.7303627304999645
2015-09-29,5.069429471576299,1.1967217202687106,93.5,25.5,21.3,23.1,1.5711152690661447
2015-09-30,5.35562926744799,1.0471315052351216,92.6,29.3,21.8,24.2,1.9098644804328193
2015-10-01,7.648384591687904,2.019467902953449,89.7,28.7,22.2,24.2,2.7865661652535514
2015-10-02,12.576437865250185,1.3463119353022994,84.8,32.9,21.9,25.7,4.466038736968433
2015-10-03,7.517946147948941,2.3186483330206267,80.7,32.0,22.1,25.9,3.4562182286188925
2015-10-04,4.235945734755719,1.4211070428190937,94.9,25.5,21.6,22.6,1.4451018080851072
2015-10-05,5.478780586846986,1.8698776879198602,94.0,21.7,19.6,20.3,1.586175513763909
2015-10-06,7.715974832390305,0.897541290201533,84.3,25.6,15.1,20.5,2.368060860720367
2015-10-07,15.16110005832273,1.7202874728862712,77.5,31.0,16.6,23.2,5.175786915639273
2015-10-08,14.293459786803485,2.6178287630878043,64.5,33.3,19.0,25.8,6.22633330399394
2015-10-09,12.994079925977388,2.094263010470243,62.5,30.8,24.1,26.9,5.418324527728322
2015-10-10,14.020982239626655,1.3463119353022994,69.5,33.3,20.3,26.8,5.126928377520939
2015-10-11,14.880870181010309,1.8698776879198602,77.3,34.5,19.6,25.4,5.674219893580321
2015-10-12,13.822313380614055,1.8698776879198602,83.1,30.4,22.1,25.0,4.727870674905668
2015-10-13,10.833230330397418,1.5706972578526825,80.2,30.9,21.9,25.3,3.9829659327790923
2015-10-14,12.229225796045506,2.3186483330206267,76.7,35.9,21.4,25.7,5.633673208912399
2015-10-15,14.577410624262512,2.243853225503832,51.6,40.9,23.0,31.2,7.80255815092139
2015-10-16,14.114939519607297,2.54303365557101,53.1,40.9,23.7,30.5,7.965029689513835
2015-10-17,11.098644263993439,2.54303365557101,84.1,30.9,23.1,25.3,4.319525226856413
2015-10-18,6.680896742308557,2.393443440537421,94.3,23.6,19.1,20.5,2.052414061593307
2015-10-19,5.149061712095104,1.0471315052351216,90.2,23.0,18.6,20.6,1.571447452338795
2015-10-20,15.584659214167116,1.9446727954366547,73.2,34.9,18.8,25.6,6.083640843770654
2015-10-21,11.237844023927014,2.54303365557101,71.3,34.4,22.4,27.4,5.189542825651454
2015-10-22,8.268983890503582,2.4682385480542153,85.3,31.4,21.5,24.7,3.574585170903028
2015-10-23,11.936219284033701,2.692623870604599,77.6,30.1,22.5,25.5,4.6102751198802085
2015-10-24,5.886711101602333,1.645492365369477,92.2,25.1,21.6,22.6,1.9384252531629094
2015-10-25,4.26042898236281,1.5706972578526825,97.3,22.9,19.1,20.5,1.2448753469271863
2015-10-26,11.194481328857467,1.121926612751916,83.6,30.1,19.7,23.3,3.82245555661387
2015-10-27,10.611667121608095,1.645492365369477,79.5,32.5,21.6,25.5,4.138593196767106
2015-10-28,5.4776624720266645,1.7202874728862712,95.0,26.1,22.0,23.5,1.7344898142107597
2015-10-29,5.619097310134772,1.8698776879198602,88.0,26.0,21.7,23.3,2.02726509998389
2015-10-30,12.316509581612932,1.8698776879198602,81.5,30.9,20.6,24.5,4.445684139284013
2015-10-31,15.795422090194954,1.9446727954366547,70.3,37.1,19.2,27.2,6.494727669060692
2015-11-01,8.761972301479085,1.645492365369477,86.9,30.3,21.7,24.7,3.1962722996622297
2015-11-02,6.512055646739517,0.6731559676511497,93.8,27.4,21.1,23.8,1.9998793562510893
2015-11-03,6.372888839507737,1.4959021503358882,93.1,30.0,23.2,24.8,2.37845421573073
2015-11-04,10.957129319108848,1.4959021503358882,92.8,30.6,22.7,24.5,3.7140312803190514
2015-11-05,11.266723126266484,1.5706972578526825,91.0,29.6,22.3,24.6,3.6864221823924734
2015-11-06,4.820669009226366,1.4959021503358882,95.3,26.9,23.5,24.2,1.6395726901582415
2015-11-07,4.689859034067642,1.271516827785505,97.2,26.1,22.5,23.5,1.4787761765065064
2015-11-08,8.9421196856606,1.3463119353022994,92.4,29.5,21.3,23.9,2.984942951272637
2015-11-09,8.576481127725392,1.0471315052351216,92.4,30.4,21.9,24.6,2.8712868479217133
2015-11-10,15.244491506399202,1.4211070428190937,88.5,31.8,22.1,25.8,4.9239041650070074
2015-11-11,17.179853689463545,1.7202874728862712,85.6,36.0,22.5,26.8,6.218922658176975
2015-11-12,9.338714870090655,1.795082580403066,88.0,29.0,23.2,25.6,3.116167664805221
2015-11-13,15.84482292819232,1.645492365369477,83.8,33.5,21.6,25.8,5.522144190302167
2015-11-14,14.74729121249917,1.645492365369477,70.3,37.9,22.6,29.0,6.080264788154469
2015-11-15,8.146178598929426,2.094263010470243,85.3,29.7,23.5,25.6,3.1073065027188016
2015-11-16,4.657827164166933,1.1967217202687106,97.5,25.2,22.4,23.0,1.4329024641612143
2015-11-17,9.137239241820257,1.1967217202687106,90.5,29.7,22.0,24.5,3.0449213002528093
2015-11-18,14.102992557422372,1.4959021503358882,85.2,34.1,23.0,26.7,5.026269189490651
2015-11-19,14.255406461864721,1.8698776879198602,71.5,37.3,24.8,28.9,6.062431058237342
2015-11-20,9.491164195240936,2.1690581179870376,75.3,33.5,24.2,28.0,4.160089888168754
2015-11-21,4.186893063921245,1.4211070428190937,95.8,27.2,20.6,22.4,1.5342745929316786
2015-11-22,12.816658264695604,1.121926612751916,82.3,29.3,17.5,23.5,4.021669023886249
2015-11-23,7.271211756780371,1.121926612751916,93.2,28.3,21.1,23.5,2.3862152978956113
2015-11-24,11.21902056019851,0.9723363977183274,90.8,29.7,22.2,24.4,3.609921526896492
2015-11-25,6.235502912039137,0.897541290201533,94.2,29.0,21.7,23.9,2.088711135150505
2015-11-26,10.793445264931995,1.3463119353022994,85.7,29.3,22.0,24.4,3.6432540473769808
2015-11-27,11.522635084093253,1.271516827785505,79.0,30.2,20.6,24.6,3.981029647715176
2015-11-28,15.622843292830087,1.7202874728862712,80.0,34.4,19.7,25.7,5.656404807114299
2015-11-29,11.00239395344054,1.5706972578526825,88.3,32.5,23.2,26.0,3.9700441574410936
2015-11-30,5.149479680896706,1.8698776879198602,99.4,24.0,22.8,22.9,1.4496601685594956
2015-12-01,4.658482358168664,1.3463119353022994,95.9,24.7,20.8,22.1,1.444155830324144
2015-12-02,7.126319399959103,1.3463119353022994,94.1,27.2,21.2,23.2,2.2664680825282875
2015-12-03,3.788367757808433,1.5706972578526825,100.0,23.7,21.9,22.1,1.0997018259656814
2015-12-04,6.218588017499797,0.897541290201533,94.2,26.0,19.4,22.1,1.8845398029321594
2015-12-05,16.529011244560422,1.645492365369477,85.9,34.3,20.9,25.6,5.7427512906989655
2015-12-06,12.114287935518263,1.7202874728862712,90.0,30.6,22.8,25.1,4.08088688419117
2015-12-07,4.206191541297389,0.9723363977183274,97.7,23.4,20.8,22.3,1.1377302382722156
2015-12-08,5.8498157431653555,0.5983608601343553,91.4,26.9,21.4,23.3,1.8514351135941463
2015-12-09,15.498367631084228,1.3463119353022994,84.7,34.3,21.8,26.0,5.413969763997826
2015-12-11,13.57784794787771,1.645492365369477,78.5,29.9,23.4,25.9,4.689076601197802
2015-12-12,12.831042672257608,1.4211070428190937,77.5,35.3,23.1,26.6,5.072424541065881
2015-12-13,14.745482051661618,2.243853225503832,74.4,35.3,21.0,27.0,5.9368341795863016
2015-12-14,14.741885062020826,1.795082580403066,69.3,36.3,23.0,28.5,6.0291904781674095
2015-12-15,18.05539836762326,2.094263010470243,56.3,38.1,25.0,31.2,7.8281188358321545
2015-12-16,13.00253591389546,1.9446727954366547,77.5,30.0,24.6,27.1,4.5771130895748
2015-12-17,14.561133952254096,1.3463119353022994,84.5,31.5,23.8,25.8,4.959884178763159
2015-12-18,18.467892057186102,1.795082580403066,67.8,36.9,21.5,28.2,7.179378513750503
2015-12-19,17.824683538519434,2.4682385480542153,58.6,36.9,24.3,29.6,7.835757870522689
2015-12-20,14.356401656012235,1.7202874728862712,76.4,31.0,23.5,26.7,5.0241780271406045
2015-12-21,16.368935737680783,1.4211070428190937,78.4,34.9,22.5,26.8,5.922487126725027
2015-12-22,18.47097535270251,1.645492365369477,70.0,36.3,22.1,28.4,6.940837207975498
2015-12-23,18.62455893091762,2.094263010470243,61.7,35.8,23.8,29.7,7.458753416281734
2015-12-24,17.349243585080686,2.4682385480542153,56.6,36.7,26.4,30.1,7.908665753012193
2015-12-25,17.45158266097117,1.9446727954366547,64.8,37.5,24.2,29.4,7.226268417116159
2015-12-26,18.341196506210764,1.795082580403066,65.4,38.1,23.7,29.6,7.46363310597182
2015-12-27,15.949874381790716,2.1690581179870376,62.9,37.8,24.9,28.7,7.297443604673728
2015-12-28,13.59320536852454,2.019467902953449,61.1,36.0,23.9,29.3,6.108712951102566
2015-12-29,9.48870862385932,1.4211070428190937,70.0,35.0,23.2,28.0,4.178533094450658
2015-12-30,16.064383486530893,2.094263010470243,53.3,37.5,26.1,30.5,7.522318650295571
2015-12-31,17.16185352676287,2.1690581179870376,54.5,40.1,22.5,30.1,8.16604950896306
2016-01-01,17.097458547799796,2.3186483330206267,61.2,36.7,25.0,29.8,7.428007342292946
2016-01-02,11.15275608005373,1.3463119353022994,85.8,31.4,23.7,26.0,3.908177612549324
2016-01-03,5.514088431977639,0.897541290201533,91.5,26.3,23.5,24.2,1.7982288705561755
2016-01-04,10.890961896352652,0.9723363977183274,77.8,30.4,20.7,24.8,3.7442793896507647
2016-01-05,16.318926140022942,1.4211070428190937,68.5,31.5,19.3,25.4,5.657426791860778
2016-01-06,18.492851335400506,1.8698776879198602,65.3,33.9,20.7,26.4,7.016157715187846
2016-01-07,18.157895337433743,2.243853225503832,71.2,36.0,20.2,26.0,7.291378125085536
2016-01-08,17.91285428667802,1.8698776879198602,74.8,35.9,20.9,26.9,6.748520305119329
2016-01-09,16.856906781372448,1.5706972578526825,75.0,37.7,23.2,28.0,6.602614318166592
2016-01-10,14.832857913853623,1.7202874728862712,73.5,37.1,23.6,28.6,5.993086523442401
2016-01-11,6.5332373813179485,1.0471315052351216,80.7,33.3,24.6,27.2,2.7322692680495524
2016-01-12,9.39000160115689,1.5706972578526825,81.2,34.5,24.0,27.0,3.948644810847775
2016-01-13,14.456633827195587,1.7202874728862712,77.3,34.7,25.1,27.9,5.572297384688821
2016-01-14,7.334202468968854,1.4211070428190937,90.7,28.9,24.3,25.8,2.492622399352483
2016-01-15,7.010457948445823,1.121926612751916,92.5,28.2,24.5,25.1,2.346049685592845
2016-01-16,8.209852937753633,1.8698776879198602,87.3,27.2,22.2,24.1,2.806264571721794
2016-01-17,5.859055216710912,1.271516827785505,85.8,25.7,22.2,23.1,2.083952345934405
2016-01-18,6.460100136584909,0.9723363977183274,89.9,25.5,19.6,21.7,2.0627083433168436
2016-01-19,6.1871923360648315,1.121926612751916,94.2,23.3,20.4,21.5,1.7955261013869153
2016-01-20,6.234855042740061,1.1967217202687106,92.1,24.6,20.3,22.0,1.8973897532443658
2016-01-21,12.377785397897629,2.1690581179870376,83.2,28.4,21.9,24.1,4.243078491927365
2016-01-22,6.811462026440145,1.5706972578526825,89.8,25.3,20.7,22.7,2.1551956789724334
2016-01-23,15.729759662852373,1.7202874728862712,82.4,29.0,21.7,24.7,5.044867346491187
2016-01-24,13.825754298026988,1.5706972578526825,81.5,30.0,20.5,24.7,4.558820503604726
2016-01-25,12.320225180259085,1.121926612751916,82.0,32.5,22.7,26.3,4.2825520819627245
2016-01-26,18.255704377708586,1.7202874728862712,72.5,36.1,23.2,28.6,6.8114075193575045
2016-01-27,16.531073541154285,2.4682385480542153,75.1,32.2,23.8,27.9,5.887242947305689
2016-01-28,8.102985016534026,1.271516827785505,87.0,30.4,24.4,26.3,2.88477687612297
2016-01-29,10.727752900571968,1.4211070428190937,80.0,32.0,23.1,26.7,3.9288836590753733
2016-01-30,17.0417559477739,2.019467902953449,64.5,36.1,25.3,29.6,6.983633240343745
2016-01-31,17.60279482744758,1.8698776879198602,53.3,37.5,24.5,30.9,7.60268689589032
2016-02-01,17.707441327833514,2.019467902953449,58.5,39.0,21.9,29.6,7.8044876368320555
2016-02-02,17.70738349570562,1.795082580403066,77.5,32.6,20.9,26.7,5.914284595079182
2016-02-03,17.7166422718806,1.645492365369477,76.8,33.0,22.2,27.3,6.013731829925328
2016-02-04,17.101106043644936,1.795082580403066,77.4,34.6,22.4,27.1,6.221564778952672
2016-02-05,17.46245527715343,2.094263010470243,66.8,37.9,22.9,29.0,7.3652200316448395
2016-02-06,13.200696279044209,1.4959021503358882,78.8,32.7,21.8,27.0,4.624903683314138
2016-02-07,13.195257351792533,1.1967217202687106,79.3,32.3,23.2,27.3,4.534467662280036
2016-02-08,17.229766533388066,1.5706972578526825,74.5,37.3,22.6,28.1,6.598191215303432
2016-02-09,17.011484963602733,1.9446727954366547,58.0,38.5,23.8,30.4,7.530589780727198
2016-02-10,16.683079123869526,2.3186483330206267,58.8,39.0,24.7,30.7,7.758616344847973
2016-02-11,5.360411807008964,1.1967217202687106,88.8,28.6,25.1,25.9,1.9697142530190102
2016-02-12,16.895460320745592,1.5706972578526825,74.0,30.8,20.6,25.4,5.728326542489906
2016-02-13,16.517806689309573,1.4211070428190937,74.5,33.0,19.8,25.6,5.755844235909872
2016-02-14,16.530935392037097,1.7202874728862712,73.6,36.6,22.1,28.0,6.362376781908451
2016-02-15,14.066766582815214,2.094263010470243,72.6,36.3,24.5,28.5,6.006941052804309
2016-02-16,13.518561088144395,1.645492365369477,82.5,34.8,23.6,26.7,5.164038406999206
2016-02-17,12.506428375782153,1.271516827785505,78.3,36.4,22.7,26.9,4.943721037513532
2016-02-18,15.727750296658488,1.7202874728862712,73.0,34.2,23.3,27.7,5.9130932638435185
2016-02-19,14.044336044748055,2.019467902953449,72.0,35.1,24.9,27.7,5.931411528270587
2016-02-20,14.105951830393499,1.7202874728862712,78.1,35.4,22.9,27.1,5.516960507145409
2016-02-21,10.364342142465683,1.8698776879198602,78.2,33.9,21.9,26.1,4.372538955614168
2016-02-22,12.154591303815678,1.4959021503358882,79.0,33.8,22.1,26.5,4.610756629019194
2016-02-23,14.798195678541848,2.094263010470243,75.0,34.3,22.3,27.3,5.7129343090596425
2016-02-24,14.955098708255866,1.8698776879198602,70.5,34.7,24.2,28.3,5.909014728770091
2016-02-25,10.85754312284688,1.645492365369477,75.4,34.7,24.5,27.0,4.666102658254488
2016-02-26,14.267050097354986,1.8698776879198602,67.2,36.5,22.8,28.3,6.046234455070898
2016-02-27,15.686720506435368,2.1690581179870376,63.5,37.6,24.5,29.5,6.957246867389964
2016-02-28,13.733411349131096,2.094263010470243,67.7,36.2,25.6,28.7,6.132780291367898
2016-02-29,3.523573486286422,1.7202874728862712,88.3,27.3,24.6,24.3,1.7166484955258403
2016-03-01,4.450647016739291,0.897541290201533,93.8,24.7,19.9,21.6,1.3957853055713343
2016-03-02,10.37503728547407,1.121926612751916,86.0,30.6,21.5,24.7,3.5361289543227166
2016-03-03,9.930011922432339,1.8698776879198602,75.6,32.0,23.0,27.1,3.999093046126513
2016-03-04,11.282941674275646,2.243853225503832,66.9,32.1,23.1,27.7,4.812049272963135
2016-03-05,12.62624199872052,1.8698776879198602,70.3,32.5,23.0,27.0,4.987565012363621
2016-03-06,14.636443105283584,1.3463119353022994,80.3,35.8,22.1,27.1,5.389593266541421
2016-03-07,14.306953239566898,1.9446727954366547,78.8,33.8,22.0,26.7,5.316923203982789
2016-03-08,13.96933493258923,1.4959021503358882,82.0,33.3,23.3,27.0,4.9315431741301525
2016-03-09,15.393339620802035,1.645492365369477,72.3,34.7,23.2,28.2,5.835222886426296
2016-03-10,13.797672333589936,1.7202874728862712,67.0,36.1,23.1,28.9,5.689488114056349
2016-03-11,6.6310916102752575,1.7202874728862712,75.9,31.2,25.0,27.5,2.982630016102002
2016-03-12,11.787913382849325,2.54303365557101,70.5,33.7,25.9,27.8,5.485536818827763
2016-03-13,5.086053709116783,0.8227461826847385,86.7,27.0,21.3,24.1,1.6907499336295837
2016-03-14,10.23085861541879,0.897541290201533,80.2,30.8,21.1,25.4,3.480791590784223
2016-03-15,9.468002342994904,1.0471315052351216,83.8,31.1,21.8,25.4,3.3181174744431448
2016-03-16,7.186603511580822,0.8227461826847385,90.1,29.1,21.9,24.3,2.3903468796110845
2016-03-17,11.802718086975716,1.121926612751916,83.5,31.6,21.6,25.1,4.065265102435269
2016-03-18,13.70179617284688,1.4959021503358882,81.0,34.2,21.0,25.6,5.072474094413573
2016-03-19,13.558545893319575,1.795082580403066,79.9,32.6,21.0,26.0,4.868364708318793
2016-03-20,13.124538588171564,1.4211070428190937,79.0,32.9,21.4,26.3,4.69482123701044
2016-03-21,13.910090887050718,0.9723363977183274,73.7,33.9,21.9,27.1,4.953624566729792
2016-03-22,12.997178884055625,1.5706972578526825,69.9,36.2,21.1,27.6,5.361799765426753
2016-03-23,10.857456080102457,2.019467902953449,80.9,32.6,23.0,27.0,4.165047459288423
2016-03-24,9.231678196816025,1.7202874728862712,82.3,30.0,21.6,24.9,3.416723779083438
2016-03-25,11.65752704541759,0.8227461826847385,83.5,33.1,22.9,26.5,4.005117301314013
2016-03-26,5.410228336172923,1.4211070428190937,80.0,32.0,24.1,26.7,2.5030253041265906
2016-03-27,13.578143320953936,2.1690581179870376,68.1,35.3,24.3,28.0,5.983401253181865
2016-03-28,13.246500849309353,1.7202874728862712,76.6,36.3,23.1,28.1,5.319992181674929
2016-03-29,10.258809924535921,0.9723363977183274,84.1,33.4,23.4,27.3,3.6214667629628976
2016-03-30,10.307072135436314,0.8227461826847385,85.0,34.4,24.0,27.0,3.716238614725635
2016-03-31,12.093890591252777,1.271516827785505,78.2,34.8,23.0,27.1,4.605871654610504
2016-04-01,10.110366522979138,0.8227461826847385,83.3,34.0,22.7,26.0,3.6720346472861936
2016-04-02,11.839856938007808,1.271516827785505,80.1,32.7,22.0,26.1,4.280686475063611
2016-04-03,12.757637793677546,1.3463119353022994,77.9,34.5,22.4,27.1,4.7811803109250155
2016-04-04,12.296199103187359,1.4959021503358882,81.1,32.1,21.2,26.0,4.333805291051779
2016-04-05,11.880262773847882,1.121926612751916,78.9,32.4,20.6,25.6,4.192017689626244
2016-04-06,11.098007627409881,1.121926612751916,75.1,33.3,19.5,25.6,4.143707392688845
2016-04-07,11.925529440275785,1.5706972578526825,70.3,35.6,20.6,27.1,5.023034721232341
2016-04-08,11.614808041093909,1.271516827785505,79.6,31.8,20.0,25.6,4.024077229840786
2016-04-09,11.933993020073089,1.8698776879198602,78.1,34.2,21.1,26.2,4.797074134889264
2016-04-10,11.899570114646334,1.645492365369477,79.1,34.5,21.2,26.6,4.612412399565762
2016-04-11,11.10218040236997,1.3463119353022994,79.0,33.6,21.6,26.6,4.164378102199994
2016-04-12,11.716660739057748,1.645492365369477,75.5,35.8,22.5,27.1,4.974779605323832
2016-04-13,11.005859345933423,1.3463119353022994,72.9,34.8,21.5,27.0,4.459940929018254
2016-04-14,11.236513214615957,1.7202874728862712,67.4,36.1,21.7,28.4,5.0049531476828095
2016-04-15,11.134721017911573,1.5706972578526825,74.3,35.5,20.6,27.1,4.596197899119506
2016-04-16,10.99753724392156,1.1967217202687106,69.1,36.4,20.8,27.3,4.658556691145528
2016-04-17,10.862876872541918,1.4211070428190937,66.0,35.4,20.4,27.1,4.713984950828233
2016-04-18,10.929590723335359,1.795082580403066,64.8,35.2,22.0,28.1,4.964906972179114
2016-04-19,10.619791454743812,2.019467902953449,64.0,35.0,22.3,28.0,5.086903650046077
2016-04-20,10.368672526309744,1.7202874728862712,60.1,36.0,21.4,27.9,5.063076832246028
2016-04-21,10.326835425985843,1.795082580403066,59.6,37.0,21.2,29.0,5.119757787968452
2016-04-22,10.060336852801314,1.7202874728862712,63.0,37.7,22.0,28.7,5.089559065271866
2016-04-23,10.02999080368281,1.271516827785505,65.8,36.5,20.7,27.6,4.478545672779613
2016-04-24,9.598265751765272,2.094263010470243,54.7,35.9,22.1,28.6,5.424454052334944
2016-04-25,9.079737032694581,2.019467902953449,45.7,37.2,24.0,29.6,5.6802911314932825
2016-04-26,7.533675828779305,1.7202874728862712,56.9,35.2,25.7,28.3,4.418800963111778
2016-04-27,4.820320634168484,1.9446727954366547,78.9,30.7,21.5,24.0,2.7340795114111636
2016-04-28,3.737085841063976,2.393443440537421,79.7,23.7,20.0,20.5,2.121154842841125
2016-04-29,4.381224360650411,0.7479510751679441,81.0,24.1,18.2,19.7,1.6099816009005126
2016-04-30,3.704376001334509,0.6731559676511497,89.5,23.0,18.0,19.7,1.2110834546276124
2016-05-01,8.384127289307791,1.645492365369477,75.5,25.0,16.7,20.2,3.0741575043428253
2016-05-02,9.06857169440166,1.4959021503358882,75.8,28.0,13.9,19.4,3.5004875465817666
2016-05-03,8.926099971647755,1.645492365369477,72.7,30.4,15.5,21.5,3.859487043953872
2016-05-04,8.915610470167303,2.1690581179870376,77.2,29.8,16.1,21.8,3.760181382950771
2016-05-05,7.609583758436634,1.1967217202687106,79.6,28.3,18.1,22.6,2.7661725804051582
2016-05-06,7.257714688741225,1.121926612751916,78.2,30.3,18.0,23.1,2.8415621573633087
2016-05-07,7.34705196187968,1.271516827785505,82.0,31.8,18.8,23.2,3.029374165171474
2016-05-08,6.921726245486986,1.0471315052351216,84.7,29.3,20.6,23.6,2.5305251286212282
2016-05-09,7.401909172357993,1.3463119353022994,81.7,31.0,20.1,23.8,2.9925516794061076
2016-05-10,7.036240745422123,1.5706972578526825,81.0,33.7,19.1,24.2,3.3069413504742173
2016-05-11,6.449939362236247,1.4959021503358882,84.3,28.6,20.7,23.7,2.48171733410635
2016-05-12,4.504326708757171,1.271516827785505,86.8,25.6,21.4,22.9,1.6817160305677021
2016-05-13,4.864231674065615,1.121926612751916,90.3,24.9,19.2,20.6,1.7156094160398232
2016-05-14,5.360518603002135,0.7479510751679441,85.2,25.7,17.3,20.1,1.8378507858722641
2016-05-15,8.006653008878855,1.645492365369477,74.0,28.4,17.7,22.3,3.2855383971582945
2016-05-16,7.058735948765776,2.3186483330206267,55.4,33.2,20.1,26.9,4.394321308990739
2016-05-17,3.89444044993728,1.9446727954366547,86.5,29.6,21.5,22.8,2.2623709268631242
2016-05-18,2.892017447188466,1.3463119353022994,96.8,21.2,20.0,20.0,0.8937097419188443
2016-05-19,3.822481654787099,1.121926612751916,96.3,22.1,18.5,20.0,1.0936509894025266
2016-05-20,7.044441876069664,0.8227461826847385,88.6,28.1,19.9,22.6,2.3632941681858646
2016-05-21,4.726620903666078,1.4959021503358882,75.7,28.7,20.8,24.6,2.20079158862734
2016-05-22,7.750528140215333,1.4211070428190937,75.5,33.9,18.6,24.3,3.5511135033364676
2016-05-23,2.3519709370247064,2.4682385480542153,86.0,24.6,20.0,20.7,1.6237051928414639
2016-05-24,4.870011023068012,1.271516827785505,82.7,22.9,13.2,17.8,1.7178859428100186
2016-05-25,6.7705070869333985,1.1967217202687106,81.5,25.2,13.6,18.9,2.3399166258620254
2016-05-26,7.2823961331224885,1.121926612751916,77.6,27.4,15.1,20.7,2.641307117319226
2016-05-27,7.245987484004469,1.271516827785505,80.1,27.7,16.7,21.1,2.7083562159786903
2016-05-28,6.302153860220535,1.0471315052351216,83.3,26.3,16.4,20.8,2.1831609146075617
2016-05-29,6.9503646606799485,1.0471315052351216,82.8,29.1,16.1,20.9,2.6162159222966754
2016-05-30,7.057374500406234,1.4959021503358882,75.8,31.2,16.7,22.4,3.2211930595465215
2016-05-31,6.539406316939774,1.4211070428190937,77.3,30.7,18.6,22.9,2.9401512461595485
2016-06-01,6.444160263660363,1.1967217202687106,85.6,27.0,18.6,22.4,2.1908127582326213
2016-06-02,5.750803812519157,1.9446727954366547,78.6,29.9,21.1,23.7,2.881153387840919
2016-06-03,6.184059881602808,1.1967217202687106,86.0,27.6,18.8,21.8,2.2758376938178273
2016-06-04,4.478877809737176,1.121926612751916,93.0,24.3,20.2,21.4,1.4663316542978824
2016-06-05,4.450219833389813,1.0471315052351216,93.9,27.2,20.2,22.1,1.5966192414507128
2016-06-06,6.452909782303809,1.4959021503358882,92.8,29.0,20.8,22.8,2.410171878658729
2016-06-07,3.140093818257812,1.645492365369477,94.5,21.9,19.0,19.6,1.0939268187786189
2016-06-08,3.1995016107537113,1.4211070428190937,94.8,20.0,17.1,17.7,1.0398081530305403
2016-06-09,5.358106962398959,1.0471315052351216,84.0,21.7,14.7,17.9,1.7208917026409327
2016-06-10,4.1906821016495,1.0471315052351216,85.7,20.9,12.5,16.5,1.3695822748894628
2016-06-11,6.508173537194315,1.1967217202687106,78.3,21.3,12.0,16.5,2.1558350275107716
2016-06-12,5.4719563892125995,1.4959021503358882,76.3,20.4,11.9,16.0,1.9674734246851628
2016-06-13,6.459624519226984,0.9723363977183274,74.5,21.8,10.1,15.7,2.1449611151847607
2016-06-14,6.113329270700933,1.1967217202687106,81.2,23.9,11.1,16.1,2.2312547982878
2016-06-15,6.510396216208035,1.4211070428190937,78.8,26.1,10.5,17.1,2.617069978582637
2016-06-16,6.517390549086955,1.3463119353022994,79.6,27.0,11.8,18.0,2.6258991710487387
2016-06-17,6.539810264215291,1.7202874728862712,71.8,29.2,14.0,20.6,3.175830819971284
2016-06-18,4.759798340656255,1.9446727954366547,81.3,22.6,16.0,20.1,1.6861342915579525
2016-06-19,5.370805325518466,1.0471315052351216,88.9,25.0,17.0,19.7,1.8386986968174948
2016-06-20,3.0988036626387463,1.4211070428190937,92.0,20.8,18.1,18.7,1.097010459268999
2016-06-21,2.77689349292704,1.0471315052351216,96.8,18.8,16.6,17.8,0.728368065547888
2016-06-22,5.638320697150009,1.121926612751916,86.3,25.3,16.0,19.3,2.0114911681431704
2016-06-23,5.108482125503073,1.8698776879198602,90.0,23.0,16.4,18.9,1.7696295457671352
2016-06-24,3.7447530641772078,0.897541290201533,91.4,21.6,14.8,18.0,1.132964104954849
2016-06-25,5.5488172463427805,0.6731559676511497,86.8,24.7,15.8,19.0,1.797938738066338
2016-06-26,6.039935296963841,0.8227461826847385,82.6,25.6,13.7,18.9,2.039021846547642
2016-06-27,6.548192421898192,1.1967217202687106,81.6,27.1,14.1,19.8,2.4358749061145897
2016-06-28,6.0294732814005325,0.8227461826847385,85.1,26.6,15.5,20.0,2.059875952458513
2016-06-29,6.978950143379617,1.5706972578526825,76.5,29.2,15.5,21.6,2.973465153820962
2016-06-30,6.3013662607664,1.3463119353022994,88.7,26.8,15.1,19.7,2.2512843794488453
2016-07-01,4.942160773952141,0.897541290201533,89.6,25.4,18.7,20.8,1.6885735384560734
2016-07-02,7.265589317177331,1.121926612751916,83.8,29.9,17.2,22.1,2.7349826554910184
2016-07-03,7.272512764692022,1.4959021503358882,81.0,27.6,17.2,21.5,2.774846438618122
2016-07-04,6.883494081339133,2.3186483330206267,68.9,28.3,16.1,22.0,3.4421792819184334
2016-07-05,6.90983187461142,2.1690581179870376,62.3,29.1,17.3,23.9,3.494635491868528
2016-07-06,6.54154050466132,2.019467902953449,54.9,30.8,19.4,25.2,3.8746632197499338
2016-07-07,5.44404797596091,1.7202874728862712,72.1,26.1,16.8,20.8,2.55727977634042
2016-07-08,6.725959778054108,1.121926612751916,78.2,23.8,10.6,16.8,2.2960663032625543
2016-07-09,6.475319386444812,1.3463119353022994,78.7,25.3,11.3,17.5,2.457890764389773
2016-07-10,6.848784178678708,2.4682385480542153,64.6,30.9,15.1,22.8,3.941588677342658
2016-07-11,6.672564133420985,1.8698776879198602,56.4,33.4,20.2,25.9,4.068787678570857
2016-07-12,6.530931649943309,1.9446727954366547,50.7,34.5,21.6,26.7,4.481470498362468
2016-07-13,6.71670455856745,2.1690581179870376,69.3,28.2,17.9,23.5,3.1306388613334226
2016-07-14,7.252425715400548,1.3463119353022994,78.0,32.8,16.0,22.4,3.3241870463652665
2016-07-15,6.6591912653599765,1.8698776879198602,57.4,34.3,16.9,25.0,4.214926276947425
2016-07-16,6.758675319253453,2.4682385480542153,65.0,29.7,18.9,24.0,3.7380731362903754
2016-07-17,5.4086901744524365,2.9170091931549815,73.3,22.9,17.5,19.4,2.774927368880119
2016-07-18,6.474837593057432,1.9446727954366547,66.1,21.4,11.0,17.4,2.497776280663175
2016-07-19,4.127376203198556,0.8227461826847385,78.9,21.1,10.1,15.6,1.3855494629296448
2016-07-20,3.2404583125999498,1.3463119353022994,84.0,19.4,15.6,17.6,1.1559979793494903
2016-07-21,2.864699755344025,0.5983608601343553,85.9,19.4,15.1,17.4,0.8850177761256953
2016-07-22,3.9144624383826967,0.897541290201533,85.3,20.8,16.0,18.1,1.279963192568074
2016-07-23,5.929637025739407,0.897541290201533,77.9,26.5,16.7,19.9,2.246099031324338
2016-07-24,7.662533710279416,2.243853225503832,69.9,30.1,16.3,22.4,3.846961859079249
2016-07-25,7.2847186831801745,1.1967217202687106,86.7,23.9,17.4,20.1,2.278454661131758
2016-07-26,7.710003903838932,1.1967217202687106,73.3,31.3,15.4,22.3,3.2691284087641974
2016-07-27,7.211727383690142,3.0665994081885706,56.3,34.3,17.1,23.7,5.60751176469982
2016-07-28,5.161735651185504,1.1967217202687106,75.3,23.2,15.5,19.0,1.9555445740590804
2016-07-29,4.657857208211248,0.8227461826847385,78.0,24.2,17.5,19.7,1.738377137158337
2016-07-30,6.863994232161504,0.7479510751679441,78.1,26.9,16.1,20.6,2.3607828833619733
2016-07-31,8.135638415809403,1.121926612751916,78.1,28.3,16.2,21.3,2.940867411667453
2016-08-01,7.973303846843136,1.795082580403066,60.6,31.1,15.8,23.0,4.026853472578493
2016-08-02,7.083197949304795,2.7674189781213934,63.8,27.3,18.5,22.7,3.826795784854937
2016-08-03,4.261431894730815,1.1967217202687106,86.2,23.3,18.7,20.2,1.5553106995491806
2016-08-04,7.733518235956997,1.1967217202687106,71.6,27.3,18.5,21.8,2.986516035504703
2016-08-05,8.183075418734038,1.645492365369477,67.7,29.6,16.6,22.1,3.656107401844308
2016-08-06,7.837635815986743,1.795082580403066,52.0,32.9,17.7,25.3,4.379484572806115
2016-08-07,7.065063860046088,3.0665994081885706,60.3,30.4,22.5,24.1,4.982658766412597
2016-08-08,6.272591821508448,1.271516827785505,78.8,27.0,20.0,22.1,2.487498645715269
2016-08-09,8.409487973408396,1.3463119353022994,82.5,28.8,16.8,21.9,3.002891584627989
2016-08-10,2.5106762559989653,2.3186483330206267,90.0,20.8,19.0,19.0,1.1964054122446373
2016-08-11,8.341348228922996,2.094263010470243,72.3,24.8,11.0,18.0,3.2269311766011675
2016-08-12,7.037313891614403,1.4211070428190937,75.8,23.9,12.2,17.8,2.520424002636998
2016-08-13,9.069711581486931,1.1967217202687106,78.2,27.6,11.9,18.4,3.2321697674942076
2016-08-14,8.997972917380672,1.795082580403066,68.7,33.6,13.8,21.9,4.537460563106116
2016-08-15,8.692666253103715,2.3186483330206267,64.0,36.2,15.9,24.1,5.3769158230275504
2016-08-16,8.451595832675604,1.7202874728862712,66.1,31.4,18.9,23.2,4.071841469736045
2016-08-17,9.346115545030532,1.4959021503358882,65.8,34.6,16.7,24.8,4.334679746349247
2016-08-18,8.767260700710716,2.4682385480542153,74.6,30.9,18.8,23.4,4.113883019587264
2016-08-19,8.670787961912971,1.1967217202687106,75.8,30.8,19.9,24.0,3.3858287321095526
2016-08-20,5.922423516592335,1.8698776879198602,74.9,28.6,20.6,23.8,2.8390421668459815
2016-08-21,3.3672565023653385,2.3186483330206267,89.8,27.6,20.0,21.0,2.0959093987999173
2016-08-22,6.018156103049996,2.393443440537421,83.2,19.8,14.9,16.9,2.0583337219495905
2016-08-23,5.811543076765012,0.7479510751679441,82.2,21.8,12.0,17.4,1.7123620542629274
2016-08-24,10.04493471740404,0.9723363977183274,73.9,26.6,15.2,20.3,3.335690651025616
2016-08-25,10.568309777279755,1.795082580403066,70.4,28.2,13.4,20.5,4.069614429166954
2016-08-26,10.530591259884233,1.9446727954366547,68.0,30.3,14.3,20.9,4.587411955346989
2016-08-27,10.544156484083546,1.8698776879198602,68.0,30.7,13.1,21.3,4.544890062149537
2016-08-28,10.0938570854201,2.4682385480542153,51.5,34.0,15.8,25.4,5.732954096117424
2016-08-29,9.677616485118337,2.094263010470243,38.7,35.4,22.6,28.2,6.07569042638067
2016-08-30,10.589939095775552,1.9446727954366547,66.5,34.7,17.2,24.2,5.136500739766985
2016-08-31,7.819115057473509,1.795082580403066,84.3,28.0,17.6,21.9,2.90568673887665
2016-09-01,9.166887718562855,1.795082580403066,82.6,27.6,19.4,22.5,3.295364154662759
2016-09-02,7.429159983090809,1.1967217202687106,85.8,27.5,20.3,22.6,2.5960851452059126
2016-09-03,10.010051402357929,1.795082580403066,76.0,30.2,19.4,23.9,3.964958758988189
2016-09-04,11.099270932337237,2.019467902953449,75.9,32.4,17.9,23.5,4.700078605802189
2016-09-05,11.422529781222032,2.094263010470243,83.3,27.9,19.6,23.2,3.7990053987041787
2016-09-06,7.853361721341633,1.5706972578526825,70.8,30.8,19.3,24.6,3.437125897328432
2016-09-07,11.15631638759373,2.019467902953449,75.8,29.9,19.9,23.2,4.446902286582844
2016-09-08,3.660570839388881,0.9723363977183274,82.1,23.2,20.1,21.2,1.3848746614925174
2016-09-09,4.64517176628861,0.9723363977183274,79.3,24.6,19.0,21.1,1.7517627690811794
2016-09-10,7.730809905654172,0.9723363977183274,82.6,27.6,19.0,22.2,2.6550853420825016
2016-09-11,12.429645580101447,1.795082580403066,74.8,33.0,18.8,24.5,4.95923507115544
2016-09-12,12.072434245029907,1.645492365369477,66.3,34.9,18.4,25.9,5.286404433624092
2016-09-13,11.572857053175607,2.9918043006717765,43.9,36.5,21.9,29.4,7.335983096601255
2016-09-14,10.648440996876634,2.6178287630878043,49.1,32.5,22.8,26.8,6.066513304927063
2016-09-15,10.719348464043746,1.8698776879198602,69.1,28.7,18.2,22.5,4.317146736114313
2016-09-16,4.832186987675139,1.645492365369477,80.7,23.5,18.7,20.8,1.8938366050525275
2016-09-17,10.551544447736372,1.7202874728862712,78.0,30.0,19.1,22.4,4.1270736292904955
2016-09-18,11.883240555155462,1.795082580403066,77.2,36.8,17.8,24.2,5.351067642252179
2016-09-19,12.158007599034867,3.290984730738954,75.4,32.1,20.3,24.1,5.58549046394767
2016-09-20,2.9077718115974234,2.1690581179870376,88.8,22.4,20.1,20.1,1.399827936051368
2016-09-21,10.758853165781904,2.243853225503832,76.0,25.0,14.9,19.6,3.7292367700438636
2016-09-22,11.018692683036019,0.9723363977183274,74.7,27.6,14.4,20.4,3.630645924850938
2016-09-23,12.845895626252656,1.9446727954366547,66.5,31.3,15.9,22.4,5.236280022499893
2016-09-24,8.548768452972842,1.795082580403066,81.2,26.2,16.1,20.9,2.9509136335788027
2016-09-25,3.1378095387440292,1.3463119353022994,93.9,21.8,18.8,19.5,1.0646110244386933
2016-09-26,6.265963496263579,1.4211070428190937,87.0,23.0,16.8,18.9,2.0798620604003384
2016-09-27,9.23146334912019,1.645492365369477,82.0,24.4,16.5,20.0,2.981623927211701
2016-09-28,11.104956236377607,1.3463119353022994,74.9,29.0,18.4,21.6,4.085638705358363
2016-09-29,13.480102974301303,2.393443440537421,77.8,29.2,16.3,21.7,4.859526068202445
2016-09-30,4.618833506958928,1.3463119353022994,93.8,21.8,17.6,19.4,1.3588805528371262
2016-10-01,5.156608466000797,0.897541290201533,92.1,22.5,17.1,18.7,1.5966332027613683
2016-10-02,5.287305444295075,0.7479510751679441,88.4,22.6,17.6,19.6,1.611550257173623
2016-10-03,8.866103131920243,1.3463119353022994,80.4,26.7,15.6,20.7,3.0074097628527854
2016-10-04,5.734318019281325,0.897541290201533,93.0,23.9,18.4,20.3,1.7432930330940337
2016-10-05,8.649149903835864,1.645492365369477,84.8,25.4,18.9,20.9,2.949165869647881
2016-10-06,7.281532639760898,1.0471315052351216,86.8,24.9,18.2,20.4,2.3626154911761565
2016-10-07,11.891674274017852,2.243853225503832,81.8,25.5,18.2,20.9,3.9274743539678143
2016-10-08,15.054007621343082,1.645492365369477,79.0,30.2,14.8,20.9,5.160226499862394
2016-10-09,11.696658040412165,2.019467902953449,81.4,26.8,17.1,21.8,3.776853124147771
2016-10-10,4.824639650534526,1.0471315052351216,85.5,23.2,19.7,20.8,1.6492775075888408
2016-10-11,10.69807864613851,1.3463119353022994,77.9,28.7,18.2,22.2,3.7910771958141063
2016-10-12,15.043607979355084,1.7202874728862712,80.7,30.2,19.1,23.4,5.0781331621710715
2016-10-13,14.623032083767988,2.54303365557101,62.8,34.0,20.3,26.8,6.524214294211215
2016-10-14,8.826063576811173,1.9446727954366547,64.0,31.8,22.8,26.8,4.22248185656577
2016-10-15,12.889761113945934,1.3463119353022994,81.0,32.3,21.5,24.7,4.6795908897627205
2016-10-16,15.54972396973497,1.4959021503358882,75.8,35.9,21.3,27.0,5.884748068998876
2016-10-17,14.654419727673512,1.7202874728862712,67.7,37.2,22.5,28.5,6.170217544194937
2016-10-18,15.862576629690647,1.795082580403066,82.6,31.7,22.5,26.2,5.343236056014012
2016-10-19,14.901785052749775,1.4211070428190937,85.9,34.8,22.1,25.6,5.386785621098129
2016-10-20,12.094204121536196,2.094263010470243,80.5,36.4,22.5,27.1,5.272885821099047
2016-10-21,7.872776067352297,2.4682385480542153,86.2,29.5,23.9,25.3,3.194848739863448
2016-10-22,4.649315945663504,1.7202874728862712,94.5,24.2,19.9,21.8,1.4070092865843395
2016-10-23,9.1299103023831,1.0471315052351216,82.3,28.9,20.8,23.5,3.168262649731082
2016-10-24,14.253231366388897,1.9446727954366547,76.2,32.5,21.0,25.2,5.386996678243808
2016-10-25,6.096376216798919,1.1967217202687106,81.3,28.2,22.5,24.9,2.2817133761453388
2016-10-26,15.337264518990544,1.9446727954366547,72.3,34.3,21.3,26.7,5.9882653538956925
2016-10-27,14.358092322369197,2.692623870604599,66.2,39.0,22.7,28.9,7.3157543816251565
2016-10-28,5.198468745613623,2.243853225503832,79.5,25.2,22.5,22.5,2.5417763549176042
2016-10-29,11.759623840319081,2.019467902953449,71.4,26.7,17.6,21.0,4.372652478062809
2016-10-30,5.553928655349594,0.9723363977183274,75.1,24.5,19.2,21.3,2.07157268949282
2016-10-31,16.15286158350957,1.7202874728862712,67.0,33.0,15.3,23.4,6.05585015664645
2016-11-01,15.913469957129433,2.019467902953449,61.5,35.7,17.8,26.0,6.820832263248754
2016-11-02,15.302517247868222,2.7674189781213934,44.9,38.0,22.0,30.1,8.292112485873599
2016-11-03,13.15555530136473,3.3657798382557482,62.0,31.8,27.3,27.5,6.854469816532209
2016-11-04,3.3708394738512424,1.5706972578526825,99.8,22.2,20.3,21.0,0.8979368029294599
2016-11-05,4.545697374417319,1.7202874728862712,97.9,21.8,19.9,20.6,1.2074893347806723
2016-11-06,10.907985980362913,1.1967217202687106,81.9,27.6,20.2,23.3,3.5654117029753425
2016-11-07,13.908803054943847,1.795082580403066,79.1,32.7,19.3,23.9,5.292209093298751
2016-11-08,13.82884470188866,1.795082580403066,79.2,32.1,19.4,24.4,5.044466165286499
2016-11-09,16.053522981139707,2.3186483330206267,65.5,34.1,21.4,27.0,6.580007321509077
2016-11-10,15.933875492843862,2.243853225503832,71.3,35.0,21.4,26.9,6.434760094643082
2016-11-11,17.583976329758734,2.1690581179870376,79.0,35.1,21.9,26.0,6.69162289235762
2016-11-12,10.198864390616412,1.645492365369477,88.8,28.8,20.4,24.0,3.291755174929293
2016-11-13,4.4614362768775315,2.094263010470243,99.6,22.9,21.1,21.7,1.1672039678953323
2016-11-14,4.003371406978407,0.8227461826847385,99.8,22.6,21.1,21.7,1.0806773246897008
2016-11-15,14.783404054845978,1.5706972578526825,86.0,31.1,20.6,24.1,4.9562269872815605
2016-11-16,13.673376650495317,1.7202874728862712,86.0,30.1,21.3,24.6,4.503948460285861
2016-11-17,15.748932264731813,2.243853225503832,86.4,31.8,21.7,24.8,5.461347286948617
2016-11-18,5.609168463083909,2.8422140856381874,93.4,25.2,22.2,21.9,2.2463500588808616
2016-11-19,11.627577701694571,2.243853225503832,76.3,24.2,15.5,19.7,3.8117222316074897
2016-11-20,15.150552864926802,1.271516827785505,74.8,25.7,14.2,20.0,4.570105418446432
2016-11-21,15.569471837172532,2.019467902953449,71.7,30.8,15.7,22.1,5.649745653259535
2016-11-22,13.202625805770994,2.1690581179870376,78.0,29.5,19.4,23.6,4.7067037780975
2016-11-23,7.644675858941584,0.7479510751679441,89.3,27.2,20.2,23.1,2.394758552659617
2016-11-24,9.2047779564104,1.795082580403066,87.2,27.5,22.5,24.1,3.1266351361153215
2016-11-25,16.16552237954117,1.4959021503358882,79.1,30.7,19.0,24.5,5.2689140892665955
2016-11-26,12.749840640841226,1.5706972578526825,76.9,30.5,21.5,25.0,4.550634270890768
2016-11-27,17.811820493525993,1.5706972578526825,77.4,34.1,21.3,26.2,6.3012362312880565
2016-11-28,17.373537637807082,1.795082580403066,75.8,36.3,21.1,27.0,6.617069726266205
2016-11-29,7.26074349618008,2.3186483330206267,85.2,29.1,24.5,25.9,2.9112375331086846
2016-11-30,7.300807874657771,2.4682385480542153,88.7,25.3,20.2,22.1,2.508610258557941
2016-12-01,9.425696157527149,0.8227461826847385,78.1,26.8,17.9,22.2,3.029129131904603
2016-12-02,11.517900223847906,1.121926612751916,72.2,28.2,20.5,23.8,3.9563402966247887
2016-12-03,15.626127302162837,1.795082580403066,74.5,34.7,19.4,26.0,5.906957438085278
2016-12-04,9.41940349892466,1.795082580403066,83.7,31.9,21.9,24.4,3.7666762544887886
2016-12-05,7.043426365282555,1.271516827785505,90.2,25.0,20.7,22.3,2.171617037377666
2016-12-06,18.307699837198236,1.645492365369477,78.8,29.5,19.7,23.7,5.888481803947473
2016-12-07,18.29896082916344,1.8698776879198602,78.0,31.3,18.0,24.1,5.965623782714346
2016-12-08,16.948669396350112,1.7202874728862712,80.7,34.1,19.9,25.9,5.928338850123653
2016-12-09,14.229574397805402,2.54303365557101,80.1,31.9,23.6,26.4,5.3417894806432304
2016-12-11,12.087239748888278,1.795082580403066,83.2,35.4,24.6,27.7,4.859662145678147
2016-12-12,13.566070897467492,1.8698776879198602,83.9,32.6,24.4,27.0,4.763567815557159
2016-12-14,8.169901549857066,2.243853225503832,92.9,29.7,23.5,25.9,2.6246066433643485
2016-12-15,3.532570109945321,1.645492365369477,96.4,25.2,19.7,21.1,1.2860330723571431
2016-12-19,18.21217159987689,2.243853225503832,64.7,33.9,21.3,27.5,6.941624325259518
2016-12-20,17.323847444199167,2.393443440537421,54.0,34.9,24.9,29.1,7.677098351257404
2016-12-21,17.576342121202938,2.8422140856381874,55.8,35.3,25.2,28.5,8.177831948519927
2016-12-22,16.89663625506361,1.5706972578526825,72.7,35.5,20.5,26.8,6.1447745851190945
2016-12-23,16.003700732375,1.9446727954366547,70.1,36.3,22.8,27.6,6.56306505106082
2016-12-24,13.932615099285485,1.8698776879198602,67.3,34.2,20.7,27.6,5.4969889656420925
2016-12-25,18.79276193378651,2.1690581179870376,69.9,31.9,22.8,27.5,6.567598656595386
2016-12-27,18.36426166289548,1.8698776879198602,56.4,39.3,24.8,31.5,7.861888593101226
2016-12-28,18.480509691267002,2.3186483330206267,65.9,36.5,25.0,29.8,7.557394741369934
2016-12-29,17.91404621247618,1.645492365369477,74.0,35.1,24.1,28.9,6.2972159177984794
2016-12-30,16.009479940400606,1.3463119353022994,70.9,38.1,23.3,28.7,6.159455794311285
2016-12-31,16.244802359010045,1.795082580403066,64.9,39.3,23.2,29.7,6.98538940934327
2017-01-01,16.80745964517857,2.094263010470243,61.2,38.6,24.4,30.3,7.446892637915428
2017-01-02,14.526957852211472,1.8698776879198602,65.1,35.0,25.9,29.7,5.98680076849296
2017-01-03,16.31823874465472,1.5706972578526825,73.4,33.7,23.5,27.8,5.743058618236691
2017-01-04,17.24516987988489,1.645492365369477,70.1,36.9,21.7,28.5,6.662618626817646
2017-01-05,13.832838021776269,1.4211070428190937,67.9,38.2,24.2,28.1,5.857788636969416
2017-01-06,18.44515260263877,2.1690581179870376,73.9,33.5,21.9,28.2,6.363543369603187
2017-01-07,17.112073289428746,1.7202874728862712,79.3,34.8,24.0,27.5,6.142150713634821
2017-01-08,15.818245863513074,1.8698776879198602,71.0,34.3,23.3,27.9,6.080089567806586
2017-01-09,16.847421357129583,1.9446727954366547,58.9,37.6,25.5,29.7,7.377878822154525
2017-01-11,14.537417673314295,1.8698776879198602,71.8,34.9,24.5,27.1,6.006325964747285
2017-01-12,7.003467968550899,1.271516827785505,83.5,28.9,23.1,25.7,2.502908783174628
2017-01-13,6.453658062460559,0.4487706451007665,86.1,28.5,23.7,25.4,2.1059452089826354
2017-01-14,15.72983321172467,1.1967217202687106,77.2,31.8,22.9,26.9,5.284739343339775
2017-01-15,16.56371254218616,1.3463119353022994,78.6,32.8,23.3,26.6,5.734849501751812
2017-01-16,16.296795612099835,1.7202874728862712,72.8,34.9,22.2,27.6,6.132709706099087
2017-01-17,14.40749784755619,2.54303365557101,56.2,34.0,24.9,29.2,6.645431015886786
2017-01-18,16.588675878960892,2.4682385480542153,55.3,35.9,25.6,29.4,7.640581239490108
2017-01-19,9.020161459799422,1.1967217202687106,80.6,30.7,23.1,26.0,3.2846721729403394
2017-01-20,12.808574253171312,1.4959021503358882,80.6,31.2,22.3,25.4,4.523658505198471
2017-01-21,15.450367037432084,1.645492365369477,75.3,32.4,22.9,26.4,5.565630891646803
2017-01-22,14.211553660213234,1.9446727954366547,74.6,34.3,22.2,26.5,5.643165761058247
2017-01-23,14.126317811881476,1.7202874728862712,73.9,34.6,22.6,26.9,5.565329423021431
2017-01-24,14.407392298218848,1.8698776879198602,67.5,35.6,23.3,27.8,6.041584253460592
2017-01-25,11.040597161392041,1.9446727954366547,66.3,36.3,25.1,28.2,5.417358027487959
2017-01-26,13.729737729481291,2.019467902953449,67.4,36.1,21.9,28.6,5.796760303992972
2017-01-27,17.434740584296392,2.094263010470243,73.0,36.1,23.7,28.2,6.882256014935939
2017-01-28,18.166242256001656,1.795082580403066,72.5,36.0,24.0,28.6,6.9011856713669575
2017-01-29,15.743880986461848,1.121926612751916,68.6,34.3,23.6,28.3,5.6905377158886825
2017-01-30,15.118355345706842,1.4959021503358882,73.8,33.9,22.9,26.8,5.681560278005305
2017-01-31,14.765603810702217,1.121926612751916,75.8,33.2,21.4,25.8,5.222901394684237
2017-02-01,11.33058229429236,1.0471315052351216,74.5,32.7,22.2,26.1,4.178588993938178
2017-02-02,13.004269437680854,1.5706972578526825,69.8,34.4,22.0,26.8,5.233262639877949
2017-02-03,11.0651036493749,1.8698776879198602,70.0,33.9,22.4,27.4,4.6957313647594265
2017-02-04,14.086910213958907,2.1690581179870376,63.8,33.7,25.7,28.2,6.101643567021337
2017-02-05,14.050128093421819,1.8698776879198602,67.7,34.6,24.5,27.8,5.838708582232786
2017-02-06,17.21626368323001,2.4682385480542153,63.2,35.1,25.3,28.7,7.316351852277402
2017-02-07,14.195724587177498,2.1690581179870376,69.7,32.3,24.7,28.1,5.5275276233668205
2017-02-08,13.264508916621173,2.094263010470243,76.1,30.8,24.1,26.8,4.901173342613733
2017-02-09,12.648077802636898,1.1967217202687106,72.7,30.6,20.9,25.6,4.406091321666767
2017-02-10,16.625671379114355,1.121926612751916,75.5,33.5,21.6,26.2,5.747053270237613
2017-02-11,17.18752233884057,1.7202874728862712,66.8,35.4,22.3,28.1,6.645896464098204
2017-02-12,17.290288440964886,2.393443440537421,58.7,35.1,23.4,29.2,7.384336333443174
2017-02-13,16.88773442680762,2.6178287630878043,54.4,34.5,24.1,29.0,7.518572021209592
2017-02-14,16.53745372652004,2.094263010470243,59.0,35.3,21.3,28.5,6.864616876741587
2017-02-15,17.108984072266882,2.019467902953449,60.4,35.7,22.9,28.7,7.136903350772848
2017-02-16,15.193276180513456,1.5706972578526825,65.5,35.0,22.3,27.5,6.067170891074936
2017-02-17,16.612463439851062,1.795082580403066,65.1,37.0,20.6,27.6,6.855532232715399
2017-02-18,16.491095991149393,1.9446727954366547,67.3,37.3,21.9,27.8,6.9373085651958775
2017-02-19,16.829524415597984,1.795082580403066,68.7,38.0,20.9,27.5,6.996839018400071
2017-02-20,15.838449883548222,1.8698776879198602,69.4,36.3,22.0,27.6,6.51336227604501
2017-02-21,13.916771847583448,1.5706972578526825,63.9,35.4,21.8,27.7,5.770253957451778
2017-02-22,16.11882531968744,1.795082580403066,59.4,35.5,21.7,28.4,6.634779711014566
2017-02-23,15.49820994243004,2.094263010470243,54.2,37.4,23.5,29.5,7.218605707836256
2017-02-24,14.997696929715534,2.094263010470243,58.3,37.0,23.2,28.9,6.889071854761448
2017-02-25,7.2159746648955325,1.3463119353022994,79.0,29.6,20.6,24.6,2.7725140091055365
2017-02-26,6.43902350952493,1.0471315052351216,80.0,29.7,23.3,25.4,2.486369092946348
2017-02-27,12.838435908717539,1.5706972578526825,74.1,32.3,22.6,26.3,4.833954663633889
2017-02-28,12.582933532207436,1.9446727954366547,68.1,33.8,23.9,27.4,5.362788297605575
2017-03-01,14.492181107160674,2.019467902953449,62.3,36.0,23.1,28.9,6.321768655808023
2017-03-02,13.759402645315475,1.8698776879198602,64.9,34.0,24.9,28.7,5.684976271631848
2017-03-03,10.834284744772226,1.7202874728862712,73.2,36.3,23.7,27.1,4.943706919143487
2017-03-04,14.043567954991257,1.4959021503358882,66.8,36.0,22.5,28.4,5.659370199906989
2017-03-05,11.032786884640464,1.3463119353022994,66.5,36.2,24.8,28.6,4.815300770577015
2017-03-06,9.464237241266012,1.3463119353022994,82.8,31.3,23.0,26.1,3.4250133111534025
2017-03-07,13.063324239310088,1.5706972578526825,81.2,32.2,24.4,27.0,4.682736804117918
2017-03-08,7.627096968655653,0.897541290201533,85.5,31.1,23.6,25.9,2.7286894943904323
2017-03-09,15.470335631372297,0.9723363977183274,74.7,34.4,22.8,27.6,5.420650945710028
2017-03-10,15.113562027103919,2.019467902953449,64.6,35.9,23.9,29.2,6.359852710225558
2017-03-11,14.904914289932698,1.8698776879198602,68.5,34.9,24.1,28.4,5.9873967073402365
2017-03-12,14.369549613691824,1.4211070428190937,67.2,36.6,23.3,28.5,5.886603871735007
2017-03-13,11.371379501475765,2.4682385480542153,67.2,31.8,23.4,27.5,4.966191466827763
2017-03-14,10.187764592376695,1.121926612751916,83.7,29.9,22.5,25.8,3.3941458931500965
2017-03-15,12.872604205991156,1.0471315052351216,74.3,32.6,23.1,26.7,4.617369896641792
2017-03-16,14.556914245616298,1.645492365369477,64.0,34.1,21.9,27.7,5.7898631498890865
2017-03-17,13.541426695563139,2.4682385480542153,67.5,34.3,22.6,27.5,5.929031746230807
2017-03-18,8.991551442466827,1.5706972578526825,83.5,29.3,22.0,24.6,3.249238982106944
2017-03-19,4.243900306906153,1.5706972578526825,89.6,23.2,20.5,21.4,1.4776372495631256
2017-03-20,11.235695584620164,1.4211070428190937,79.4,27.9,20.0,22.5,3.912041631034236
2017-03-21,12.073726580990247,1.4211070428190937,77.9,28.4,17.9,22.3,4.102170036751747
2017-03-22,11.90984735392571,1.4959021503358882,80.0,28.2,18.5,22.9,3.9324639716696077
2017-03-23,11.398161521923814,1.1967217202687106,76.6,29.3,17.9,22.9,3.902255138209527
2017-03-24,13.337121746280992,1.5706972578526825,72.5,32.3,18.7,24.2,5.059648481599754
2017-03-25,12.223860872291878,2.019467902953449,73.8,29.7,19.8,24.6,4.452765364713364
2017-03-26,12.571412030478164,1.4211070428190937,78.5,29.3,19.5,23.9,4.231362694825737
2017-03-27,10.559057603397783,1.3463119353022994,78.8,29.2,19.2,23.5,3.6795143851444885
2017-03-28,8.107117052897024,1.3463119353022994,85.7,27.5,21.3,23.1,2.827704764968107
2017-03-29,9.121750834055458,1.3463119353022994,80.1,26.6,19.8,22.7,3.09651228477743
2017-03-30,12.646150645505582,1.271516827785505,77.0,28.0,18.6,22.7,4.1800300610058905
2017-03-31,9.523442080975968,1.7202874728862712,77.3,26.8,19.1,22.3,3.426464802338152
2017-04-01,11.325908031760394,1.5706972578526825,73.9,27.9,17.2,22.2,3.9676553904419887
2017-04-02,9.81660463688264,1.271516827785505,81.7,28.0,18.0,21.9,3.343744649758078
2017-04-03,12.016614092937811,1.4211070428190937,75.7,29.8,18.5,23.0,4.293068051007886
2017-04-04,12.1881517605879,1.271516827785505,72.9,32.2,19.5,24.9,4.505530454448774
2017-04-05,11.952328603596193,2.094263010470243,61.5,33.3,20.2,26.8,5.318484745560784
2017-04-06,10.266348187484889,2.094263010470243,58.8,34.6,25.1,28.2,5.352570663173879
2017-04-07,7.002269683787556,1.1967217202687106,85.0,30.6,22.8,25.1,2.6742019289021757
2017-04-08,7.239839660754884,1.271516827785505,86.3,29.3,22.8,25.1,2.5868369234888093
2017-04-09,10.925714771327184,0.9723363977183274,82.5,30.9,22.3,25.8,3.685087849610564
2017-04-10,10.791952240789414,0.897541290201533,79.2,32.8,21.4,26.0,3.8151522378762808
2017-04-11,11.983946439064773,1.4959021503358882,73.9,33.1,22.7,26.9,4.633364687774457
2017-04-12,6.4587726133061425,1.4959021503358882,86.6,29.6,21.6,23.9,2.5506011111434956
2017-04-13,5.365195829975155,1.1967217202687106,91.2,23.9,20.7,21.4,1.7487417118551625
2017-04-14,8.84612677677405,0.8227461826847385,79.7,28.4,20.0,23.5,2.963194215668643
2017-04-15,10.75073276625611,1.5706972578526825,76.0,31.1,19.6,24.7,4.015313730539632
2017-04-16,10.919521889627696,1.4211070428190937,74.3,32.7,19.8,25.1,4.251677951204234
2017-04-17,6.985235082320562,1.3463119353022994,85.5,29.2,21.6,23.7,2.6680430501070513
2017-04-18,6.859195621236851,1.1967217202687106,82.5,26.4,20.0,22.3,2.4408736271323983
2017-04-19,7.943392515103884,0.9723363977183274,79.2,27.1,18.4,21.8,2.743241088353829
2017-04-20,10.518511771582464,1.3463119353022994,72.4,29.5,18.1,23.2,3.8734296205721215
2017-04-21,10.156621629413227,2.3186483330206267,61.8,30.7,18.9,25.1,4.6485028135035575
2017-04-22,4.5497689341894,1.1967217202687106,78.0,27.0,20.5,23.2,1.9205543387119763
2017-04-23,4.739642130217722,1.271516827785505,91.3,23.6,19.0,20.7,1.5371961818348814
2017-04-24,8.382882178040362,0.7479510751679441,80.4,28.1,19.3,22.3,2.8356679792927437
2017-04-25,10.12651362520051,1.645492365369477,74.9,29.7,17.4,23.1,3.8173028788692913
2017-04-26,8.95010642987577,2.4682385480542153,69.1,32.4,19.7,25.6,4.368415628079584
2017-04-27,4.429656557963937,2.019467902953449,81.8,26.4,22.2,23.5,2.075617014320405
2017-04-28,4.276150473391316,1.8698776879198602,88.2,21.8,18.8,19.8,1.5280164111066274
2017-04-29,4.232874460752775,0.4487706451007665,85.5,22.9,17.8,20.0,1.3088547454271697
2017-04-30,5.26075222056295,0.7479510751679441,83.8,24.9,19.0,21.0,1.7896892636787958
2017-05-01,8.065130531907887,0.7479510751679441,76.5,28.4,16.6,21.7,2.7651011248974444
2017-05-02,6.442575243121135,0.897541290201533,78.5,26.4,16.6,20.4,2.298317657374698
2017-05-03,8.777323352434871,1.5706972578526825,76.4,29.5,15.7,21.2,3.5229241041529855
2017-05-04,8.683598591737343,1.9446727954366547,73.8,29.6,15.8,22.0,3.684544086412118
2017-05-05,4.626553948182353,1.4959021503358882,78.1,27.0,17.7,22.5,1.965296169743992
2017-05-06,6.720532915734585,1.271516827785505,76.6,27.6,18.6,21.9,2.658799918939742
2017-05-07,7.453964376832753,1.3463119353022994,80.5,27.5,17.1,21.6,2.7170591013206704
2017-05-08,8.25071622718289,1.3463119353022994,79.0,29.6,15.9,21.6,3.1634271400686287
2017-05-09,8.78522563564146,1.271516827785505,77.8,31.0,17.9,22.9,3.4189464037207413
2017-05-10,8.454916003627662,1.1967217202687106,80.1,28.6,16.8,22.1,2.974330948333507
2017-05-11,5.119108069423921,1.0471315052351216,83.8,26.0,19.7,21.2,1.9643787043893464
2017-05-12,7.551965221954617,0.7479510751679441,78.3,27.1,16.2,20.4,2.577725427490242
2017-05-13,8.079910932751918,1.9446727954366547,67.4,29.8,15.0,21.9,3.7736530936580746
2017-05-14,5.113828038978236,1.9446727954366547,62.2,32.2,21.2,24.9,3.5287844990053103
2017-05-15,8.031185701729811,1.4211070428190937,78.1,27.8,17.7,21.7,3.0536151097062945
2017-05-16,6.417609975305243,1.121926612751916,80.8,26.5,17.9,21.3,2.325362415273303
2017-05-17,5.47233968469735,0.6731559676511497,80.0,25.8,14.8,20.0,1.8369762482531276
2017-05-18,4.4315559267037345,0.8227461826847385,78.7,23.8,18.3,20.6,1.600068359518724
2017-05-19,2.4571690075385826,1.121926612751916,89.0,21.0,18.1,18.9,0.9461181978941557
2017-05-20,5.0443939572550995,0.9723363977183274,86.0,24.3,17.7,20.6,1.6741846220072332
2017-05-21,4.355041198673817,1.3463119353022994,84.9,24.6,20.0,22.1,1.5995923940110777
2017-05-22,3.396067701032827,1.3463119353022994,89.1,24.7,20.6,21.6,1.3658836250452904
2017-05-23,7.268729445168066,1.0471315052351216,80.3,26.9,17.3,21.1,2.584851222636703
2017-05-24,7.450278708453014,1.4959021503358882,80.9,28.1,15.6,20.4,2.9290573667215067
2017-05-25,7.663861236142378,1.9446727954366547,70.1,29.7,17.6,23.8,3.417890504426617
2017-05-26,7.567149004060984,2.6178287630878043,63.6,29.5,19.9,25.0,3.9344383172582456
2017-05-27,6.591046864294405,2.1690581179870376,68.0,30.3,22.0,24.1,3.727859792359323
2017-05-28,6.828334832839685,1.1967217202687106,83.3,27.7,19.0,22.4,2.4564890330266533
2017-05-29,7.522803461142017,1.5706972578526825,79.0,29.6,18.8,22.4,3.1574508792465856
2017-05-30,5.836738065366809,1.3463119353022994,82.9,25.7,17.9,21.3,2.1047964409409197
2017-05-31,7.311930542703618,1.121926612751916,80.2,29.6,18.4,21.8,2.883555130799964
2017-06-01,7.106245706686414,1.3463119353022994,71.9,32.2,15.6,22.7,3.297720698064205
2017-06-02,6.171675082060828,1.121926612751916,80.6,25.1,16.1,20.0,2.1895610958642897
2017-06-03,6.65373853204012,0.8227461826847385,77.4,26.3,14.8,20.1,2.2846568438777806
2017-06-04,7.144257608128841,1.4211070428190937,75.6,31.2,16.0,22.4,3.142352761586288
2017-06-05,5.057165029246774,1.9446727954366547,69.9,27.3,20.6,24.2,2.530590117023894
2017-06-06,4.132471265822389,1.5706972578526825,70.8,27.9,21.6,25.0,2.1106056354987905
2017-06-07,6.073077358245069,1.5706972578526825,71.0,32.4,19.4,25.1,3.0366359963691787
2017-06-08,6.747822755175116,2.1690581179870376,62.0,33.2,18.5,25.9,4.080886176832029
2017-06-09,6.19734516986283,2.019467902953449,64.5,28.6,23.3,25.1,3.393932449471591
2017-06-10,4.326612381938148,1.9446727954366547,72.5,21.2,17.7,18.7,2.1383268385958885
2017-06-11,6.55063702238459,1.3463119353022994,77.0,26.4,11.3,17.6,2.606432114224935
2017-06-12,6.027124743095085,1.7202874728862712,78.8,28.7,15.8,20.7,2.7638611915817966
2017-06-13,4.859370887937702,1.271516827785505,86.3,24.5,17.6,20.4,1.7207252776753763
2017-06-14,3.8482185839544654,1.1967217202687106,88.0,23.3,19.1,20.5,1.388556057665239
2017-06-15,6.311131446650351,0.9723363977183274,83.4,26.0,18.1,20.8,2.219080151785613
2017-06-16,7.036519986710031,0.897541290201533,79.8,26.4,15.1,20.2,2.3868492568262125
2017-06-17,6.855257452025341,1.4959021503358882,74.7,29.1,15.3,21.1,2.9862051346079186
2017-06-18,6.638127230655945,1.645492365369477,67.0,30.1,16.1,22.3,3.3026950580563414
2017-06-19,6.308121577826344,1.8698776879198602,58.3,31.2,18.3,23.9,3.789189295872082
2017-06-20,4.159379425997026,1.4211070428190937,87.0,23.8,19.4,21.2,1.5125629245374084
2017-06-21,4.603225913880859,1.7202874728862712,88.0,22.8,17.7,19.3,1.702140728673379
2017-06-22,5.48212679371442,0.7479510751679441,82.5,26.4,18.5,21.0,1.955626664653293
2017-06-23,5.034832350489688,0.8227461826847385,85.7,24.6,16.9,20.2,1.6637264113391645
2017-06-24,5.268829276398387,0.7479510751679441,84.8,25.2,17.1,20.7,1.7297152666751345
2017-06-25,6.824861149722348,0.7479510751679441,77.8,26.2,15.5,20.2,2.310349567956724
2017-06-26,6.462076901464674,0.9723363977183274,80.2,26.9,13.9,19.0,2.3613252505683824
2017-06-27,6.439714989353295,0.9723363977183274,76.4,26.9,14.0,19.8,2.3788184977211824
2017-06-28,6.908666041848983,1.5706972578526825,76.9,28.5,15.1,20.6,2.949865679987886
2017-06-29,6.735146164131319,1.4211070428190937,69.0,28.9,14.2,21.1,3.0115651022096985
2017-06-30,6.363827758486432,1.4211070428190937,62.0,29.4,15.5,21.5,3.1922991371162013
2017-07-01,5.834865261239695,1.795082580403066,73.8,25.9,15.3,20.4,2.5148640608326067
2017-07-02,3.862956749762037,1.4211070428190937,86.8,21.1,16.5,17.5,1.487278296697229
2017-07-03,4.8205594071899345,0.8227461826847385,83.0,21.1,14.5,16.8,1.5925331720831886
2017-07-04,5.840601127734333,1.121926612751916,77.0,22.6,11.3,16.5,2.049328655402291
2017-07-05,6.759141824429694,1.0471315052351216,77.5,24.2,12.6,17.7,2.3363661655861594
2017-07-06,6.193933503367956,0.897541290201533,79.7,25.7,12.9,18.2,2.1857127944931345
2017-07-07,5.060782159673334,0.9723363977183274,80.7,25.0,16.7,19.6,1.8935851253586269
2017-07-08,6.931106700318004,1.1967217202687106,76.1,26.1,13.5,19.3,2.560153109079808
2017-07-09,6.819718983412914,1.3463119353022994,74.1,25.9,14.5,20.1,2.566181361783681
2017-07-10,6.826610893920914,1.4959021503358882,74.4,27.7,14.5,20.3,2.870264416014443
2017-07-11,7.0553774002622625,1.645492365369477,75.1,27.8,14.6,20.1,3.0114437463472674
2017-07-12,6.7649217536605875,1.4959021503358882,82.5,26.0,13.2,19.2,2.414079517389914
2017-07-13,6.851625615686514,0.8227461826847385,78.3,26.8,15.8,21.0,2.330842549663341
2017-07-14,7.261142977359335,1.645492365369477,74.1,27.7,13.7,20.2,3.046035490665095
2017-07-15,6.953891387536496,2.6178287630878043,59.1,27.9,15.7,22.3,3.9281331072485344
2017-07-16,6.732924760764436,2.019467902953449,57.3,29.0,19.1,22.8,3.9022285567314765
2017-07-17,6.74321666675043,1.645492365369477,57.9,30.6,14.6,22.2,3.668677573437326
2017-07-18,3.3285200617503237,2.019467902953449,85.2,21.3,16.7,17.9,1.5426871430695144
2017-07-19,3.442918911296688,0.897541290201533,83.7,19.2,15.2,16.7,1.1659349165276867
2017-07-20,7.1216927686363345,1.3463119353022994,75.8,26.0,15.3,19.3,2.7866173557635605
2017-07-21,7.271944533605044,1.795082580403066,67.4,29.4,15.6,21.6,3.5319461890026167
2017-07-22,5.037558558261061,1.271516827785505,83.0,24.2,15.8,19.7,1.8123047486478097
2017-07-23,7.377570634848032,0.8227461826847385,74.7,28.1,15.9,20.8,2.6827600942230574
2017-07-24,7.628063577433073,1.5706972578526825,71.2,28.8,12.4,19.8,3.3050147965160037
2017-07-25,7.606611431017372,1.4959021503358882,66.2,29.6,13.8,21.4,3.4336985958650743
2017-07-26,7.5175435019521615,1.4959021503358882,62.4,28.3,14.6,21.5,3.3346564617897116
2017-07-27,7.837331256405797,1.3463119353022994,69.9,28.0,13.1,19.7,3.2053482087407974
2017-07-28,7.618384966749291,1.3463119353022994,70.5,26.6,12.9,19.3,2.9957866700724356
2017-07-29,6.776868104198531,1.4211070428190937,73.6,26.3,14.4,19.9,2.6803352868119945
2017-07-30,7.438518631135917,1.4959021503358882,65.8,28.2,14.6,20.7,3.337644880130194
2017-07-31,6.391218185027814,1.4959021503358882,62.0,27.1,14.4,20.9,2.968999895892636
2017-08-01,6.875457177306479,1.1967217202687106,60.5,28.3,11.9,19.9,3.0714839620310825
2017-08-02,7.272747111810915,1.4211070428190937,54.7,29.9,11.9,20.9,3.6349395011043226
2017-08-03,7.182783936407127,2.54303365557101,53.3,33.6,14.5,23.1,5.1770287354034705
2017-08-04,5.9419349629631295,1.795082580403066,79.5,25.6,15.4,19.5,2.490504187288583
2017-08-05,6.989837780137579,1.7202874728862712,78.2,23.8,15.2,18.4,2.657165286992352
2017-08-06,6.6361538380316505,1.0471315052351216,74.5,23.9,11.3,17.4,2.2886807773906503
2017-08-07,8.338712983010822,1.5706972578526825,69.0,27.2,10.7,17.8,3.4787715802252457
2017-08-08,7.7954260717509305,2.393443440537421,47.0,32.0,14.4,23.9,5.024818553676852
2017-08-09,7.569491337551465,2.3186483330206267,44.7,36.0,22.0,26.3,5.809023843233396
2017-08-10,3.1167682017886933,0.9723363977183274,85.8,21.8,18.0,19.6,1.1182792524555054
2017-08-11,6.09000705526491,0.8227461826847385,73.5,24.0,16.3,19.8,2.1018157944507
2017-08-12,7.0702658520112465,1.121926612751916,68.3,26.3,16.5,20.5,2.7625504516372383
2017-08-13,8.511899908329356,2.243853225503832,66.9,28.1,13.3,20.6,3.8797311330510675
2017-08-14,7.556202161358387,3.0665994081885706,58.1,31.9,20.9,24.0,5.307172426990381
2017-08-15,3.6752284530309938,1.0471315052351216,76.6,23.2,19.3,20.7,1.5354180791988865
2017-08-16,3.3281237996768978,1.1967217202687106,85.5,22.4,17.7,19.4,1.2775355156202428
2017-08-17,3.1905843647838656,0.29918043006717765,91.3,21.6,18.1,19.4,0.9380578818858945
2017-08-18,2.996408549100785,0.5235657526175608,92.9,20.9,18.7,19.4,0.9029689130973665
2017-08-19,5.022637293584524,0.8227461826847385,85.0,27.7,18.5,21.2,1.8990078814900326
2017-08-20,5.211103039981079,3.141394515705365,67.7,31.6,19.7,23.3,4.253094657223128
2017-08-21,4.406218278261102,1.8698776879198602,88.5,19.4,16.3,17.6,1.4274515407007915
2017-08-22,5.286175877804623,0.8227461826847385,79.0,21.8,15.6,18.1,1.7677079997229639
2017-08-23,5.900043995566332,1.1967217202687106,71.8,23.4,17.0,19.5,2.2812622949709715
2017-08-24,6.743478584034195,0.897541290201533,73.8,24.9,15.3,19.6,2.354893327372795
2017-08-25,10.255674654049148,1.4959021503358882,68.3,27.5,13.0,19.6,3.886236013242564
2017-08-26,10.490387893232398,1.645492365369477,69.6,28.9,12.8,19.9,4.171903316567347
2017-08-27,10.537540333644458,1.645492365369477,72.1,29.2,12.8,19.3,4.190006431031423
2017-08-28,10.550618785554397,1.271516827785505,78.9,26.1,13.3,19.0,3.4060997502615367
2017-08-29,10.732869224377826,1.1967217202687106,76.9,30.2,13.1,19.9,3.891576979625582
2017-08-30,10.51102248159529,2.094263010470243,61.9,35.0,15.3,23.3,5.539597024599662
2017-08-31,5.499208440958563,2.4682385480542153,82.3,25.5,17.5,20.2,2.5088426061891673
2017-09-01,4.452468774873523,1.0471315052351216,82.0,23.1,17.9,19.6,1.6531746302098944
2017-09-02,9.92107467270943,1.1967217202687106,66.7,26.6,15.9,20.7,3.5858565817955115
2017-09-03,11.094610299624726,2.4682385480542153,60.0,28.1,12.3,20.4,4.895926354976604
2017-09-04,11.189916959603687,2.9170091931549815,55.0,29.4,14.7,22.3,5.554140453756868
2017-09-05,10.806968972484421,2.3186483330206267,45.3,32.0,19.0,24.5,5.970781138470492
2017-09-06,11.543633898327295,2.019467902953449,71.4,26.1,14.9,20.4,4.012837724753789
2017-09-07,10.75601467191727,1.1967217202687106,80.5,28.0,14.2,19.4,3.636861668509725
2017-09-08,11.62087828556015,1.5706972578526825,67.1,31.9,13.6,21.1,4.86410094843425
2017-09-09,11.60952097597383,2.1690581179870376,60.5,32.1,14.8,23.2,5.383272638643519
2017-09-10,11.806206338047907,2.54303365557101,56.3,32.1,18.5,25.2,5.812214222904849
2017-09-11,11.844150398338282,2.1690581179870376,55.0,33.0,18.3,25.8,5.643977379971068
2017-09-12,11.444186831178936,2.393443440537421,47.8,34.9,19.8,26.2,6.469953491673378
2017-09-13,12.304951065946678,1.4211070428190937,69.0,32.7,15.4,22.9,4.884601527807295
2017-09-14,11.928062421827548,2.7674189781213934,50.5,35.5,16.1,26.2,6.908472995047518
2017-09-15,10.747141947814091,2.393443440537421,35.2,37.9,24.5,29.1,7.369489535088853
2017-09-16,11.139741369316944,1.271516827785505,76.2,30.7,16.3,21.9,4.064747040118482
2017-09-17,12.43277267073545,1.9446727954366547,65.8,33.7,16.3,23.8,5.542222503088412
2017-09-18,12.506317187842274,1.795082580403066,75.8,30.2,19.8,22.6,4.776583434026504
2017-09-19,12.722546457291381,1.645492365369477,74.5,32.4,15.4,21.8,4.989915131436641
2017-09-20,12.917568097576726,2.019467902953449,70.4,33.1,16.4,23.0,5.510674703370233
2017-09-21,12.728337052100915,2.3186483330206267,55.3,33.1,17.5,24.8,6.178409455086938
2017-09-22,11.280730074586547,2.4682385480542153,52.0,33.6,17.5,25.5,6.042329465360495
2017-09-23,11.60151547168293,2.54303365557101,44.8,35.6,18.9,26.7,6.900942704675875
2017-09-24,9.010548398159447,1.3463119353022994,76.0,28.1,19.3,23.1,3.28138008815882
2017-09-25,9.218727962519738,1.0471315052351216,67.1,29.0,19.1,23.4,3.483799481646112
2017-09-26,11.1025630190226,1.7202874728862712,58.8,33.2,16.3,23.6,5.164042356527316
2017-09-27,12.699766531574642,2.243853225503832,58.3,34.3,18.0,24.9,6.098199301746284
2017-09-28,12.576374051817623,2.692623870604599,68.8,27.8,18.5,23.6,4.686062928277278
2017-09-29,5.439053831575654,1.3463119353022994,75.5,25.8,18.6,22.5,2.1335942934572034
2017-09-30,3.643185187170587,1.271516827785505,82.0,24.2,20.2,22.0,1.4742202354133094
2017-10-01,13.979482611339247,1.9446727954366547,56.8,35.0,18.7,26.1,6.267914037732143
2017-10-02,9.233186097535583,2.393443440537421,66.9,35.2,18.8,25.2,5.113973629052888
2017-10-03,3.484201578644213,1.4211070428190937,86.3,23.7,20.5,21.7,1.3612847794452425
2017-10-04,5.409287191219411,0.5235657526175608,75.1,23.7,18.6,20.8,1.789887725334767
2017-10-06,14.204282358376222,2.393443440537421,49.7,36.1,24.2,28.6,7.323277984499788
2017-10-07,10.973758607351602,1.9446727954366547,77.5,30.5,20.2,23.6,4.295947316010666
2017-10-08,10.474709403566534,1.271516827785505,71.6,32.2,19.5,24.5,4.153022459544457
2017-10-09,14.34849832895503,2.6178287630878043,65.0,34.0,20.9,25.2,6.6020983856945366
2017-10-10,14.32080004996741,2.243853225503832,62.0,38.0,19.7,26.6,7.110265134031684
2017-10-11,14.190334899086716,1.4211070428190937,64.5,38.5,20.4,27.1,6.195203692742382
2017-10-12,14.09764589961312,1.9446727954366547,73.1,36.5,21.3,25.3,6.196130179023042
2017-10-13,15.031440884720354,1.5706972578526825,76.3,31.6,20.9,24.7,5.345846624971174
2017-10-14,14.655800820119618,2.54303365557101,75.5,33.5,20.4,25.0,5.979276129715098
2017-10-15,5.195234062639639,1.8698776879198602,84.6,23.8,19.9,21.8,1.8603757648466173
2017-10-16,4.376839120258156,0.5983608601343553,83.1,22.6,18.8,20.7,1.397866490653823
2017-10-17,11.456573680225572,0.9723363977183274,70.1,30.8,19.9,23.8,4.149590853042773
2017-10-18,15.149738566359273,2.7674189781213934,46.8,35.5,20.4,27.5,7.897566857413426
2017-10-19,14.691175003497714,2.54303365557101,41.1,37.5,20.5,28.9,8.11333479583253
2017-10-20,14.266647850959746,2.8422140856381874,59.9,31.2,20.9,26.0,6.286271799512191
2017-10-21,10.168848802882627,1.1967217202687106,75.1,32.8,20.6,24.4,4.029368371321785
2017-10-22,8.490276070124173,2.243853225503832,57.6,32.7,21.2,26.9,4.655739594697867
2017-10-23,2.6701873671009664,1.4959021503358882,92.2,22.2,21.2,20.5,1.10395578532515
2017-10-24,4.850515292571101,0.9723363977183274,83.8,22.9,17.6,19.8,1.6351259734037626
2017-10-25,14.016083178894057,1.121926612751916,73.3,32.0,19.7,24.0,4.99154877001467
2017-10-26,10.343443379403357,1.3463119353022994,75.6,31.0,21.4,24.4,3.9787118767054723
2017-10-27,6.870279757739791,1.3463119353022994,75.8,28.5,20.3,24.3,2.659709657399144
2017-10-28,11.516286186381588,2.1690581179870376,62.8,34.3,21.2,26.8,5.466944566415087
2017-10-29,9.275239244414255,1.7202874728862712,71.6,27.8,20.4,24.2,3.5227497038573543
2017-10-30,12.805645918125098,1.4211070428190937,72.6,33.2,21.1,24.9,4.99535590708913
2017-10-31,9.232309646755052,2.8422140856381874,78.9,28.4,22.1,23.8,3.903978157217961
2017-11-01,11.923015989910919,2.4682385480542153,67.2,26.1,20.8,22.5,4.726483792622384
2017-11-02,9.705291627991276,1.271516827785505,66.3,26.9,16.3,21.5,3.5254258562898744
2017-11-03,16.747515972174256,2.094263010470243,60.6,31.7,16.1,24.0,6.371026307986059
2017-11-04,12.492272734583764,2.9170091931549815,50.1,34.1,21.6,28.5,6.613577063827024
2017-11-05,6.41250053057634,2.9170091931549815,67.4,29.8,22.9,25.3,3.940775808731807
2017-11-06,4.32884424719739,1.121926612751916,83.5,24.1,20.9,21.6,1.6473421708759814
2017-11-07,8.007735073185032,1.4211070428190937,74.5,24.6,17.4,21.1,2.786671763585785
2017-11-08,11.902488874583485,1.645492365369477,65.3,29.3,18.0,22.7,4.6210480268089915
2017-11-09,12.028685526266305,1.9446727954366547,67.1,30.0,17.6,23.4,4.72701630093686
2017-11-10,16.886618074663588,2.4682385480542153,60.2,34.6,19.5,27.1,7.126836801925165
2017-11-11,4.147789367772641,2.393443440537421,81.4,29.6,22.3,23.3,2.7479020324758623
2017-11-12,17.182750137374903,1.4959021503358882,63.6,32.1,17.9,23.8,6.4196277888659585
2017-11-13,17.128196141765336,2.243853225503832,65.6,28.5,15.2,21.8,5.965126821794678
2017-11-14,17.286449256417576,1.9446727954366547,68.7,30.6,14.5,21.4,6.196634213793917
2017-11-15,17.052062861201208,1.7202874728862712,62.0,35.7,17.8,25.2,6.931013366266514
2017-11-16,16.691200356004238,2.019467902953449,49.0,39.1,20.8,29.5,7.965384143360138
2017-11-17,16.606050357364925,2.692623870604599,49.1,32.7,23.9,28.7,7.433312704557534
2017-11-18,7.6815608607655355,1.7202874728862712,66.7,34.3,20.7,26.8,3.9270174082324134
2017-11-19,11.585627718618598,1.795082580403066,80.7,31.3,22.2,24.8,4.3918174073197855
2017-11-20,5.262727746295491,1.3463119353022994,92.6,24.6,22.2,23.0,1.6651213592782257
2017-11-21,10.528043779919244,0.897541290201533,84.0,30.2,21.4,24.0,3.5677255696810146
2017-11-22,5.543312142399535,1.5706972578526825,90.0,28.3,22.7,23.3,2.250845764169723
2017-11-23,6.697343483760023,0.9723363977183274,83.9,24.2,18.6,21.1,2.137729225912696
2017-11-24,15.455118359653614,1.271516827785505,70.4,31.2,18.2,24.1,5.326018993356925
2017-11-25,17.73131210368663,1.5706972578526825,70.2,34.1,19.0,26.0,6.420886280953206
2017-11-26,5.751403170891862,2.019467902953449,62.4,30.5,23.1,27.6,3.188183795505378
2017-11-27,7.563301009364148,1.795082580403066,69.8,28.9,26.0,26.4,3.5120514205237514
2017-11-28,6.623223880174264,1.7202874728862712,87.5,25.3,22.5,23.4,2.254874900944081
2017-11-29,16.302860605943295,2.019467902953449,73.5,27.9,18.4,23.3,5.288177694092481
2017-11-30,10.299482765747735,1.0471315052351216,75.1,28.5,18.3,22.9,3.509587892609121
2017-12-01,6.343748246171387,0.7479510751679441,87.7,27.0,20.3,22.0,2.1310339167042764
2017-12-02,15.133355726504435,1.795082580403066,80.5,28.1,21.0,23.8,4.8791611085593285
2017-12-03,8.460385223351638,1.1967217202687106,81.5,29.0,21.5,23.7,3.0894168640554533
2017-12-04,10.59061859549751,1.3463119353022994,81.7,30.5,22.2,24.7,3.8209618390299913
2017-12-05,6.906437153060958,1.3463119353022994,82.8,29.0,23.0,24.8,2.661492616670141
2017-12-06,9.794392782471586,0.9723363977183274,73.1,29.1,19.4,24.3,3.3767121498442245
2017-12-07,11.50682084161422,1.7202874728862712,63.0,31.2,20.6,25.7,4.721555985525779
2017-12-08,7.875803208985461,1.7202874728862712,75.2,28.3,23.3,25.2,3.183459254743214
2017-12-09,12.17037881647338,1.4959021503358882,82.0,29.5,22.2,24.8,4.158793034869771
2017-12-10,16.382309126374565,1.7202874728862712,78.0,29.6,20.2,24.3,5.356388190613267
2017-12-11,16.56536442141066,2.094263010470243,72.0,35.7,20.8,26.0,6.712160161066461
2017-12-12,5.436318625379942,1.645492365369477,87.6,24.2,21.0,21.9,1.9300679118003388
2017-12-13,8.801275304541054,0.5983608601343553,73.9,28.1,20.1,23.1,2.9577431400956034
2017-12-14,17.05372315000024,2.094263010470243,66.3,31.9,19.3,24.8,6.405478209388283
2017-12-15,14.803618067071568,1.9446727954366547,67.5,33.9,20.3,26.1,5.906744517783184
2017-12-16,17.20634550143122,1.645492365369477,77.3,31.0,19.9,24.8,5.717184419806537
2017-12-17,17.94163031003523,1.795082580403066,68.3,37.3,20.6,27.8,7.172843581167304
2017-12-18,17.793871299114105,2.7674189781213934,60.2,34.4,24.1,28.7,7.60773382155725
2017-12-19,16.429209828150725,1.645492365369477,75.3,32.2,23.8,26.7,5.863179816886873
2017-12-20,17.192025046066142,2.243853225503832,68.2,35.5,22.0,27.1,7.029176648697103
2017-12-21,10.426120524965498,1.5706972578526825,79.0,33.5,22.4,25.6,4.272005682878794
2017-12-22,7.6715553652762525,0.9723363977183274,80.4,29.1,21.2,25.0,2.66251265475463
2017-12-23,15.986782178824027,1.7202874728862712,65.7,37.3,23.1,28.6,6.684282415531953
2017-12-24,17.42834578625655,1.3463119353022994,67.3,38.8,22.2,28.5,6.93616400054727
2017-12-25,17.263173113485436,2.4682385480542153,71.9,33.8,23.4,27.4,6.685052127439097
2017-12-26,11.074201741986396,1.645492365369477,82.0,30.8,23.0,25.7,3.9949461827658594
2017-12-27,11.747154924392913,1.0471315052351216,81.2,33.1,23.0,26.0,4.230160766802651
2017-12-28,8.109329759012919,0.9723363977183274,85.0,29.9,23.7,25.6,2.8399134675450575
2017-12-29,7.203249005425543,1.121926612751916,85.3,28.7,23.1,25.1,2.538592782156469
2017-12-30,5.106741810443752,1.5706972578526825,80.4,26.7,22.3,25.0,1.9634927535998494
2017-12-31,7.764542175919053,1.5706972578526825,70.1,30.5,24.0,26.8,3.3548789958852328
2018-01-01,16.540987204215757,1.8698776879198602,64.8,34.1,24.2,28.0,6.5369302629375
2018-01-02,16.124230739927913,1.8698776879198602,64.5,36.8,24.1,28.8,6.76225212267218
2018-01-03,13.39036338052275,2.094263010470243,70.5,34.0,25.2,27.8,5.67693727217762
2018-01-04,8.641665465433318,1.4211070428190937,82.7,28.6,22.2,24.3,3.120371082457958
2018-01-05,10.915052312956815,0.8227461826847385,85.4,29.7,20.7,23.5,3.5823428266307467
2018-01-06,8.889596922376338,1.5706972578526825,74.7,32.1,23.2,26.1,3.7525016727555793
2018-01-07,6.197493317857391,1.3463119353022994,89.1,27.2,22.1,23.6,2.1890794737878485
2018-01-08,9.598278900215346,1.121926612751916,87.3,27.8,20.8,23.3,3.1000280849961133
2018-01-09,16.502505452769086,1.271516827785505,78.3,32.5,20.8,25.7,5.56959183667665
2018-01-10,17.700001788818284,1.121926612751916,72.8,33.5,23.1,27.3,6.125201243644245
2018-01-11,16.674652370326765,1.795082580403066,65.8,34.0,21.8,27.4,6.395575722108518
2018-01-12,10.847242166801713,0.9723363977183274,76.6,31.5,23.0,26.4,3.8407962464426912
2018-01-13,8.788517777738525,1.7202874728862712,70.5,33.2,23.9,26.4,4.142388472411917
2018-01-14,10.31193711478268,1.9446727954366547,66.8,34.5,21.6,26.6,4.876314468842169
2018-01-15,12.054555542450519,1.7202874728862712,60.3,34.7,22.9,28.1,5.331683635609664
2018-01-16,15.900581619813867,2.3186483330206267,56.8,35.3,23.7,28.4,7.098353788722287
2018-01-17,17.329264169439078,1.5706972578526825,68.3,35.6,22.4,27.9,6.545387627036693
2018-01-18,17.848624024943526,1.795082580403066,56.1,37.6,22.2,30.0,7.552481936728346
2018-01-19,17.202488914329365,1.645492365369477,69.3,38.3,23.3,28.8,7.0211889488572705
2018-01-20,13.572213033894265,1.3463119353022994,80.0,32.4,23.1,26.3,4.793083404470751
2018-01-21,10.646928849744782,1.271516827785505,77.8,32.6,22.9,26.4,4.0119385798323
2018-01-22,14.278720109071296,1.3463119353022994,70.1,35.6,23.2,27.9,5.539040863788414
2018-01-23,17.53615795739617,2.094263010470243,59.2,36.8,24.5,29.0,7.594064316672072
2018-01-24,16.926739205661363,1.8698776879198602,55.2,36.7,25.9,30.2,7.3274847003658
2018-01-25,16.929098207422648,1.8698776879198602,66.1,34.1,24.2,28.5,6.496007141391277
2018-01-26,11.426999080301602,1.271516827785505,83.2,30.8,24.1,26.0,3.997174683521526
2018-01-27,12.80106536308491,1.5706972578526825,82.8,28.6,23.0,24.5,4.306378260615901
2018-01-28,16.82949438801295,1.121926612751916,74.3,32.9,21.2,26.2,5.734878976329328
2018-01-29,7.26992087709033,1.4211070428190937,73.8,33.2,23.3,27.0,3.2539550883991684
2018-01-30,3.7431198816868254,1.0471315052351216,90.7,25.9,22.8,22.9,1.427642377823311
2018-01-31,12.20931076949635,1.4959021503358882,77.1,28.9,20.8,24.1,4.220218359929952
2018-02-01,17.091479462625863,1.7202874728862712,75.1,29.9,20.2,24.6,5.6743962273859
2018-02-02,15.319087065390095,1.271516827785505,76.8,30.7,20.7,24.7,5.152439260040796
2018-02-03,16.44298051875516,1.645492365369477,76.5,29.9,20.3,24.7,5.413350254559707
2018-02-04,11.520752332264346,1.0471315052351216,71.5,28.6,19.9,24.2,3.9134660759564084
2018-02-05,4.7699780554132545,0.7479510751679441,87.8,24.1,20.9,21.5,1.5864202543157584
2018-02-06,11.076054697953218,1.1967217202687106,81.2,30.0,20.3,23.4,3.886521177695907
2018-02-07,11.489618031619207,1.0471315052351216,83.0,29.7,21.7,24.6,3.816140273753848
2018-02-08,16.341661538670312,1.4959021503358882,74.0,31.7,21.1,25.8,5.630377964036749
2018-02-09,17.420100864401007,1.7202874728862712,67.0,36.0,22.3,27.9,6.795530477922429
2018-02-10,15.601646177452874,2.094263010470243,66.3,36.8,23.5,29.2,6.599951345998908
2018-02-11,16.630428484236393,1.795082580403066,66.9,37.1,23.1,28.4,6.78534814519837
2018-02-12,16.678696983627134,2.094263010470243,63.3,36.6,24.6,29.5,7.092745191301853
2018-02-13,7.3873275474742846,1.3463119353022994,81.9,30.5,24.6,26.4,2.8674414257226988
2018-02-14,9.026043712042,1.795082580403066,83.8,30.7,21.8,24.6,3.5084786817410314
2018-02-15,13.275955074325061,2.094263010470243,78.4,28.9,20.6,24.6,4.489664552643502
2018-02-16,13.244809079280794,1.4211070428190937,78.5,31.3,22.3,25.7,4.645846760288779
2018-02-17,15.183351633723733,1.3463119353022994,77.9,31.3,21.6,25.8,5.108122631964706
2018-02-18,10.122820343991899,1.4211070428190937,78.0,30.7,22.7,25.6,3.773058780490964
2018-02-19,12.956670677689091,1.4211070428190937,78.0,33.9,21.2,25.2,4.92756399540636
2018-02-20,12.645521604180036,1.4211070428190937,69.6,35.3,23.4,27.8,5.1082345977397825
2018-02-21,12.344429270921582,1.645492365369477,70.2,34.2,25.6,28.1,5.112569050622674
2018-02-22,12.388251385757222,1.7202874728862712,80.5,32.8,23.1,26.3,4.6492846307745115
2018-02-23,7.222353684118746,1.4211070428190937,84.5,27.8,22.2,24.5,2.5390214345222044
2018-02-24,6.101947693627744,0.897541290201533,82.6,27.6,21.9,24.0,2.171231678106441
2018-02-25,9.052847428073154,0.6731559676511497,83.3,29.2,20.7,24.1,2.959084469292701
2018-02-26,9.407680392542519,0.897541290201533,82.8,30.2,22.3,25.4,3.206649459042138
2018-02-27,7.982160707729059,1.1967217202687106,79.3,31.0,23.9,25.5,3.1684221865225344
2018-02-28,13.840362820434878,1.5706972578526825,78.4,33.3,22.0,26.1,5.0789420126651414
2018-03-01,12.712305954385165,1.3463119353022994,77.5,33.5,22.4,26.7,4.678457522052654
2018-03-02,14.010834367536967,1.3463119353022994,78.2,34.3,22.9,27.2,5.09443032834085
2018-03-03,11.908049694864136,1.271516827785505,78.3,33.1,23.9,27.1,4.386238332553416
2018-03-04,13.425340063799354,1.271516827785505,79.5,32.7,23.4,26.9,4.730777852110177
2018-03-05,13.68793607100454,1.645492365369477,77.7,32.4,24.1,27.3,4.94874759262895
2018-03-06,14.278920489240566,1.4211070428190937,76.8,32.5,23.4,27.4,5.029589866113962
2018-03-07,11.73108877087553,1.271516827785505,77.9,32.5,23.2,27.0,4.236737436419604
2018-03-08,3.7213678612059033,1.271516827785505,91.9,25.2,23.3,23.9,1.2789621911251847
2018-03-09,5.733189861302208,0.7479510751679441,86.0,27.5,21.7,23.6,1.9720991831329213
2018-03-10,12.349276270478615,1.271516827785505,77.9,31.8,22.4,25.6,4.462526507298818
2018-03-11,13.422786739964618,1.121926612751916,80.8,30.6,22.5,26.0,4.439452991733569
2018-03-12,15.000698748344949,1.4211070428190937,68.8,35.8,21.1,27.2,5.8799444776041465
2018-03-13,8.048753288654979,0.9723363977183274,80.7,30.0,23.8,26.2,2.870872016673187
2018-03-14,14.796417273345993,1.4211070428190937,72.5,36.9,22.6,28.3,5.769505551239502
2018-03-15,13.376601476221596,2.019467902953449,72.5,35.2,23.8,28.7,5.468052118136627
2018-03-16,8.551990991058613,2.094263010470243,73.6,32.2,26.9,28.6,3.8915307875659577
2018-03-17,6.250205741445873,0.897541290201533,82.8,29.2,24.7,25.8,2.2982612445058943
2018-03-18,12.480261276372394,1.0471315052351216,78.3,32.8,22.9,26.2,4.469074218368498
2018-03-19,14.17398049677665,1.1967217202687106,73.2,36.7,22.4,28.2,5.397020056391149
2018-03-20,11.753715390767455,1.3463119353022994,77.1,32.7,24.4,27.9,4.282564903478168
2018-03-21,9.4291722232998,1.0471315052351216,81.8,29.9,22.9,25.7,3.2519420239037675
2018-03-22,4.336779133620324,0.8227461826847385,89.3,26.1,23.3,24.3,1.4632301596277426
2018-03-23,13.593719225887018,1.1967217202687106,77.5,33.4,21.8,26.6,4.827029220422663
2018-03-24,13.87890131172161,2.019467902953449,64.8,33.0,23.1,27.6,5.741903039374458
2018-03-25,13.501382134907663,1.795082580403066,61.1,33.4,22.3,27.7,5.569681133410401
2018-03-26,13.245078826485315,2.243853225503832,59.4,34.9,24.6,28.5,6.194115130827074
2018-03-27,12.870364967613135,1.4959021503358882,68.9,34.0,22.4,27.0,5.1347722816900845
2018-03-28,13.554025576823982,1.4211070428190937,67.6,33.6,22.4,26.8,5.276484506918524
2018-03-29,11.25995378623856,1.0471315052351216,70.4,32.6,21.0,26.2,4.157167008279854
2018-03-30,12.966117705365324,1.7202874728862712,67.1,32.9,21.0,26.5,5.159670608082065
2018-03-31,12.550861703404614,1.5706972578526825,66.0,33.3,21.4,26.8,5.044982604853237
2018-04-01,12.02028201679833,1.645492365369477,67.5,34.5,21.3,27.1,5.015450738779727
2018-04-02,9.4817243184272,1.645492365369477,65.2,34.3,24.6,27.9,4.4528278674067785
2018-04-04,8.530222493989514,1.1967217202687106,81.4,29.1,21.7,24.5,3.0450675376904166
2018-04-05,9.598457479739341,1.121926612751916,79.5,31.4,21.6,25.1,3.5203468897018575
2018-04-06,9.172920195985368,0.897541290201533,82.7,30.1,22.5,25.1,3.163585819716435
2018-04-07,10.392988548515557,0.7479510751679441,80.0,31.4,22.1,25.3,3.5801689325780823
2018-04-08,11.408447169617457,1.271516827785505,78.3,31.3,20.8,25.1,4.084751524044893
2018-04-09,10.395118772564327,0.897541290201533,74.3,31.3,19.8,25.0,3.660373038179464
2018-04-10,11.80295693959846,0.9723363977183274,74.3,31.5,19.1,24.5,4.120187730031965
2018-04-11,11.232069066820081,1.0471315052351216,74.0,31.1,18.9,24.1,3.9980359100788423
2018-04-12,7.338920165656423,1.0471315052351216,77.2,29.5,19.6,24.4,2.682544306593802
2018-04-13,11.479823739397652,1.5706972578526825,68.0,33.1,20.3,26.6,4.597659916097204
2018-04-14,7.238542414625345,1.121926612751916,81.6,28.6,22.8,25.3,2.580516475819917
2018-04-15,5.660533117500761,1.0471315052351216,88.9,26.4,21.0,22.8,1.9282250854167706
2018-04-16,5.067642941160406,0.8227461826847385,87.0,26.1,20.4,21.9,1.7839885277423733
2018-04-17,8.999907426457433,0.8227461826847385,76.7,27.8,17.5,22.2,3.001492110057458
2018-04-18,10.55767387210787,1.0471315052351216,73.5,28.7,16.6,21.7,3.6760853713790933
2018-04-19,10.534175793239882,1.3463119353022994,69.5,30.7,17.1,22.9,4.1290251638322975
2018-04-20,9.967395111450283,1.645492365369477,75.5,30.0,17.2,22.7,3.836073656129565
2018-04-21,4.058749638171564,0.5235657526175608,85.9,25.6,20.1,22.1,1.36515700648034
2018-04-22,9.82813235653423,1.121926612751916,74.4,29.9,18.3,23.2,3.5859233949655196
2018-04-23,8.415151370732012,1.271516827785505,73.5,29.5,17.8,23.3,3.199907746307555
2018-04-24,9.094156301910536,1.4959021503358882,72.1,32.0,19.6,24.5,3.858370316750945
2018-04-25,10.044722528725988,1.121926612751916,75.5,32.0,18.0,23.7,3.7821229796366387
2018-04-26,9.97076925760522,1.271516827785505,79.9,31.0,19.1,23.8,3.6389704043034157
2018-04-27,9.63626249585704,1.121926612751916,79.4,31.2,19.7,24.4,3.492321435136768
2018-04-28,9.962043505718661,1.0471315052351216,76.0,31.8,20.3,25.2,3.645831384075613
2018-04-29,9.574981277646035,0.9723363977183274,73.8,31.4,19.6,24.1,3.620417668088687
2018-04-30,9.356033071846436,1.5706972578526825,69.7,31.6,16.7,23.8,3.9089611978182246
2018-05-01,9.343333345977165,1.795082580403066,70.0,30.9,19.1,24.4,3.955144699578255
2018-05-02,7.173092463012576,0.9723363977183274,81.0,29.7,19.6,23.6,2.6230317886592642
2018-05-03,7.3799245915858975,1.0471315052351216,81.0,28.9,19.7,23.8,2.6311608387515357
2018-05-04,9.179147120723702,1.4959021503358882,70.0,32.7,19.4,25.2,3.960962484283138
2018-05-05,8.982260564745314,1.7202874728862712,71.4,33.0,18.9,24.8,4.055300195625434
2018-05-06,7.721673075047908,1.1967217202687106,82.5,28.9,18.4,22.7,2.7681670953045696
2018-05-07,7.0556183757915285,1.1967217202687106,82.0,28.0,20.5,23.3,2.5865994862610537
2018-05-08,3.7891644795495254,0.5235657526175608,91.7,23.6,19.4,21.2,1.1590208247114084
2018-05-09,6.563696855644187,0.6731559676511497,81.7,27.4,17.8,21.7,2.2144997438041014
2018-05-10,8.589657114245604,1.4211070428190937,72.0,29.0,17.6,22.2,3.4904225544339655
2018-05-11,8.409716501293289,1.795082580403066,70.8,30.4,15.7,22.5,3.6897591017900515
2018-05-12,8.161785389591738,2.393443440537421,64.4,33.2,19.9,25.1,4.610481759155561
2018-05-13,5.1157607817384,1.1967217202687106,75.9,26.5,21.2,23.3,2.120700232877055
2018-05-14,6.552523693523927,0.6731559676511497,80.5,28.2,19.7,22.8,2.281267853991236
2018-05-15,8.146719762214508,1.9446727954366547,71.5,29.9,17.4,23.4,3.588872119258217
2018-05-16,7.928474497929767,2.1690581179870376,65.1,32.2,23.2,25.7,4.372106741454514
2018-05-17,6.072905695722566,0.897541290201533,84.2,26.8,19.7,22.5,2.0950187644982865
2018-05-18,7.352033504631992,1.4211070428190937,75.5,30.1,19.9,23.9,3.0884934052345594
2018-05-19,5.469119126074605,2.4682385480542153,69.5,31.7,22.6,24.7,3.792660732665382
2018-05-20,7.5685001845048685,1.1967217202687106,76.0,25.8,17.9,20.4,2.855267114092119
2018-05-21,7.27376734255629,1.121926612751916,71.1,25.6,13.6,17.9,2.8354532265856527
2018-05-22,7.399571493627826,1.1967217202687106,75.3,27.5,11.9,18.3,2.883937042338214
2018-05-23,5.835152114129709,1.5706972578526825,82.0,23.8,14.3,18.9,2.0748791742018033
2018-05-24,6.348722518529213,1.121926612751916,78.5,27.1,15.3,20.2,2.4161321199656123
2018-05-25,6.590656001066039,0.9723363977183274,78.9,27.1,15.5,20.4,2.3764674832889363
2018-05-26,5.577178361286262,0.6731559676511497,78.0,27.1,17.8,21.3,2.010391681825366
2018-05-27,6.9216251105339826,1.271516827785505,76.2,27.4,15.6,20.7,2.6951925749319305
2018-05-28,6.986168185008501,0.9723363977183274,76.8,27.5,13.7,20.2,2.503670664231072
2018-05-29,6.943814490139707,0.9723363977183274,75.6,28.6,15.6,21.0,2.647226423008195
2018-05-30,6.4622657847309,1.0471315052351216,75.5,27.4,14.6,20.3,2.461871301480275
2018-05-31,7.183714633616898,1.121926612751916,76.4,28.6,15.9,21.3,2.761688910237181
2018-06-01,6.829993312584917,1.4959021503358882,63.1,31.1,16.4,22.9,3.4936223920151943
2018-06-02,6.610125380176563,1.5706972578526825,60.8,32.2,17.3,23.8,3.5947567716286306
2018-06-03,4.010257105901675,1.7202874728862712,83.3,25.9,16.4,20.0,1.887526919598956
2018-06-04,4.504493033202392,0.9723363977183274,85.5,23.0,17.9,19.2,1.6029300958225017
2018-06-05,4.028110608431084,0.5235657526175608,83.7,23.2,17.4,19.5,1.3256810093541207
2018-06-06,5.282922198235357,2.393443440537421,73.8,27.7,18.1,22.0,2.883209761367168
2018-06-07,3.8738722677817994,0.7479510751679441,86.7,25.5,18.4,21.0,1.3792669636833
2018-06-08,2.717085661298194,1.4211070428190937,89.2,21.8,19.8,20.0,1.1155448437306268
2018-06-09,4.6684084953979745,0.8227461826847385,80.1,24.2,16.4,20.2,1.622491505924973
2018-06-10,6.094488553073596,1.795082580403066,71.7,29.0,16.9,23.1,2.84242008017867
2018-06-11,5.21674228352065,2.243853225503832,64.0,29.0,22.2,25.0,3.231653172891241
2018-06-12,6.660670699668483,2.3186483330206267,59.2,32.6,22.2,26.6,4.234166799798514
2018-06-13,6.3123509391092405,1.3463119353022994,66.9,32.5,21.5,25.8,3.105685785658166
2018-06-14,3.3229129644714783,2.019467902953449,89.5,24.0,19.8,20.6,1.5153748918375225
2018-06-15,3.131981945594494,0.7479510751679441,91.0,21.2,17.7,18.8,1.0031007679520347
2018-06-16,3.070180114219211,0.8227461826847385,90.2,21.3,18.1,19.4,0.9799497597516067
2018-06-17,5.5802078803896205,0.8227461826847385,84.1,25.7,16.9,20.5,1.8957622154697635
2018-06-18,3.726383021881976,0.8227461826847385,85.7,25.1,18.9,20.6,1.4154240053989289
2018-06-19,4.465031280280535,0.5235657526175608,81.5,25.5,17.2,20.1,1.5339398647339348
2018-06-20,6.599487720579095,1.3463119353022994,75.7,29.6,15.0,20.6,2.9119431395646456
2018-06-21,6.5674345745703215,1.4211070428190937,71.3,30.1,15.6,21.8,3.0469185503515286
2018-06-22,5.905981026625929,1.7202874728862712,67.0,31.0,17.1,22.8,3.2577549893629585
2018-06-23,6.463861680646144,1.0471315052351216,72.4,30.8,16.5,22.7,2.7334607933569663
2018-06-24,6.087770107376738,1.4959021503358882,56.1,32.5,21.3,25.9,3.548647183844245
2018-06-25,6.610202534146937,0.6731559676511497,81.8,30.2,15.8,21.3,2.3699208912101026
2018-06-26,6.148216522232596,1.4959021503358882,56.9,33.2,17.4,24.7,3.602460281805362
2018-06-27,5.050702457172766,1.0471315052351216,84.3,26.3,14.8,20.0,1.8092069026073905
2018-06-28,6.212704025871644,1.3463119353022994,69.6,29.8,16.3,21.9,2.949327776684528
2018-06-29,6.34999277765247,1.4959021503358882,66.1,29.5,13.8,21.2,3.083692153617816
2018-06-30,6.275039715267109,1.4959021503358882,66.7,30.3,16.6,23.0,3.0664178124540564
2018-07-01,6.602631659831829,0.897541290201533,82.6,26.4,14.5,20.3,2.170440886964948
2018-07-02,6.636810474791101,1.121926612751916,70.7,31.9,17.5,23.4,2.9920496894638773
2018-07-03,6.544247714742276,2.243853225503832,66.8,31.3,19.0,24.1,3.7583478097289484
2018-07-04,4.616705772755924,0.7479510751679441,87.2,26.3,20.1,21.7,1.6421203956474715
2018-07-05,6.8734797630213205,1.5706972578526825,75.3,31.9,18.1,23.0,3.289567734268604
2018-07-06,6.762049387731593,1.1967217202687106,76.9,29.9,17.3,22.6,2.7496747500108443
2018-07-07,6.864241813494569,0.7479510751679441,76.6,30.3,15.5,22.2,2.5335271952704983
2018-07-08,6.1553739247537544,1.3463119353022994,59.5,32.4,16.4,22.8,3.4251687464697804
2018-07-09,6.153751518020986,2.1690581179870376,65.5,26.8,17.3,23.0,2.962795755295884
2018-07-10,2.5868159785216434,2.3186483330206267,88.4,21.4,18.5,18.5,1.4118324320989037
2018-07-11,6.016998223520643,1.4959021503358882,76.3,23.0,14.2,17.5,2.3680786124550406
2018-07-12,6.08246244165904,0.897541290201533,78.2,23.1,11.9,16.4,2.066252096395595
2018-07-13,6.449916305720771,1.0471315052351216,77.5,27.2,14.0,18.7,2.5167710986990226
2018-07-14,6.897206675331831,1.0471315052351216,79.0,28.9,14.3,19.8,2.6867024445401713
2018-07-15,7.067197834220676,1.271516827785505,70.0,31.9,15.0,22.3,3.2533115391611584
2018-07-16,6.444254491838872,1.645492365369477,52.3,32.6,18.4,24.5,3.916610462503662
2018-07-17,7.129923404226317,1.4211070428190937,76.5,26.5,13.8,19.9,2.634806593392681
2018-07-18,7.357341683015145,1.3463119353022994,72.8,30.9,15.9,22.4,3.2171424022731423
2018-07-19,7.257539694805309,1.5706972578526825,65.8,31.0,16.2,23.2,3.4945471734958335
2018-07-20,7.1230039430189525,2.1690581179870376,58.5,31.5,17.5,24.0,4.242001458747049
2018-07-21,6.74492220842077,2.4682385480542153,53.8,32.8,19.1,25.2,4.722055527733706
2018-07-22,4.877199083978245,1.795082580403066,81.6,25.8,20.7,22.3,2.1340563620865134
2018-07-23,7.233022464493929,0.897541290201533,75.7,30.2,17.6,22.5,2.7874307713608766
2018-07-24,7.222800560650558,1.795082580403066,80.0,26.3,15.4,20.7,2.658457863178822
2018-07-25,6.456039851328089,0.9723363977183274,81.0,27.3,19.5,21.7,2.3956051723447596
2018-07-26,7.751012585227917,1.4211070428190937,72.3,28.5,15.4,21.5,3.1502825484818624
2018-07-27,7.513732183785892,1.4211070428190937,67.4,29.6,15.2,21.6,3.348164654900967
2018-07-28,7.419284438193335,1.3463119353022994,63.8,31.8,15.7,22.7,3.568181873312915
2018-07-29,6.86571385987837,2.019467902953449,49.5,32.8,17.5,25.3,4.425150487482425
2018-07-30,7.029796964664776,2.4682385480542153,59.1,30.0,21.5,24.0,4.377609613428804
2018-07-31,2.756650699389226,0.5983608601343553,87.5,21.8,18.7,20.2,0.8989387352478304
2018-08-01,4.527921907463704,0.897541290201533,89.7,21.8,15.4,18.5,1.341951668986939
2018-08-02,4.000301821232724,0.897541290201533,88.5,22.5,17.0,18.8,1.347919856872512
2018-08-03,4.689882017985444,0.8227461826847385,85.1,25.3,17.0,19.4,1.715871493924713
2018-08-04,6.908654627870781,1.121926612751916,83.8,26.6,18.4,20.5,2.516762253862598
2018-08-05,6.971126373803777,1.0471315052351216,77.8,27.2,16.3,21.1,2.520680918061044
2018-08-06,2.800972197228847,0.7479510751679441,90.3,20.6,18.2,18.6,0.9347676270177773
2018-08-07,3.251030010277991,0.29918043006717765,91.5,20.4,16.8,18.0,0.9343238223889841
2018-08-08,8.182168461241838,0.897541290201533,81.8,26.3,17.6,20.7,2.7194516247953544
2018-08-09,7.343497026239124,1.8698776879198602,66.3,30.9,17.7,24.3,3.5565185842119957
2018-08-10,6.1347808974609475,1.9446727954366547,74.1,26.7,18.2,20.9,2.900279327277107
2018-08-11,8.837011079555275,1.7202874728862712,71.4,24.3,14.9,18.9,3.288682675288678
2018-08-12,8.802253374849926,1.4211070428190937,73.9,25.3,12.2,18.6,3.053221852229605
2018-08-13,7.4634690110410205,1.121926612751916,77.8,24.1,14.6,18.8,2.498726724862863
2018-08-14,9.282170841003166,1.4211070428190937,74.2,27.2,14.0,19.2,3.4647529632956098
2018-08-15,8.599292083759531,1.7202874728862712,78.0,25.4,14.8,19.5,3.0477246542199605
2018-08-16,3.6778708826213373,0.5983608601343553,82.8,21.7,18.2,19.8,1.1977715392617128
2018-08-17,6.329605066000061,0.897541290201533,82.7,23.7,18.1,20.0,2.0835702830354075
2018-08-18,6.386444530091607,0.6731559676511497,80.3,25.0,16.5,20.1,2.0743376316839806
2018-08-19,9.77611372880833,1.3463119353022994,70.3,29.6,15.4,21.6,3.782593004577646
2018-08-20,9.326024087753012,1.4211070428190937,63.9,31.5,14.6,22.2,4.1145637902393135
2018-08-21,9.227143827908385,2.019467902953449,68.0,30.7,15.0,22.1,4.1871158028402595
2018-08-22,9.716955237851252,1.1967217202687106,78.5,27.8,16.6,21.3,3.318915242528394
2018-08-23,9.714911248337671,1.4959021503358882,68.4,31.6,17.2,23.5,4.116390746529432
2018-08-24,8.988525568528278,1.7202874728862712,61.0,32.7,17.2,24.7,4.360930957724799
2018-08-25,3.9763259065872405,2.094263010470243,59.9,27.6,21.5,24.5,2.9098754728455187
2018-08-26,3.121898326425037,2.094263010470243,85.4,21.9,18.5,18.8,1.581166599064101
2018-08-27,4.087257107975741,0.6731559676511497,90.5,20.2,16.2,17.4,1.2186605803987418
2018-08-28,7.112036875467192,1.271516827785505,77.7,25.4,16.8,19.9,2.6279773682453422
2018-08-29,10.734352445579216,1.3463119353022994,71.3,29.3,14.3,20.8,3.991124657728307
2018-08-30,10.215116914061955,1.9446727954366547,61.6,30.5,16.8,23.5,4.527320954898414
2018-08-31,10.468694770113423,2.094263010470243,50.3,33.4,19.2,26.1,5.477243326608175
2018-09-01,10.487602292817343,2.54303365557101,55.5,32.3,21.3,25.1,5.736337961481417
2018-09-02,10.986369381617006,1.7202874728862712,70.5,35.2,17.7,24.1,5.077420828467253
2018-09-03,10.785858161249262,1.5706972578526825,78.7,28.6,17.9,22.5,3.7621149706946935
2018-09-04,10.435117125222362,1.7202874728862712,74.4,25.9,19.1,21.3,3.8159907919204588
2018-09-05,11.615428318624726,2.1690581179870376,68.6,24.6,14.4,19.5,4.087690805693354
2018-09-06,9.275108534435907,1.271516827785505,76.4,24.6,13.7,18.6,3.0530221832133577
2018-09-07,10.953552003537283,0.8227461826847385,67.6,28.2,15.8,20.7,3.7553713731279257
2018-09-08,11.268318931531613,1.3463119353022994,71.1,27.9,13.7,19.6,4.042153368482443
2018-09-09,11.645340114312532,1.8698776879198602,72.1,27.1,13.4,19.9,4.148613429374616
2018-09-10,8.231948872723724,1.1967217202687106,68.2,26.5,19.3,21.7,3.1859579698895453
2018-09-11,5.502536986438194,0.8227461826847385,68.5,24.6,18.1,20.8,2.092015405057395
2018-09-12,5.9064612326569295,1.121926612751916,69.6,25.5,16.0,20.8,2.3147528840399945
2018-09-13,8.809763906762232,1.5706972578526825,63.8,27.9,17.0,22.1,3.647353935412366
2018-09-14,8.532307234702948,2.243853225503832,69.5,29.5,17.1,22.2,4.016939685898992
2018-09-15,8.615528527445116,1.645492365369477,79.5,28.5,19.1,22.1,3.3674385362886308
2018-09-16,7.667619994202383,1.4211070428190937,81.7,25.5,19.3,21.2,2.7338553245962496
2018-09-17,4.8367990156874665,0.7479510751679441,88.0,22.1,16.9,19.6,1.4363174562951673
2018-09-18,10.41734595297864,1.5706972578526825,72.0,32.8,19.3,24.6,4.3242928140009065
2018-09-19,12.074366086730763,1.795082580403066,58.8,33.8,23.2,27.1,5.486925900147758
2018-09-20,5.235420013541124,0.897541290201533,75.3,30.1,20.7,24.4,2.1734909911923195
2018-09-21,9.931965865737917,1.795082580403066,80.1,29.2,21.4,23.6,3.775535337715455
2018-09-22,13.480039691809743,1.3463119353022994,75.6,30.5,18.5,23.4,4.687846943793416
2018-09-23,13.353723061846765,1.8698776879198602,67.6,34.1,21.3,25.5,5.745666546946616
2018-09-24,13.101235598704271,1.8698776879198602,76.2,35.0,20.9,24.6,5.55996560760359
2018-09-25,11.279732692939955,1.795082580403066,75.7,29.8,22.4,24.6,4.33171333606929
2018-09-26,13.53149675114453,1.645492365369477,69.0,35.4,18.8,26.2,5.581731037127794
2018-09-27,11.142414744590653,2.3186483330206267,73.8,34.8,19.8,25.2,5.284406843032611
2018-09-28,5.405081629593327,1.3463119353022994,87.3,26.7,21.2,23.1,1.9734710839785041
2018-09-29,6.459653177460129,0.9723363977183274,85.9,26.9,21.7,23.5,2.203779897165922
2018-09-30,12.145483898128097,1.4959021503358882,71.3,33.1,20.7,25.9,4.7504072387495
2018-10-01,5.765252672206302,1.271516827785505,74.3,30.2,23.4,26.1,2.5470782707110216
2018-10-02,14.21149930121538,1.9446727954366547,60.3,35.3,24.3,28.1,6.378416286680229
2018-10-03,13.576806583870324,1.795082580403066,70.8,36.9,20.5,26.4,5.899131073540804
2018-10-04,7.478787220223695,1.645492365369477,81.3,28.4,23.4,25.1,2.8849458510755595
2018-10-05,5.916357851323715,1.9446727954366547,83.4,24.2,20.6,21.7,2.274626164586313
2018-10-06,4.37773539905027,0.4487706451007665,79.0,23.1,18.8,20.4,1.4340635071325254
2018-10-07,7.615699104830366,1.1967217202687106,82.8,25.8,18.1,20.9,2.6048944042612776
2018-10-08,5.157289094587089,1.4211070428190937,77.8,28.2,20.5,23.8,2.2326081155108213
2018-10-09,4.241623471171806,1.0471315052351216,85.0,26.4,21.6,23.5,1.5845767349240947
2018-10-10,12.70489948686209,1.645492365369477,66.5,34.8,21.6,27.0,5.315966910773444
2018-10-11,3.8902489075200988,1.121926612751916,92.3,24.4,22.2,22.8,1.2929166381784403
2018-10-12,8.473817388271426,0.8227461826847385,85.7,28.2,21.8,24.2,2.7729828833778956
2018-10-13,14.133484555134823,1.7202874728862712,67.9,36.7,21.7,28.2,5.911984121930097
2018-10-14,4.694076523525661,1.8698776879198602,88.1,24.1,22.5,22.7,1.7608088049766129
2018-10-15,5.5261628120965005,0.6731559676511497,87.6,24.5,19.8,21.3,1.7660430920956782
2018-10-16,5.425633182342646,0.6731559676511497,85.8,25.2,19.5,21.8,1.7589624512771027
2018-10-17,9.124621298108572,1.1967217202687106,78.8,30.4,20.4,24.5,3.318886867112571
2018-10-18,9.331766102760596,1.1967217202687106,84.4,31.7,22.0,24.8,3.453183865838817
2018-10-19,5.7517175464076375,2.3186483330206267,87.5,25.7,22.3,23.4,2.161439777601413
2018-10-20,14.12490816620847,2.393443440537421,69.1,25.3,19.4,21.5,5.0599479939800025
2018-10-21,12.27264813594491,1.0471315052351216,74.9,25.2,13.7,18.9,3.7945669997373104
2018-10-22,14.55540028837256,1.4959021503358882,68.2,29.7,18.3,22.5,5.250032896029474
2018-10-23,15.98802110757222,2.1690581179870376,67.8,32.2,18.8,24.3,6.160705508022466
2018-10-24,5.624546389713374,1.0471315052351216,84.3,26.0,21.8,23.1,2.0091018307442816
2018-10-25,4.3938161814472645,0.5235657526175608,92.5,23.0,20.6,21.7,1.298018849335807
2018-10-26,6.816428541173219,0.8227461826847385,85.6,26.9,21.0,23.1,2.2697877602700207
2018-10-27,11.872122534849462,1.795082580403066,72.4,35.0,21.6,26.3,5.098930508112753
2018-10-28,8.559617535758276,2.9170091931549815,68.2,26.0,20.8,22.7,3.96922767732641
2018-10-29,5.318393855743395,0.897541290201533,84.6,22.2,17.4,19.4,1.7015834633250726
2018-10-30,14.296887537812704,1.4959021503358882,74.6,27.7,16.5,22.0,4.587961240904133
2018-10-31,16.486124647849643,1.7202874728862712,71.3,34.6,18.1,25.4,6.212975900383466
2018-11-01,10.490203913274875,2.094263010470243,69.8,31.0,23.4,26.0,4.5311188283575925
2018-11-02,7.953580599925267,1.0471315052351216,80.5,27.2,20.5,23.7,2.678360777408985
2018-11-03,16.610931558613014,1.8698776879198602,67.1,37.6,21.2,27.5,6.945015578834119
2018-11-04,9.00551453170231,2.54303365557101,80.0,28.7,22.1,24.2,3.68781455410865
2018-11-05,3.855730655671217,0.4487706451007665,89.2,21.8,19.8,20.5,1.1634203642712555
2018-11-06,9.677140748153864,0.897541290201533,80.5,27.7,19.2,22.1,3.222828272562219
2018-11-07,13.040304010665427,1.1967217202687106,80.3,29.0,21.1,24.0,4.294941266160313
2018-11-08,4.374282422759184,0.7479510751679441,92.0,23.7,19.7,21.2,1.3575552510698505
2018-11-09,7.624007115382012,1.0471315052351216,86.9,25.1,19.9,21.7,2.437996974159183
2018-11-10,13.524322222930305,1.1967217202687106,79.5,30.2,19.6,23.6,4.536216705702734
2018-11-11,17.288035083003383,2.243853225503832,68.7,31.5,22.3,25.6,6.480158579854519
2018-11-12,17.376265060100476,1.7202874728862712,78.2,33.9,20.2,25.1,6.239955505440509
2018-11-13,17.197848172588063,1.4959021503358882,70.0,34.6,20.7,26.8,6.324266806490037
2018-11-14,16.528974725989535,2.1690581179870376,61.6,36.2,22.9,28.9,7.025552185228366
2018-11-15,12.212763766187447,2.54303365557101,65.7,32.9,26.0,27.6,5.743628898923554
2018-11-16,5.25897961845398,1.5706972578526825,85.2,26.2,23.4,23.9,2.0671929570288703
2018-11-17,13.108975705815645,1.0471315052351216,74.6,28.8,19.2,23.8,4.2949426531749655
2018-11-18,16.355499534512035,2.1690581179870376,62.1,35.5,19.2,27.6,6.790596509728008
2018-11-19,3.8033155251653334,2.3186483330206267,84.1,30.6,22.5,23.1,2.7979092692632923
2018-11-20,6.0834609361360865,0.8227461826847385,90.5,21.6,16.7,18.8,1.742147015346985
2018-11-21,7.537810087862982,0.37397553758397206,89.3,24.5,17.5,20.2,2.2030722489938306
2018-11-22,16.306174734182243,2.243853225503832,64.7,32.4,19.0,25.9,6.283805044091906
2018-11-23,16.1969373646719,2.8422140856381874,55.8,33.4,24.6,27.8,7.442483822362299
2018-11-24,8.062170527125243,2.9170091931549815,59.7,29.7,23.4,26.6,4.5066625019676705
2018-11-25,10.665036712127279,2.692623870604599,64.0,31.1,25.0,26.4,5.3373144368843155
2018-11-26,10.792541592293542,1.9446727954366547,84.4,26.5,20.4,22.6,3.544387372197052
2018-11-27,9.64936000030867,1.4211070428190937,79.4,26.4,19.9,22.5,3.281628490669137
2018-11-28,16.70267357941036,1.271516827785505,80.0,29.8,21.1,24.2,5.410124790350244
2018-11-29,16.67877377061628,1.4211070428190937,68.5,34.2,20.8,25.9,6.225458777989665
2018-11-30,12.281453009187175,1.271516827785505,65.3,34.7,21.3,27.4,4.88875573845968
2018-12-01,8.250109571416349,1.4211070428190937,74.7,31.1,21.8,25.3,3.379403350761614
2018-12-02,10.206959975354874,2.3186483330206267,77.8,28.5,23.4,25.1,3.937875732126775
2018-12-03,9.788675463187413,1.4211070428190937,78.4,27.4,20.7,23.5,3.40491321704477
2018-12-04,17.499630442782816,1.4211070428190937,71.5,32.3,20.8,25.5,6.1287028196531494
2018-12-05,13.098951057173743,1.4211070428190937,74.2,35.5,21.8,26.0,5.270218277180311
2018-12-06,13.410437387283466,1.1967217202687106,79.0,29.0,19.7,24.0,4.34396600228137
2018-12-07,4.37555088025005,0.7479510751679441,88.0,24.3,20.8,21.7,1.4780728429013452
2018-12-08,9.70107800502891,1.645492365369477,85.0,24.3,16.7,19.7,3.0505142981852402
2018-12-09,17.308242543612927,1.3463119353022994,69.6,28.9,14.2,21.1,5.621472987350488
2018-12-10,17.77066070999757,2.019467902953449,58.9,33.4,17.3,25.1,6.955611432567739
2018-12-11,17.04966930172189,2.019467902953449,58.8,34.6,20.5,27.2,6.912296129526126
2018-12-12,18.167827817628353,1.7202874728862712,62.1,36.2,20.6,27.9,7.104799835578527
2018-12-13,17.821607660978632,1.8698776879198602,55.0,37.3,22.8,29.0,7.620675379597788
2018-12-14,16.756082379721306,1.5706972578526825,62.0,37.6,21.1,28.1,6.872020173604171
2018-12-15,17.36560602407935,1.4211070428190937,63.1,37.8,21.3,28.6,6.885386775286192
2018-12-16,16.754897915799205,1.7202874728862712,72.4,36.2,23.2,27.9,6.501740102387008
2018-12-17,18.34176365183714,1.3463119353022994,67.0,37.5,21.7,28.9,6.9569944515538324
2018-12-18,17.657687589367413,1.8698776879198602,55.6,39.5,24.5,30.4,7.858139457945669
2018-12-19,16.05685585213032,1.795082580403066,73.2,35.6,22.5,27.4,6.235063406185418
2018-12-20,17.406574474783824,1.645492365369477,71.9,37.9,22.4,28.0,6.886473898134541
2018-12-21,15.312214521204655,1.9446727954366547,72.3,33.2,23.0,27.7,5.702099347412993
2018-12-22,15.711568158330858,1.795082580403066,58.1,39.1,25.1,30.1,7.153721091243348
2018-12-23,14.670110099412584,1.271516827785505,68.4,35.6,22.7,28.0,5.60276439156862
2018-12-24,8.785366679785252,1.4959021503358882,81.1,31.7,23.1,25.4,3.519629885282956
2018-12-25,11.488339194729546,1.271516827785505,80.6,29.6,21.5,24.4,3.9716786253166747
2018-12-26,4.705725568825695,0.29918043006717765,87.6,26.1,22.1,23.2,1.4889081485091473
2018-12-27,7.354001760621792,0.4487706451007665,80.9,27.9,20.9,24.0,2.365380090231363
2018-12-28,15.979105949064696,1.3463119353022994,76.7,32.3,21.4,25.9,5.4743286491758365
2018-12-29,18.77300859913548,1.5706972578526825,72.2,33.2,22.4,26.6,6.618653771296329
2018-12-30,17.18095921915501,1.8698776879198602,73.0,34.5,21.6,27.0,6.4094651316625555
2018-12-31,17.350700273306444,1.795082580403066,69.8,34.6,22.8,27.5,6.551434555319365
2019-01-01,15.043470660884038,1.7202874728862712,71.6,36.0,22.1,27.3,6.020912615313733
2019-01-02,15.745239679362491,1.4211070428190937,72.8,36.5,23.6,28.4,6.033549947815845
2019-01-03,13.61623153883648,1.795082580403066,57.8,39.1,26.4,30.4,6.56443102667136
2019-01-04,12.608377059690719,2.094263010470243,61.8,37.2,26.3,29.2,6.302765821129385
2019-01-05,11.223218745870145,1.4211070428190937,76.7,32.8,23.3,26.3,4.360401808626696
2019-01-06,16.233602182117714,1.7202874728862712,72.3,34.8,23.2,27.7,6.157763448678778
2019-01-07,17.935238669255043,1.9446727954366547,55.1,38.1,24.1,31.1,7.761852512872149
2019-01-08,14.767479520425422,1.795082580403066,50.5,38.7,27.5,31.7,7.057845077513595
2019-01-09,18.369451627883574,1.4211070428190937,64.5,36.8,23.5,29.3,7.075829164623903
2019-01-10,17.867453826252397,2.094263010470243,56.3,36.6,22.8,29.2,7.670867005259989
2019-01-11,17.678821228001482,1.9446727954366547,61.5,36.0,22.8,28.7,7.156853286773215
2019-01-12,17.667417115564962,1.5706972578526825,68.0,34.5,22.4,28.1,6.468695859195746
2019-01-14,17.23616002805528,2.019467902953449,57.3,37.7,23.1,29.3,7.505445380536145
2019-01-15,16.413954843649766,1.795082580403066,58.0,39.0,23.2,29.6,7.302950410545908
2019-01-16,16.425978131418937,2.1690581179870376,57.7,40.1,24.7,29.7,7.929179369457195
2019-01-17,17.177905847335623,2.4682385480542153,54.4,39.0,23.8,29.8,8.342549603880846
2019-01-18,15.379916655747191,1.271516827785505,64.5,36.5,23.7,29.1,6.015313762471579
2019-01-19,16.20058521533604,1.8698776879198602,61.0,39.5,25.7,30.6,7.307421955216394
2019-01-20,12.59931330193037,1.4959021503358882,64.9,38.3,26.0,29.5,5.705125318058955
2019-01-21,15.960075695825772,1.795082580403066,61.1,40.4,25.1,30.4,7.326570923752676
2019-01-22,15.344255702703723,1.9446727954366547,67.4,37.2,25.0,29.6,6.511510855134156
2019-01-23,15.874636346342964,1.3463119353022994,67.7,36.1,24.0,29.3,6.050897842448036
2019-01-24,16.849957112309404,1.9446727954366547,62.7,38.2,25.2,30.0,7.315076607510814
2019-01-25,9.237521165228802,1.271516827785505,73.4,34.1,24.2,26.1,4.037013338569957
2019-01-26,14.70740207546057,1.121926612751916,66.7,35.3,19.4,26.4,5.499902943445128
2019-01-27,17.179469547570054,1.645492365369477,58.1,37.4,22.1,29.3,7.134581161006339
2019-01-28,17.234764681899257,1.645492365369477,57.7,38.8,23.2,30.3,7.308682729771928
2019-01-29,17.740987046100525,1.795082580403066,58.2,39.2,24.8,30.8,7.668958029405367
2019-01-30,17.414309745724463,1.795082580403066,57.5,39.6,25.0,30.4,7.751676336103547
2019-01-31,15.782545123658037,1.645492365369477,62.8,38.4,23.1,29.0,6.751954894986068
2019-02-01,16.520538202828412,1.5706972578526825,55.2,39.1,23.3,29.6,7.238157556381644
2019-02-02,17.2238151634048,1.7202874728862712,62.6,38.1,22.5,29.5,7.0656308620596775
2019-02-03,13.936643247764067,1.645492365369477,69.5,33.8,24.6,28.8,5.354056059997402
2019-02-04,6.3108627100134855,1.4211070428190937,83.0,28.6,23.3,25.2,2.431029575858249
2019-02-05,4.466777773929478,0.9723363977183274,88.3,24.4,21.2,22.3,1.5026648760670447
2019-02-06,6.151328609149767,1.121926612751916,81.4,27.1,21.8,23.4,2.306696446310933
2019-02-07,11.478374220256372,1.121926612751916,78.7,29.1,20.2,24.0,3.860953460939579
2019-02-08,16.07020660261243,1.4959021503358882,73.3,32.1,21.4,25.7,5.6709871401720555
2019-02-09,16.16796796791012,1.645492365369477,70.5,34.1,21.7,26.5,6.086588588270203
2019-02-10,17.00895065542564,1.5706972578526825,64.7,37.1,23.3,29.1,6.800623665726937
2019-02-11,15.242039654930538,2.019467902953449,61.1,37.0,25.2,30.0,6.7914675016639245
2019-02-12,13.581905020186307,1.645492365369477,65.9,36.8,23.6,29.0,5.738266142259331
2019-02-13,5.064163240287449,1.1967217202687106,86.6,26.6,22.9,23.9,1.8668324669388803
2019-02-14,7.514075747556323,0.5983608601343553,79.0,27.5,21.2,23.8,2.4941591760938175
2019-02-15,8.905304612078453,0.8227461826847385,77.2,28.4,20.6,24.5,2.9778469838905717
2019-02-16,8.481712739722333,0.7479510751679441,82.5,31.1,22.6,25.4,2.979795031795642
2019-02-17,10.784824973205145,1.4211070428190937,78.4,33.6,23.6,26.4,4.290876576558441
2019-02-18,12.378199983182272,1.271516827785505,79.5,32.0,22.0,26.2,4.331764939956238
2019-02-19,16.218574399264934,1.7202874728862712,69.5,34.7,23.5,28.1,6.213518741839607
2019-02-20,15.998939830946494,1.795082580403066,73.5,35.0,22.4,27.2,6.124261553015212
2019-02-21,8.255724062022288,1.0471315052351216,74.7,30.4,24.3,26.7,3.1176376389082643
2019-02-22,16.015031599680214,1.5706972578526825,73.5,36.3,23.0,27.8,6.184524432017184
2019-02-23,15.087643354473819,1.645492365369477,70.7,36.7,23.4,28.0,6.108054775090884
2019-02-24,15.279558280483773,1.4959021503358882,58.9,37.4,24.8,30.5,6.366895525522412
2019-02-25,12.72999869674691,1.3463119353022994,69.3,37.6,26.0,29.1,5.407850934873546
2019-02-26,10.417057442062923,1.4959021503358882,74.7,31.1,23.6,26.5,3.967808585565917
2019-02-27,12.826097386589705,1.795082580403066,75.0,32.7,22.9,26.4,4.958336637773837
2019-02-28,10.678636349972964,1.4211070428190937,80.1,32.2,23.5,26.3,4.018707618981564
2019-03-01,10.260446105079428,1.271516827785505,81.1,31.8,24.1,26.5,3.781382156025881
2019-03-02,8.13784787147935,0.8227461826847385,86.3,31.0,21.6,24.1,2.8809811057485404
2019-03-03,6.104757523687461,1.121926612751916,81.8,29.7,23.6,25.4,2.397293738469051
2019-03-04,9.318326636340716,1.121926612751916,79.6,31.7,21.9,25.3,3.469169629135413
2019-03-05,13.171475799462096,1.4959021503358882,73.5,33.9,23.8,27.1,5.121853392601111
2019-03-06,14.829831381740984,1.645492365369477,68.8,35.3,23.6,28.2,5.910630820773759
2019-03-07,15.545297434282514,1.7202874728862712,62.9,35.7,24.2,29.5,6.3058126345963075
2019-03-08,15.419920331749736,1.795082580403066,62.7,36.9,24.8,29.7,6.534650811880163
2019-03-09,15.644863370342863,1.4211070428190937,69.5,36.8,24.2,29.1,6.105831530905999
2019-03-10,11.741824028585992,1.5706972578526825,77.2,33.1,23.4,26.9,4.509956353941457
2019-03-11,9.644100675508213,1.4211070428190937,81.2,30.4,22.9,25.6,3.5176036657904604
2019-03-12,10.37952104431232,0.897541290201533,78.8,31.7,23.1,26.4,3.6468466312569974
2019-03-13,13.322930072133664,1.4959021503358882,74.0,36.5,22.9,27.0,5.471670193011394
2019-03-14,10.83018236021452,1.1967217202687106,73.7,34.5,21.7,27.6,4.128458556806671
2019-03-15,10.328704639691818,1.3463119353022994,72.4,31.9,24.5,27.2,4.040521082565236
2019-03-16,9.041992048035404,0.4487706451007665,85.9,31.0,23.7,25.5,2.9972388364227625
2019-03-17,12.274246096212103,0.7479510751679441,80.1,33.8,23.6,27.2,4.262181459023074
2019-03-18,12.589085061812687,1.271516827785505,78.8,33.4,23.7,27.3,4.575088172663972
2019-03-19,11.696401025773058,1.1967217202687106,75.1,35.4,25.3,28.4,4.611312613774107
2019-03-20,9.204822854395804,1.1967217202687106,81.1,30.0,23.3,25.7,3.2906004205053017
2019-03-21,4.486880335962688,1.3463119353022994,90.1,24.8,22.4,22.9,1.5939686072661203
2019-03-22,5.050726727002326,0.37397553758397206,87.6,25.0,20.7,22.2,1.5728468367720065
2019-03-23,13.27182763579399,0.897541290201533,74.6,30.6,20.3,24.4,4.486202334426953
2019-03-24,13.304947384217527,1.1967217202687106,74.1,32.0,20.9,25.7,4.6934228813635634
2019-03-25,13.380519635571982,1.4211070428190937,70.7,34.7,22.1,26.8,5.274950118536537
2019-03-26,13.270368280335525,0.8227461826847385,75.2,32.8,21.1,25.9,4.573422697427246
2019-03-27,13.452970411766694,1.271516827785505,73.3,32.4,19.0,24.9,4.843165838544786
2019-03-28,7.563958382474516,1.121926612751916,80.6,30.0,22.3,24.3,2.914657331922185
2019-03-29,5.885060658509218,0.7479510751679441,87.6,25.8,20.6,22.4,1.9134523456004038
2019-03-30,12.745486532409844,0.897541290201533,78.1,29.5,19.0,23.4,4.16927233864099
2019-03-31,12.545411767089305,0.9723363977183274,74.1,31.5,19.3,24.2,4.377305795221031
2019-04-01,11.036153617536929,1.0471315052351216,75.5,30.0,20.0,24.0,3.8569777177896167
2019-04-02,12.422499366463157,1.121926612751916,73.8,30.5,18.3,23.6,4.320714165698243
2019-04-03,8.88455003025279,0.9723363977183274,74.7,31.8,20.6,25.3,3.3285836287233352
2019-04-04,12.589974136664377,1.271516827785505,72.3,35.3,20.9,26.7,4.921164809834084
2019-04-05,11.770100833473096,1.5706972578526825,67.8,36.7,22.7,29.1,5.040510187049702
2019-04-06,10.92659421893002,1.7202874728862712,74.0,33.1,23.5,27.5,4.380325979791359
2019-04-07,11.986434807084741,1.121926612751916,76.5,35.0,22.8,27.8,4.452629507995961
2019-04-08,9.23727859595465,1.4959021503358882,72.1,33.7,24.1,27.2,4.018858730848181
2019-04-09,4.845522219150524,0.9723363977183274,88.8,26.5,22.1,23.5,1.6878751030310344
2019-04-10,10.3143186252865,1.3463119353022994,82.4,28.8,22.1,24.3,3.563975175032366
2019-04-11,11.667211295841703,0.7479510751679441,76.3,30.8,20.9,24.8,3.9525734177289724
2019-04-12,11.596891706772611,0.9723363977183274,75.6,31.8,20.6,25.3,4.074797803924534
2019-04-13,11.136936588689208,1.121926612751916,74.3,32.8,21.9,26.5,4.12425827804957
2019-04-14,3.9926492416161965,0.6731559676511497,85.9,26.8,23.6,24.9,1.391410292063027
2019-04-15,9.301751431264874,1.0471315052351216,80.4,31.5,22.0,25.0,3.4470681522967612
2019-04-16,10.01541860026975,1.4959021503358882,74.9,30.5,20.7,25.3,3.763058100615169
2019-04-17,9.11346983956096,1.8698776879198602,72.1,29.2,23.9,25.9,3.7539296708768934
2019-04-18,11.124026957722084,1.3463119353022994,74.1,29.6,20.3,24.6,3.9781442096658037
2019-04-19,10.4440879502477,1.121926612751916,77.8,29.2,19.7,23.6,3.624633480943311
2019-04-20,10.583314961873423,1.271516827785505,70.8,32.2,19.8,24.3,4.2464018454540025
2019-04-21,10.177658778029226,1.4211070428190937,61.7,34.7,19.5,25.9,4.617152782767593
2019-04-22,10.489280778765712,1.4211070428190937,74.7,33.8,19.6,25.5,4.187062860475956
2019-04-23,9.08813302051161,1.1967217202687106,80.0,31.3,22.2,25.5,3.3803808646244216
2019-04-24,9.8670310777812,1.1967217202687106,75.4,32.4,21.6,25.8,3.789770964948209
2019-04-25,9.397988679953578,0.897541290201533,74.8,33.0,21.8,26.2,3.5276440974023067
2019-04-26,10.11362887377084,1.271516827785505,74.1,32.9,22.2,26.2,3.987074571171112
2019-04-27,10.025083843163403,1.645492365369477,68.9,33.0,21.4,26.7,4.271067950110743
2019-04-28,9.667154126959545,1.7202874728862712,59.8,35.7,22.7,28.6,4.767121144369508
2019-04-29,7.355150057596063,1.645492365369477,77.5,28.4,19.9,23.9,2.8558994777537947
2019-04-30,9.480904897240794,0.4487706451007665,78.0,29.5,21.3,24.3,3.098008195343064
2019-05-01,8.039941491903743,0.8227461826847385,75.0,31.8,20.2,24.9,3.0057282504476306
2019-05-02,6.741946367615952,0.5235657526175608,82.5,30.5,20.8,24.5,2.3088023416074486
2019-05-03,8.902447748462546,0.8227461826847385,79.2,32.9,21.8,26.1,3.25003405541362
2019-05-04,8.470297220563276,1.1967217202687106,77.3,33.2,22.1,26.6,3.3819054817911827
2019-05-05,8.81692213105352,0.5983608601343553,77.0,32.6,22.4,26.3,3.1351229952508355
2019-05-06,9.173787807311145,1.3463119353022994,70.8,32.8,21.6,26.4,3.79361281446845
2019-05-07,7.417432754890667,1.271516827785505,77.3,30.0,22.7,25.8,2.883533062195792
2019-05-08,4.0504252086702515,0.7479510751679441,88.8,24.2,21.0,22.0,1.3506590805511178
2019-05-09,7.600163834976989,0.6731559676511497,78.1,28.0,19.2,22.8,2.5731297960793937
2019-05-10,8.095680513456665,1.4211070428190937,75.7,28.7,19.2,23.4,3.109441825438414
2019-05-11,8.343780066708476,2.019467902953449,62.8,31.0,22.0,26.1,4.087508880419792
2019-05-12,8.279141778364977,1.7202874728862712,64.9,33.6,23.9,27.0,4.173137003619801
2019-05-13,5.617845059493832,0.897541290201533,83.3,29.0,23.6,25.7,2.0576286775713934
2019-05-14,8.284024323831531,1.0471315052351216,78.6,31.9,21.3,25.7,3.112279581357283
2019-05-15,4.299272734350561,1.1967217202687106,87.5,25.8,21.1,22.4,1.6319273546621227
2019-05-16,6.356410917436009,0.7479510751679441,84.7,26.8,20.5,22.7,2.139410634081288
2019-05-17,2.959475478377504,0.6731559676511497,91.5,22.1,20.6,20.9,0.9496829859506484
2019-05-18,3.9855286034854274,0.5235657526175608,90.9,23.9,19.6,20.9,1.259539916199109
2019-05-19,7.948696990013046,1.271516827785505,81.1,28.4,18.4,22.4,2.8904580206263453
2019-05-20,8.166889749868137,1.3463119353022994,77.8,28.5,18.8,23.1,3.0030436847351987
2019-05-21,8.082938692604603,0.9723363977183274,80.5,30.6,19.2,23.2,3.0056650337871194
2019-05-22,7.951219376489306,1.121926612751916,78.3,30.1,18.4,23.1,3.0192272411252414
2019-05-23,7.6767158341267745,1.4959021503358882,73.5,31.0,19.1,23.2,3.4247641156755813
2019-05-24,6.476660253394597,1.271516827785505,79.6,29.2,18.1,22.2,2.6361771409468115
2019-05-25,6.893605182741624,1.1967217202687106,74.3,26.9,20.3,22.6,2.7098050057795287
2019-05-26,6.694077352037602,1.4211070428190937,72.3,26.6,16.7,20.5,2.791422519656129
2019-05-27,7.473818466928688,1.1967217202687106,77.3,29.6,16.3,21.5,2.9641270155831982
2019-05-28,7.297849935037236,1.4959021503358882,74.6,32.5,17.1,22.8,3.4535703354177896
2019-05-29,6.139032795468172,1.7202874728862712,74.8,29.7,16.4,22.3,2.8806110207741
2019-05-30,7.37566583002439,0.9723363977183274,76.9,30.2,20.8,24.5,2.8000029450635715
2019-05-31,7.0045928974961456,1.4211070428190937,67.5,34.2,20.8,26.2,3.5289411267458295
2019-06-01,7.112756750191277,1.1967217202687106,81.4,30.9,20.1,24.4,2.777494878248611
2019-06-02,4.514128559118579,1.121926612751916,87.8,26.0,19.9,22.1,1.6436162048085041
2019-06-03,4.719080626549648,1.4211070428190937,86.7,27.6,18.9,21.4,2.0100405200794693
2019-06-04,4.46849798939858,1.795082580403066,78.0,23.2,17.8,19.6,2.0500878242317087
2019-06-05,4.961645330126281,0.9723363977183274,84.0,22.8,15.1,18.1,1.6762227937784686
2019-06-06,6.805959314098869,0.6731559676511497,77.8,26.1,15.2,20.1,2.250633273367424
2019-06-07,6.810770824566379,1.5706972578526825,71.4,27.3,15.2,20.4,2.9929168493556717
2019-06-08,6.222013695013729,1.5706972578526825,73.5,28.5,14.9,20.4,2.877866224448833
2019-06-09,6.877667593895064,1.0471315052351216,79.1,27.0,15.9,20.4,2.507156732905428
2019-06-10,6.216751950914436,0.7479510751679441,79.5,27.3,15.3,20.3,2.184508009213724
2019-06-11,6.994076364308257,1.4211070428190937,72.1,29.0,17.0,22.6,2.938470744036671
2019-06-12,6.886608775713799,1.4959021503358882,76.4,29.4,17.0,22.2,2.933779386268373
2019-06-13,6.781951612288962,1.5706972578526825,69.1,30.3,18.8,24.5,3.084320773841347
2019-06-14,6.909759183121351,1.4211070428190937,65.5,31.7,21.4,25.5,3.3427542828934684
2019-06-15,6.944481126809453,1.4959021503358882,70.1,29.8,19.5,24.0,3.1091385027326552
2019-06-16,6.830306582820682,1.645492365369477,71.8,30.7,17.5,23.3,3.196731169811648
2019-06-17,6.618077458044922,0.897541290201533,81.0,28.1,18.2,21.9,2.382566767733349
2019-06-18,5.595001032422834,0.8227461826847385,77.6,28.5,16.2,21.5,2.1401323842407525
2019-06-19,6.633743843810986,1.1967217202687106,69.2,30.9,19.1,23.3,3.025437155208962
2019-06-20,5.972201685992847,1.645492365369477,68.0,29.3,18.1,23.1,2.9443283550637354
2019-06-21,5.302501467732519,0.7479510751679441,77.4,25.5,18.9,22.1,1.8588141807061105
2019-06-22,6.4529448822391355,1.0471315052351216,75.5,27.7,15.8,21.0,2.4882110656705736
2019-06-23,6.500906629165219,1.4211070428190937,71.4,29.4,15.9,21.6,2.9355763921046534
2019-06-24,6.482911418566058,1.1967217202687106,63.9,30.4,17.0,23.0,3.0032009727465985
2019-06-25,6.661508859904062,1.1967217202687106,71.1,31.3,14.9,22.5,2.9488515647119287
2019-06-26,6.6350736633224265,1.7202874728862712,61.5,32.8,19.0,25.6,3.6440739260827186
2019-06-27,5.505504215598117,1.0471315052351216,82.5,27.6,19.1,22.8,2.0258775808907825
2019-06-28,6.937482092776792,0.9723363977183274,76.0,30.8,20.6,24.3,2.7682179639582207
2019-06-29,6.500726918006927,2.1690581179870376,59.9,30.4,19.3,24.5,3.8150085275440984
2019-06-30,6.241705967821615,1.5706972578526825,54.6,32.5,20.8,25.4,3.7169648550439565
2019-07-01,6.108151091449794,1.645492365369477,57.3,32.3,19.9,25.1,3.6329508105673542
2019-07-02,6.45784584633439,0.9723363977183274,73.8,30.2,17.1,23.5,2.536690710761162
2019-07-03,5.873907641235327,1.7202874728862712,53.8,33.6,18.5,25.3,3.888874525053062
2019-07-04,5.461224203457096,1.795082580403066,76.4,27.9,19.9,22.8,2.5831364907635788
2019-07-05,2.9004843643483547,1.5706972578526825,90.4,22.0,20.1,19.6,1.2548796645721827
2019-07-06,5.4208930431601665,1.8698776879198602,74.3,20.5,16.5,17.3,2.365583154206234
2019-07-07,6.381847488775105,1.4211070428190937,71.3,21.5,10.5,15.4,2.3958976271439454
2019-07-08,6.050870220822996,1.271516827785505,67.6,24.1,11.5,17.3,2.451707049056548
2019-07-09,6.393172878012218,1.121926612751916,72.1,25.9,11.0,17.4,2.5364215322850856
2019-07-10,6.587557115213955,1.3463119353022994,68.9,26.5,12.1,18.5,2.8139385800920667
2019-07-11,6.55821039476892,1.4959021503358882,65.5,28.0,11.9,19.3,3.128083699525762
2019-07-12,6.517535695330762,1.4959021503358882,66.4,29.1,12.4,19.4,3.2276777101665517
2019-07-13,6.4171962686951325,1.271516827785505,62.2,30.5,13.6,21.3,3.1691614724722856
2019-07-14,6.446689239553881,1.4959021503358882,65.6,32.2,14.4,21.5,3.5251690716856516
2019-07-15,6.533376849692443,1.5706972578526825,73.5,27.0,16.7,21.7,2.6695205850722217
2019-07-16,4.753717534767798,2.243853225503832,76.8,24.9,18.6,20.4,2.5036474225281267
2019-07-18,4.995183304194592,1.271516827785505,77.8,23.2,11.2,16.5,1.9485604489844262
2019-07-19,6.795490385180402,1.7202874728862712,67.9,25.5,10.7,18.2,2.951263168661852
2019-07-20,6.730212731579104,2.393443440537421,57.9,27.1,15.7,20.7,3.90587644560074
2019-07-21,6.605531165917585,2.019467902953449,63.3,28.2,13.6,20.9,3.4575888094249345
2019-07-22,7.105901385744158,2.019467902953449,64.7,28.7,15.7,21.7,3.6295900571116277
2019-07-23,7.0301894199798936,2.243853225503832,53.5,29.6,16.9,23.5,4.12251556890672
2019-07-24,7.169195791181844,1.795082580403066,56.3,31.6,17.3,23.8,4.008499498829241
2019-07-25,7.31266081502481,1.645492365369477,68.6,31.0,15.9,22.0,3.5873193867609703
2019-07-26,7.535333889103171,1.0471315052351216,71.9,30.3,17.0,22.5,3.0623946456771294
2019-07-27,7.416238039090234,1.7202874728862712,59.8,31.9,14.9,23.0,3.9720838384406663
2019-07-28,6.432328013896409,1.1967217202687106,77.9,26.7,15.9,20.4,2.4434739813966138
2019-07-29,7.242076644947479,0.8227461826847385,74.6,27.5,14.9,20.7,2.5625277330736034
2019-07-30,6.477852646104974,2.094263010470243,61.3,32.3,16.1,22.7,4.096240080280967
2019-07-31,8.140099827817817,1.795082580403066,69.8,27.6,17.5,22.1,3.4032169508427605
2019-08-01,7.9657778782143955,1.121926612751916,72.8,30.6,14.8,21.2,3.245756766970654
2019-08-02,7.524784151969226,2.393443440537421,59.7,35.1,16.0,24.8,5.11520871559605
2019-08-03,2.427723560931457,2.019467902953449,89.9,23.4,18.4,18.8,1.4242187602950471
2019-08-04,2.692176574209083,1.4211070428190937,91.4,17.2,15.5,15.8,0.8978159320628641
2019-08-05,4.425568338920689,0.5235657526175608,84.7,21.1,14.3,17.0,1.344661405694166
2019-08-06,8.248500136337812,1.1967217202687106,74.8,26.3,14.8,20.0,2.928325263727094
2019-08-07,8.71088212150525,1.645492365369477,71.3,30.0,15.1,21.5,3.7356916561853915
2019-08-08,8.603963934594116,1.7202874728862712,62.8,32.3,18.5,23.8,4.240274428707336
2019-08-09,8.723795896069824,1.1967217202687106,70.5,32.0,17.0,23.2,3.6343046015144487
2019-08-10,8.439994081093511,1.5706972578526825,58.4,34.4,18.0,25.5,4.342270601435917
2019-08-11,8.516708100578454,2.54303365557101,65.7,28.6,21.4,24.9,4.069919223729611
2019-08-12,8.806332261523277,1.3463119353022994,66.8,32.9,17.9,24.2,4.017808666848035
2019-08-13,8.080535314869632,3.290984730738954,61.6,31.5,18.5,23.8,5.180381576439251
2019-08-14,3.488605637349018,2.243853225503832,89.4,20.3,16.9,17.3,1.479366710027429
2019-08-15,7.949175365944976,1.3463119353022994,75.1,24.2,14.9,17.9,2.9266961976543957
2019-08-16,8.924541804348511,1.795082580403066,62.7,26.6,12.4,18.6,3.847246155991514
2019-08-17,8.742793245816468,2.3186483330206267,51.6,29.2,13.4,21.0,4.804174245369519
2019-08-18,7.779572928802469,1.795082580403066,39.0,33.8,19.3,24.7,5.1072617305616355
2019-08-19,5.1218377003423905,1.4959021503358882,74.0,25.5,17.5,21.7,2.1238824668633574
2019-08-20,3.128380381529494,1.0471315052351216,87.8,22.8,20.1,20.7,1.1725008917841575
2019-08-21,5.1992323067936255,1.1967217202687106,82.5,23.6,17.0,19.1,1.9233359837803206
2019-08-22,5.423247158247415,0.8227461826847385,85.7,22.0,17.4,18.5,1.7502444505370611
2019-08-23,3.5109878760153337,0.4487706451007665,84.6,20.2,16.7,17.6,1.1003135029309346
2019-08-24,6.732775448962061,1.1967217202687106,81.0,23.7,13.4,18.0,2.2551605839298245
2019-08-25,6.156224723584237,1.3463119353022994,81.1,22.4,16.3,18.6,2.1258793295592318
2019-08-26,8.350350926480834,1.3463119353022994,72.4,25.5,15.2,19.9,3.026254827613889
2019-08-27,9.561584324800265,1.4959021503358882,72.6,27.9,13.3,19.8,3.5689175357862566
2019-08-28,7.06297431908812,1.121926612751916,73.2,25.3,16.0,20.3,2.5464537308367
2019-08-29,9.068877933869818,1.7202874728862712,67.4,27.4,14.7,20.8,3.6725596730734065
2019-08-30,10.236262305601471,1.4959021503358882,63.2,31.7,17.2,23.1,4.470221403901952
2019-08-31,9.880975576631727,2.094263010470243,46.4,35.7,17.7,26.8,5.753915115203212
2019-09-01,5.958310421247631,1.645492365369477,70.9,30.2,19.2,23.9,2.9723402775432812
2019-09-02,6.1080092394747965,1.3463119353022994,86.0,26.6,19.4,21.1,2.324931385570961
2019-09-03,7.985456852768993,1.8698776879198602,82.8,32.4,19.5,21.9,3.8409175457149742
2019-09-04,5.26765186934036,1.9446727954366547,87.0,25.3,19.2,20.8,2.1194752750126087
2019-09-05,3.9118112972558077,1.4959021503358882,90.8,21.1,19.6,19.3,1.3999937245426342
2019-09-06,4.2632657808449705,0.7479510751679441,84.7,21.2,16.9,18.6,1.3684222993646453
2019-09-07,11.274503772463245,2.3186483330206267,69.9,28.2,16.7,22.0,4.4763644698049125
2019-09-08,10.681995642404445,2.243853225503832,62.6,30.5,18.6,24.1,4.8162869368204
2019-09-09,11.146987718074339,2.393443440537421,53.5,33.8,20.0,26.4,5.881043349658609
2019-09-10,11.061454046376834,1.795082580403066,48.4,37.0,19.6,27.2,5.938550044423202
2019-09-11,11.364459938279754,1.9446727954366547,67.5,31.6,19.3,24.1,4.853368578904546
2019-09-12,11.382217162010697,1.3463119353022994,58.3,40.4,18.0,28.0,5.6152885780421125
2019-09-13,5.524155238260728,2.393443440537421,78.4,26.5,21.7,22.9,2.729572988364012
2019-09-14,5.983163290509413,0.897541290201533,83.4,25.5,20.5,22.3,2.0366419257385053
2019-09-15,10.550159701904668,1.3463119353022994,73.4,31.9,21.1,24.5,4.209121154270006
2019-09-16,12.33595149013598,2.019467902953449,65.1,32.4,20.1,25.8,5.272825117307429
2019-09-17,11.768622917346105,1.9446727954366547,54.9,38.0,20.2,27.6,6.258041748819814
2019-09-18,11.710143244763422,1.9446727954366547,67.4,38.7,19.8,26.1,6.10970353004549
2019-09-19,9.395335908823602,1.4211070428190937,77.8,27.5,20.3,23.7,3.250399988308109
2019-09-20,10.066005783774102,1.7202874728862712,74.0,30.6,21.0,24.9,3.9781414321736075
2019-09-21,3.6992833366008098,1.4211070428190937,84.5,24.4,19.8,22.2,1.4132050308054713
2019-09-22,3.8467662990707043,1.4959021503358882,89.5,22.4,21.0,21.2,1.3653058046400608
2019-09-23,5.636434676739487,1.3463119353022994,76.0,22.1,17.0,19.3,2.0867510277846963
2019-09-24,7.914205036584795,1.4211070428190937,66.3,25.4,17.1,20.4,3.157506495893592
2019-09-25,4.246635185698295,0.6731559676511497,85.3,21.1,17.5,19.0,1.3305017718270915
2019-09-26,3.9542708411209393,0.5235657526175608,89.9,21.3,18.2,19.5,1.171664441717181
2019-09-27,11.501165179131657,1.4211070428190937,80.3,26.7,17.8,21.3,3.7679899958619347
2019-09-28,6.449581187409886,1.4959021503358882,86.1,22.6,18.2,19.8,2.092140194108644
2019-09-29,4.659662212450915,0.6731559676511497,86.3,21.9,17.6,19.5,1.4334619059192015
2019-09-30,7.836920778018725,1.4211070428190937,76.8,26.1,18.4,21.4,2.897417428131548
2019-10-01,14.002780840302343,1.795082580403066,65.1,30.7,17.5,23.5,5.34541576879488
2019-10-02,13.873999788317153,2.243853225503832,60.6,31.6,17.8,24.1,5.877286259827766
2019-10-03,14.084446067650735,1.9446727954366547,68.8,30.1,16.5,22.8,5.192387306242039
2019-10-04,14.04947173363762,1.5706972578526825,70.3,33.0,17.5,23.8,5.431666311939102
2019-10-05,14.007274479991608,2.54303365557101,51.8,33.6,19.5,27.1,6.632756551360421
2019-10-06,11.094805412328842,2.094263010470243,70.8,28.2,21.9,24.5,4.346306772496693
2019-10-07,8.571686757248091,1.271516827785505,77.0,29.1,21.8,23.8,3.2848181952589406
2019-10-08,5.114494064080916,1.271516827785505,87.5,24.9,21.0,22.1,1.814344564771467
2019-10-09,3.7952079803891285,1.271516827785505,90.2,22.6,19.9,20.8,1.2757616728561882
2019-10-10,6.522897428558484,0.8227461826847385,82.8,25.9,19.3,21.6,2.2043464091907348
2019-10-11,14.359394269582495,1.7202874728862712,69.1,31.6,20.2,25.2,5.415148351992988
2019-10-12,15.346360102232047,1.795082580403066,66.4,35.2,19.7,26.0,6.289296845687232
2019-10-13,15.298183714747562,1.7202874728862712,61.3,37.3,20.2,27.7,6.659538780059303
2019-10-14,15.252330786496383,2.54303365557101,66.0,33.2,21.2,26.5,6.307122725207155
2019-10-15,13.539688651784685,2.243853225503832,72.7,29.2,22.6,24.8,5.098030710606444
2019-10-16,13.023573912247425,1.3463119353022994,74.2,30.4,20.6,24.5,4.600530893654711
2019-10-17,13.407655614705721,1.1967217202687106,73.5,32.3,22.2,25.4,4.898534315530938
2019-10-18,10.44064555295451,1.645492365369477,71.5,33.9,20.4,25.7,4.501196022653413
2019-10-19,10.587366969883615,1.9446727954366547,77.8,29.4,20.6,24.4,3.9104285038082716
2019-10-20,5.02082652959395,1.4211070428190937,82.5,23.8,19.5,20.9,1.9009603231387084
2019-10-21,5.899554098388049,0.6731559676511497,78.9,23.6,18.3,20.1,1.9543276603387754
2019-10-22,9.761154238784554,1.1967217202687106,75.1,28.4,18.5,21.9,3.534893232356158
2019-10-23,7.550135557432972,0.8227461826847385,76.4,26.7,20.5,22.8,2.6071660149040037
2019-10-24,14.889829071166199,1.5706972578526825,70.4,32.2,20.9,24.7,5.596720083264019
2019-10-25,14.867816944532205,1.795082580403066,76.0,29.6,20.1,24.5,5.0052932728529065
2019-10-26,9.658415839355232,1.121926612751916,78.8,30.1,21.4,24.7,3.4467531786912957
2019-10-27,16.086806447111464,1.5706972578526825,69.5,35.5,20.9,27.1,6.188923204810533
2019-10-28,14.593191144142445,1.795082580403066,65.6,36.8,23.0,28.1,6.274555469904069
2019-10-29,13.082902799063941,2.094263010470243,62.0,36.3,22.6,27.3,6.2507786370719165
2019-10-30,12.34234813407346,2.019467902953449,65.9,32.7,23.5,26.5,5.351748896821339
2019-10-31,10.83193418153616,1.645492365369477,74.9,30.6,21.8,26.1,3.9919178645768914
2019-11-01,8.431543030032996,1.4211070428190937,78.8,29.3,23.0,25.2,3.197808892451096
2019-11-02,13.110528713263259,1.121926612751916,70.3,32.7,21.9,26.3,4.805936207598114
2019-11-03,16.228464726523587,2.393443440537421,59.4,37.0,20.8,27.3,7.4800629811698585
2019-11-04,16.15145867197067,1.4211070428190937,74.8,32.6,20.8,25.6,5.639057820457968
2019-11-05,14.186820537410252,1.9446727954366547,62.3,41.1,21.2,29.0,7.119181736324774
2019-11-06,4.95008195648271,1.8698776879198602,77.7,27.2,22.8,24.2,2.3601782740120174
2019-11-07,10.014987105912104,1.1967217202687106,77.7,29.8,20.8,23.7,3.646265854380128
2019-11-08,6.896839957144178,1.3463119353022994,84.0,28.9,22.1,23.8,2.677661784655321
2019-11-09,7.023019919971993,0.897541290201533,83.8,28.0,22.4,24.6,2.3975337056022865
2019-11-10,9.656844498568859,1.271516827785505,80.9,30.8,22.8,25.4,3.5465229928039994
2019-11-11,5.196945266658181,1.1967217202687106,86.1,26.8,23.4,23.5,2.02501153397688
2019-11-12,4.858465932957544,0.7479510751679441,86.7,23.7,20.3,21.5,1.580073208774076
2019-11-13,9.748697417393217,1.4959021503358882,76.6,28.8,20.1,23.4,3.6150427934956513
2019-11-14,4.036119666257878,1.271516827785505,83.6,27.2,21.4,23.2,1.7376981131968254
2019-11-15,6.001368123629963,2.019467902953449,80.3,26.8,22.5,23.2,2.6976404743319224
2019-11-16,15.296493697562402,1.271516827785505,74.4,27.1,19.6,22.4,4.9596836979133245
2019-11-17,7.168002110348318,0.5235657526175608,82.3,26.6,17.8,21.2,2.2830665680538584
2019-11-18,5.0968402703875615,0.4487706451007665,82.8,23.9,19.8,21.3,1.6137708365396182
2019-11-19,5.577783673568085,0.8227461826847385,89.0,25.0,20.4,22.0,1.788852562452415
2019-11-20,5.644207189098949,1.0471315052351216,86.6,25.5,20.9,22.6,1.9117612275160902
2019-11-21,13.45888184912396,0.7479510751679441,78.2,31.0,21.7,24.7,4.482437520570586
2019-11-22,16.883296772318932,2.1690581179870376,69.8,33.5,21.0,26.0,6.519540006885951
2019-11-23,12.577080753369087,2.243853225503832,68.6,32.5,23.9,26.4,5.468666324707673
2019-11-24,6.478635682223761,1.7202874728862712,81.2,23.1,19.4,20.7,2.3304673458535192
2019-11-25,11.365738765615822,1.0471315052351216,73.5,25.9,18.0,20.9,3.743836037885334
2019-11-26,12.956366604644664,0.9723363977183274,63.0,29.7,19.4,23.2,4.615716153087854
2019-11-27,16.494882138426647,2.393443440537421,58.8,35.9,19.0,25.7,7.4250176506490275
2019-11-28,5.945524167439819,1.5706972578526825,83.2,27.4,20.9,22.8,2.4070738124566224
2019-11-29,6.5942937803634205,1.0471315052351216,80.5,24.3,19.6,21.6,2.2252108927951144
2019-11-30,15.617049107885135,1.271516827785505,75.5,29.4,20.0,23.7,5.158887536062244
2019-12-01,14.45206728243819,1.4959021503358882,78.6,32.4,21.4,24.8,5.198264138874679
2019-12-02,9.50431886487898,1.7202874728862712,83.4,27.1,22.1,22.6,3.471167751275861
2019-12-03,8.332329556781808,0.8227461826847385,76.7,25.9,19.0,21.6,2.785441489663626
2019-12-04,13.800708644243835,1.4211070428190937,69.3,31.3,19.2,24.8,4.984050440104319
2019-12-05,13.742932842467223,2.393443440537421,64.7,33.5,22.2,27.7,5.841546049513646
2019-12-06,4.815242886409981,1.4211070428190937,86.1,26.0,23.6,23.0,2.012058789735279
2019-12-07,15.17710526121818,1.121926612751916,72.3,29.0,19.8,23.2,5.0872101279525275
2019-12-08,17.692201195197867,1.4211070428190937,69.6,30.5,16.5,22.8,5.94883150570549
2019-12-09,14.658708202699072,1.9446727954366547,61.3,31.9,19.1,25.1,5.818169086372895
2019-12-10,7.429962264755849,0.9723363977183274,81.4,28.6,22.1,24.0,2.681942099234215
2019-12-11,9.05587867567641,1.1967217202687106,84.4,27.8,21.6,23.6,3.0708184350169137
2019-12-12,5.638071751193969,1.0471315052351216,84.5,29.9,22.6,24.4,2.2351544315028566
2019-12-13,14.343798806663271,1.9446727954366547,70.3,33.5,23.2,27.2,5.692702067783657
2019-12-14,8.866236859630607,1.3463119353022994,80.9,28.2,23.8,25.5,3.119614572166787
2019-12-15,17.804721021597032,1.8698776879198602,63.5,34.8,22.4,28.2,6.989136770543298
2019-12-16,17.99078209815567,2.393443440537421,48.8,36.6,23.2,29.9,8.25021210733094
2019-12-17,17.62517177200923,1.9446727954366547,59.3,34.7,23.1,28.3,7.100410560445644
2019-12-18,14.403480304381887,1.795082580403066,80.0,31.5,22.8,25.8,5.098277506258208
2019-12-19,7.621265406622464,1.0471315052351216,83.4,28.1,23.0,24.5,2.6795386910727546
2019-12-20,14.004494055565688,1.0471315052351216,79.8,31.5,21.6,25.2,4.728142951626154
2019-12-21,12.804025369444771,2.1690581179870376,65.6,34.4,23.1,27.7,5.642621236417865
2019-12-22,11.806800298864179,1.645492365369477,61.2,34.3,25.7,28.8,5.228456747604697
2019-12-23,7.164533264352262,1.271516827785505,81.7,30.0,22.4,24.6,2.818603647302564
2019-12-24,8.927908719268942,0.6731559676511497,85.0,29.2,22.3,23.8,2.989563279518329
2019-12-25,17.97874450262224,1.4211070428190937,73.4,32.4,19.5,25.2,6.1215398082747665
2019-12-26,18.64714033545991,1.9446727954366547,72.3,33.0,21.4,26.4,6.632633375627452
2019-12-27,17.7750058335318,1.4211070428190937,75.5,32.3,21.0,25.9,6.002994714034901
2019-12-28,17.215852157381672,1.3463119353022994,70.0,33.4,21.9,26.9,6.118662478439328
2019-12-29,17.04603233031591,1.121926612751916,66.0,33.9,22.8,27.2,6.172852018326619
2019-12-30,17.99393705026471,1.4959021503358882,65.5,33.8,20.4,26.7,6.545267169329447
2019-12-31,18.324860648845046,1.3463119353022994,66.4,36.1,21.2,27.4,6.867946212769677
2020-01-01,16.832153871079385,1.9446727954366547,56.5,36.9,22.9,29.3,7.230498717402381
2020-01-02,7.019043916619397,1.4959021503358882,67.2,32.0,26.6,27.1,3.5449834537164433
2020-01-03,7.914168661222598,1.3463119353022994,83.1,28.5,22.6,24.4,2.8780958371046763
2020-01-04,11.249164062028228,1.0471315052351216,77.3,29.9,22.3,25.3,3.890799949074308
2020-01-05,13.113092844081557,1.4211070428190937,79.4,29.7,22.5,25.4,4.4332294059154576
2020-01-06,13.83248287765056,1.4211070428190937,78.8,35.0,21.2,25.7,5.244533653432087
2020-01-07,18.206350120787924,1.7202874728862712,63.4,37.0,22.2,28.9,7.207030066057228
2020-01-08,10.204668912120306,1.3463119353022994,74.6,32.4,24.0,27.0,3.9839585504721966
2020-01-09,15.376095758359684,1.1967217202687106,71.1,34.5,23.5,28.1,5.585907810337851
2020-01-10,16.99745608609195,1.1967217202687106,75.7,34.3,23.7,28.2,5.899908781384589
2020-01-11,15.458628867930125,1.4959021503358882,64.0,37.8,25.8,30.1,6.419755138475733
2020-01-12,11.021311345416235,1.5706972578526825,76.6,31.5,24.9,27.6,4.115547990176625
2020-01-13,6.051620080765774,0.9723363977183274,85.1,27.5,23.9,25.2,2.115988303229212
2020-01-14,12.056374132593309,0.9723363977183274,72.4,30.3,22.9,25.7,4.236548976694536
2020-01-15,15.782619733242733,1.3463119353022994,64.8,33.5,23.2,27.2,5.930258648317099
2020-01-16,16.302771267194494,1.9446727954366547,58.0,37.0,23.5,30.2,6.931818854206775
2020-01-17,4.688295256233628,1.795082580403066,86.5,29.9,23.3,24.5,2.2881208129402886
2020-01-18,6.604079530293405,0.5235657526175608,84.6,26.2,20.5,22.5,2.108469360548799
2020-01-19,10.344638376448142,0.5983608601343553,73.5,29.4,20.9,24.4,3.4494196849523857
2020-01-20,7.864868594826523,0.7479510751679441,75.1,27.6,21.0,24.0,2.695704500912353
2020-01-21,9.876464632635685,0.897541290201533,75.1,29.2,19.7,23.9,3.3929776238181195
2020-01-22,15.32733553120108,1.3463119353022994,73.8,30.6,18.7,24.3,5.144865922021744
2020-01-23,5.358931434557892,0.6731559676511497,86.6,26.9,22.1,23.5,1.8094123521727465
2020-01-24,8.45373312595119,0.897541290201533,88.5,28.4,21.8,23.1,2.8537422636528884
2020-01-25,13.081903977996888,1.271516827785505,78.4,28.5,19.8,23.7,4.2748822594007745
2020-01-26,16.471548210024398,1.4959021503358882,69.5,32.0,19.2,24.7,5.879194608746356
2020-01-27,15.383507583244898,1.3463119353022994,70.4,35.7,19.8,26.3,5.83201615199375
2020-01-28,17.012375666105363,2.019467902953449,69.4,35.3,23.6,28.0,6.713221392206971
2020-01-29,10.92445094754113,1.4211070428190937,69.4,35.1,23.9,28.0,4.6235974653976175
2020-01-30,14.85883015498062,1.4959021503358882,63.4,38.2,24.3,30.0,6.269962942950983
2020-01-31,17.190508383490062,1.5706972578526825,67.8,37.8,23.9,29.0,6.897333194089549
2020-02-01,12.687846713128387,1.7202874728862712,69.9,35.2,24.5,28.0,5.36879175307295
2020-02-02,14.365428975173652,1.4211070428190937,80.8,31.7,23.8,26.7,4.922661233519715
2020-02-03,12.310254756219786,1.121926612751916,83.1,33.2,22.2,25.6,4.383828118669992
2020-02-04,9.353097908931932,1.1967217202687106,81.9,31.5,22.9,25.7,3.449561843086866
2020-02-05,6.7240079901359175,0.897541290201533,85.5,30.1,23.4,25.0,2.457532264255735
2020-02-06,9.446988172230599,1.3463119353022994,78.0,30.6,22.3,25.1,3.567376223342448
2020-02-07,12.179711047916774,1.1967217202687106,68.8,33.1,22.8,26.5,4.671579327560303
2020-02-08,17.06765754929495,1.4959021503358882,69.1,34.8,21.7,27.5,6.344618232976583
2020-02-09,14.722430787043148,1.8698776879198602,58.4,35.8,23.6,29.5,6.391356113391959
2020-02-10,9.006454309217736,1.121926612751916,81.5,31.2,24.5,25.8,3.3881258402497636
2020-02-11,5.53406871449419,1.5706972578526825,90.6,24.2,19.7,21.6,1.7658783765058257
2020-02-12,4.810498909690688,0.7479510751679441,91.6,23.2,20.2,21.2,1.4691524710057011
2020-02-13,9.072772460091075,0.897541290201533,85.9,28.2,20.7,22.8,3.0200634419445263
2020-02-14,13.644927845389981,1.1967217202687106,77.8,29.7,20.4,24.5,4.509930641403174
2020-02-15,16.68818234695018,1.7202874728862712,72.9,34.4,21.5,26.5,6.207448692244022
2020-02-16,14.000258472387031,1.1967217202687106,77.6,34.8,22.3,26.7,5.126764879955524
2020-02-17,15.888693823035648,1.3463119353022994,75.3,35.2,22.2,26.9,5.847269448689988
2020-02-18,16.572260601142915,2.019467902953449,59.8,35.6,24.2,29.5,6.9124885174639275
2020-02-19,16.316504080524233,1.9446727954366547,54.8,36.7,25.9,30.8,7.1124196600896195
2020-02-20,15.398702109529223,1.4959021503358882,63.1,35.9,25.6,29.4,6.218806446161703
2020-02-21,7.211030300717195,1.4959021503358882,78.0,31.0,24.6,26.2,3.1052042978454355
2020-02-22,7.105488532541145,1.3463119353022994,87.2,28.4,22.5,23.3,2.68304977404987
2020-02-23,6.855287658556824,0.6731559676511497,83.8,26.5,20.2,22.1,2.272188965304503
2020-02-24,7.367954222460672,0.9723363977183274,81.3,27.5,20.0,22.9,2.566996580673355
2020-02-25,14.828994461660965,1.5706972578526825,75.0,34.4,22.0,26.3,5.625734996814829
2020-02-26,8.982049039607446,0.8227461826847385,77.5,33.3,23.0,27.6,3.2510090293290164
2020-02-27,5.178435281483928,1.271516827785505,84.1,29.5,21.6,23.1,2.2852591520278707
2020-02-28,4.878456222506912,0.6731559676511497,88.6,23.9,20.4,21.7,1.537490825151557
2020-02-29,8.58716317118467,0.7479510751679441,83.4,28.3,20.9,23.6,2.8374622952742894
2020-03-01,3.901202705849109,1.7202874728862712,92.5,24.4,21.5,22.4,1.3504547141778975
2020-03-02,3.6791456203443387,0.37397553758397206,91.8,22.6,20.6,21.3,1.1002406665450801
2020-03-03,11.80223323133853,0.897541290201533,82.8,28.3,20.4,23.4,3.762667608166341
2020-03-04,8.406145965271262,0.897541290201533,82.9,27.0,21.2,23.4,2.766974958425475
2020-03-05,12.273260029710274,1.121926612751916,78.3,27.7,20.0,23.3,3.9790286705187117
2020-03-06,13.464505679499922,1.1967217202687106,76.1,28.2,19.1,23.1,4.398925740515168
2020-03-07,14.062989641530832,0.897541290201533,75.1,29.5,18.7,23.5,4.566748240311756
2020-03-08,13.002452031646856,0.8227461826847385,72.6,31.3,19.8,24.8,4.408398218955528
2020-03-09,13.857876234864092,1.3463119353022994,75.1,31.4,20.8,25.1,4.8806887321940104
2020-03-10,14.370357031167728,1.121926612751916,73.8,32.5,20.4,25.7,5.002903187147059
2020-03-11,12.834514093335212,0.8227461826847385,71.4,31.9,20.5,25.5,4.422644103112867
2020-03-12,13.38029582638983,1.271516827785505,71.8,31.4,19.9,24.8,4.772303671668494
2020-03-13,12.770542610492061,1.4211070428190937,74.4,32.7,21.2,26.0,4.72577669582945
2020-03-14,12.051796505796872,0.8227461826847385,77.4,32.9,22.3,26.4,4.19413102580397
2020-03-15,14.267171991506592,1.4211070428190937,70.4,35.0,22.5,27.8,5.49122539901454
2020-03-16,12.720352426182844,1.795082580403066,63.8,34.3,24.4,28.3,5.457840680079704
2020-03-17,8.171924055270312,1.3463119353022994,78.0,31.6,23.1,26.0,3.2651294179322354
2020-03-18,12.620565956273087,1.3463119353022994,77.0,32.3,21.5,25.9,4.550726406926987
2020-03-19,10.845980773418392,1.271516827785505,72.3,35.0,22.1,27.0,4.388425520377358
2020-03-20,8.540040738354218,1.8698776879198602,69.7,30.9,25.5,27.0,3.9058010816515862
2020-03-21,4.1101642272168455,0.5983608601343553,90.0,25.6,21.7,22.6,1.3784022377952856
2020-03-22,10.497444910068108,1.0471315052351216,78.9,28.4,20.3,23.6,3.536394375863119
2020-03-23,10.320749767389499,0.6731559676511497,75.9,28.6,17.8,22.9,3.3374158714293145
2020-03-24,9.670059486547641,0.897541290201533,75.9,28.3,17.6,22.2,3.272544593782728
2020-03-25,11.977744367127821,0.9723363977183274,72.7,29.5,16.9,22.5,4.059066936630376
2020-03-26,12.901601989554772,1.271516827785505,72.3,29.9,17.7,23.2,4.487082002446364
2020-03-27,12.480600763439888,0.9723363977183274,71.1,31.2,18.2,24.2,4.337813006589279
2020-03-28,11.759801492347979,0.897541290201533,72.5,32.1,19.6,24.9,4.16330961845226
2020-03-29,10.72181972952061,1.4211070428190937,75.8,33.3,20.5,25.2,4.258036716505162
2020-03-30,8.227095063722576,0.9723363977183274,83.5,29.5,22.2,24.4,2.904769203562685
2020-03-31,9.723034964904784,0.9723363977183274,81.6,30.1,22.3,25.1,3.3654657658685267
2020-04-01,6.692646283225305,0.4487706451007665,80.3,29.8,21.1,24.7,2.244213825967794
2020-04-02,12.353982851638328,1.0471315052351216,76.3,34.4,21.3,26.4,4.534594536907317
2020-04-03,9.841575031797095,2.3186483330206267,66.7,33.1,24.4,27.1,4.88274439202714
2020-04-04,11.975703705618294,1.1967217202687106,69.4,29.0,17.5,22.7,4.218482264914275
2020-04-05,10.087383227282235,0.8227461826847385,73.9,29.2,19.0,23.5,3.4373898981608786
2020-04-06,10.672541647068577,1.0471315052351216,73.2,33.1,20.5,25.1,4.054089486396977
2020-04-07,6.698152374736491,1.271516827785505,80.8,28.3,20.7,23.9,2.5106822829450026
2020-04-08,4.990095051651663,1.3463119353022994,87.1,24.8,20.2,21.5,1.8270336213848144
2020-04-09,5.769274448335823,0.5983608601343553,77.8,24.8,19.4,21.3,1.9573161653636921
2020-04-10,4.339383595624036,0.5235657526175608,78.8,24.4,19.3,21.2,1.4922582750538027
2020-04-11,3.928017410811803,0.4487706451007665,85.0,23.5,19.9,21.0,1.2747194526177361
2020-04-12,5.731444510301067,0.5983608601343553,80.3,26.2,19.3,21.6,1.9629579828089083
2020-04-13,10.76741786286841,0.9723363977183274,72.8,29.0,17.2,22.7,3.6922756769238374
2020-04-14,10.510068120205585,2.019467902953449,67.0,30.7,18.2,24.5,4.40179195296424
2020-04-15,8.733290291041056,1.5706972578526825,65.5,32.9,21.6,25.8,4.051844402057361
2020-04-16,3.8391419580639004,0.6731559676511497,81.5,25.6,22.2,23.2,1.4228290203317238
2020-04-17,4.290615333152228,0.6731559676511497,79.6,24.9,20.5,22.0,1.5525183353866414
2020-04-18,8.038387366939194,0.8227461826847385,76.6,27.4,19.4,22.3,2.800663139289729
2020-04-19,7.658188506521643,0.5983608601343553,78.5,28.5,18.1,21.8,2.596432546670913
2020-04-20,9.932108160093438,0.897541290201533,73.0,30.8,17.0,22.5,3.602072592459203
2020-04-21,9.959093105076644,1.271516827785505,72.8,30.3,16.6,22.1,3.8043724115359905
2020-04-22,9.050470911686718,1.121926612751916,74.0,30.3,17.8,22.9,3.411188525567029
2020-04-23,8.02217014818012,1.1967217202687106,71.5,29.6,18.7,23.5,3.1455155387098896
2020-04-24,8.549624235680204,0.7479510751679441,72.0,30.1,18.9,23.2,3.1013800471468427
2020-04-25,9.59182418320917,1.1967217202687106,68.5,31.4,17.1,23.1,3.866541003266983
2020-04-26,9.29297997596246,1.645492365369477,69.2,32.1,17.5,23.9,4.065714863853738
2020-04-27,8.390395278203144,1.0471315052351216,75.6,29.6,17.4,22.6,3.0970488637222173
2020-04-28,8.222804723758866,0.9723363977183274,70.9,30.7,17.7,22.9,3.220179650326221
2020-04-29,9.15405591058438,1.5706972578526825,67.6,31.9,16.0,23.1,4.072051984637126
2020-04-30,8.362748825678601,1.3463119353022994,58.8,33.4,17.5,24.4,4.063348683193114
2020-05-01,7.999787911551339,1.3463119353022994,69.4,30.3,18.0,23.4,3.3360970342874583
2020-05-02,8.385811631248849,1.5706972578526825,78.1,30.5,19.4,23.2,3.4577019368657465
2020-05-03,6.317045916418103,1.0471315052351216,76.9,25.8,18.8,21.1,2.3971542427275905
2020-05-04,7.18278888797604,0.8227461826847385,73.1,27.1,16.5,20.7,2.6023863259894005
2020-05-05,8.253993094837838,1.4211070428190937,74.3,30.5,15.2,22.0,3.3831141701732856
2020-05-06,6.805881832944594,1.795082580403066,65.0,32.1,20.2,25.2,3.609382665131578
2020-05-07,3.34222779096274,1.4211070428190937,83.6,24.0,17.9,19.5,1.5391776832733262
2020-05-08,7.292278657869188,0.897541290201533,77.5,25.2,15.4,19.3,2.4732490789294603
2020-05-09,7.996085240193117,0.897541290201533,74.6,26.6,14.0,19.2,2.803014068087178
2020-05-10,8.13184174065038,1.8698776879198602,66.8,27.3,14.7,20.3,3.6173307838678994
2020-05-11,7.914730385849187,2.019467902953449,60.5,29.8,14.5,21.9,4.054410744650876
2020-05-12,7.976334613795541,1.645492365369477,66.7,30.4,14.3,21.5,3.7494215266130926
2020-05-13,7.006474336981489,1.0471315052351216,72.4,31.1,14.6,22.0,2.9038370150735013
2020-05-14,5.290462873729098,1.8698776879198602,70.8,28.8,20.3,23.7,2.78121071876696
2020-05-15,3.36117480742587,0.7479510751679441,90.7,21.7,18.5,19.3,1.095325723105034
2020-05-16,6.597830402637378,0.897541290201533,79.0,28.1,18.2,21.5,2.459005616373673
2020-05-17,7.745599806419607,0.7479510751679441,77.8,29.3,16.4,21.9,2.701734339601835
2020-05-18,7.465175199806861,1.121926612751916,77.1,29.1,17.5,22.3,2.823081860724692
2020-05-19,6.3279876458682525,0.5235657526175608,78.3,28.4,17.3,22.4,2.1223525996103034
2020-05-20,7.327702772915157,1.3463119353022994,70.5,28.9,16.4,22.4,3.0214859547399846
2020-05-21,7.221454279532316,1.4959021503358882,69.8,29.7,15.9,22.2,3.205201163125987
2020-05-22,6.68446224960148,1.9446727954366547,58.4,30.7,19.4,24.9,3.7185324844978185
2020-05-23,4.98002643346116,2.1690581179870376,54.8,32.0,22.4,26.7,3.745481288867014
2020-05-24,2.5411351450258532,1.0471315052351216,81.2,27.8,22.0,21.9,1.5159415439689403
2020-05-25,7.463076495599825,0.9723363977183274,76.9,28.0,18.2,21.1,2.8153531826126814
2020-05-26,6.602895772309869,1.271516827785505,60.9,25.3,13.1,18.3,2.8835916050268544
2020-05-27,6.730510219095173,1.795082580403066,65.1,25.7,12.1,18.3,3.145262903815843
2020-05-28,5.867738959647038,0.8227461826847385,72.0,25.0,13.6,18.5,2.148754038907629
2020-05-29,6.878328603971851,1.271516827785505,74.5,26.9,13.2,18.2,2.810557405581171
2020-05-30,6.765186654689475,1.4959021503358882,63.8,29.7,15.2,21.5,3.3202177797877734
2020-05-31,6.406012924948982,1.5706972578526825,57.7,29.9,15.6,21.9,3.4517712746739275
2020-06-01,6.31774045456777,1.4959021503358882,57.3,30.7,15.7,21.9,3.5080024828212957
2020-06-02,6.667099355660415,1.4211070428190937,73.5,28.5,13.9,19.6,2.9290009526059153
2020-06-03,6.259081092190781,1.1967217202687106,78.0,28.3,17.0,21.2,2.535361408879533
2020-06-04,4.452100835200906,0.37397553758397206,80.6,26.8,19.0,22.0,1.4912152549613902
2020-06-05,4.617157783724069,0.7479510751679441,81.0,27.1,18.5,21.8,1.7281168197498933
2020-06-06,5.8773622278320925,1.5706972578526825,72.8,30.6,17.6,23.0,2.924172924709711
2020-06-07,3.990838959011571,1.7202874728862712,69.5,28.5,20.5,23.7,2.4171966315037032
2020-06-08,6.469353647295893,0.7479510751679441,80.5,29.3,18.7,22.4,2.3577594027126434
2020-06-09,6.8311650167851425,1.1967217202687106,72.2,33.6,18.5,24.4,3.1771089970962434
2020-06-10,3.815430968548445,1.271516827785505,72.5,29.4,20.6,24.5,2.007718408525798
2020-06-11,6.236372782229454,0.897541290201533,72.5,34.4,19.8,25.0,2.8378451270157212
2020-06-12,6.177864198389068,0.9723363977183274,67.1,34.2,18.9,25.5,2.900477841295371
2020-06-13,6.45733224950236,1.4959021503358882,62.8,35.2,19.2,26.2,3.6877716802832397
2020-06-14,3.2659351309955045,1.7202874728862712,79.0,24.1,19.4,21.7,1.563935747384653
2020-06-15,3.283672976039651,0.4487706451007665,88.7,22.5,19.0,19.9,1.0462452171044656
2020-06-16,4.792673251977468,0.6731559676511497,78.7,26.3,17.8,21.1,1.7419331950296482
2020-06-17,5.003479473572764,0.897541290201533,75.1,26.8,17.7,20.9,2.0285530360840953
2020-06-18,6.266637310794186,2.3186483330206267,61.7,28.2,15.3,21.3,3.642582872786142
2020-06-19,5.525922628272876,1.8698776879198602,55.7,29.8,17.5,22.9,3.4936705876746053
2020-06-20,6.443308868234695,1.5706972578526825,63.3,32.8,17.3,24.3,3.46850652431523
2020-06-21,6.268012567965638,1.8698776879198602,54.7,32.8,18.6,26.2,3.891016458663678
2020-06-22,5.981007688488592,1.5706972578526825,51.2,33.4,22.0,26.1,3.877920520831915
2020-06-23,5.498911666754573,1.795082580403066,54.4,30.8,16.1,22.6,3.7017725208535968
2020-06-24,5.439471873569634,1.795082580403066,43.5,29.8,16.9,23.1,3.8027594407600915
2020-06-25,5.2426710456089065,1.9446727954366547,45.9,31.0,18.7,24.5,3.902119997212992
2020-06-26,6.166078261973273,1.8698776879198602,63.1,30.4,20.0,24.2,3.4552510512646837
2020-06-27,5.605962586412479,1.645492365369477,75.0,30.4,17.3,21.3,3.014258001731937
2020-06-28,5.708411184890109,1.3463119353022994,79.9,25.3,15.1,19.5,2.1760535221677046
2020-06-29,4.143506158951324,1.121926612751916,75.6,25.3,17.8,19.9,1.88527419845116
2020-06-30,6.104018934245534,2.3186483330206267,65.8,28.9,14.8,21.8,3.463983199560534
2020-07-01,4.1099505630818545,2.54303365557101,54.3,31.6,19.0,24.5,3.9623947001088977
2020-07-02,5.707460903969546,1.1967217202687106,63.3,24.8,17.2,20.5,2.4723001371450617
2020-07-03,4.905600335265907,1.0471315052351216,73.5,24.5,17.7,19.8,2.018648966559222
2020-07-04,5.3915796065233295,1.271516827785505,74.1,25.0,17.5,20.0,2.2708752017739866
2020-07-05,6.598377220434925,2.1690581179870376,66.9,29.5,14.6,22.0,3.544702191700144
2020-07-06,6.205084294058321,2.243853225503832,57.7,31.1,21.6,24.5,4.200808381302735
2020-07-07,6.596207441260889,1.121926612751916,70.5,31.2,17.9,22.9,2.9873886338000273
2020-07-08,5.676584212943332,2.243853225503832,41.5,34.2,19.1,25.9,4.985049883949982
2020-07-09,4.7195157341394385,1.7202874728862712,60.0,27.2,17.0,22.6,2.675108728856398
2020-07-10,4.259809672362034,0.5235657526175608,73.5,24.3,15.5,19.8,1.4790439030099602
2020-07-11,6.579226495788285,2.393443440537421,59.1,29.9,14.7,22.7,3.9026508099101274
2020-07-12,6.04176764868461,2.243853225503832,50.1,32.0,21.3,25.8,4.406721145716649
2020-07-13,6.149051144689136,1.8698776879198602,50.6,34.8,21.9,26.1,4.450277455061266
2020-07-14,3.3904275847757863,1.5706972578526825,82.7,25.0,19.7,21.4,1.621400745892822
2020-07-15,3.152039272005076,1.121926612751916,90.0,19.5,18.0,18.2,1.0445269332358313
2020-07-16,4.193845874743169,0.5983608601343553,81.3,22.8,17.0,18.7,1.4355811467431916
2020-07-17,6.929611396588826,1.4211070428190937,75.9,27.4,14.4,19.7,2.81245874698476
2020-07-18,6.390957666921935,1.0471315052351216,73.9,28.6,15.5,21.0,2.5816297650960447
2020-07-19,7.038303915657994,1.8698776879198602,63.3,28.9,15.6,21.5,3.6359855131068546
2020-07-20,7.317805533828567,2.019467902953449,67.7,31.0,13.4,21.5,3.818515455789277
2020-07-21,7.125779322754986,1.271516827785505,65.6,31.6,14.8,22.1,3.381064514164182
2020-07-22,6.961544157985527,1.4959021503358882,60.0,32.4,16.2,23.0,3.7726030682729923
2020-07-23,7.049813119037449,1.1967217202687106,66.1,31.6,14.6,21.9,3.2849117469656557
2020-07-24,7.093932913428745,1.795082580403066,55.2,30.5,15.9,23.4,3.8674618760371877
2020-07-25,7.035802543914291,1.645492365369477,50.1,32.7,20.2,25.5,4.167844124979543
2020-07-26,6.611352405878373,1.5706972578526825,74.0,27.1,16.2,22.0,2.591101243220941
2020-07-27,7.55681511922688,1.7202874728862712,63.9,31.8,16.8,23.9,3.8472890708899707
2020-07-28,6.969356138425328,1.795082580403066,46.7,36.7,22.2,26.4,4.953418326589043
2020-07-29,4.653602828781416,1.795082580403066,72.9,25.5,21.4,22.4,2.4266851161104235
2020-07-30,3.4041020767610526,1.121926612751916,89.9,21.0,18.7,18.9,1.1958977008551068
2020-07-31,4.47483536151452,0.897541290201533,79.1,22.8,16.8,19.2,1.6189219444592395
2020-08-01,7.107416598490223,1.121926612751916,70.5,27.1,17.3,20.8,2.8333004139337947
2020-08-02,7.570639223554477,1.1967217202687106,69.2,27.1,14.6,19.9,2.969756734619387
2020-08-03,8.116644583737322,1.271516827785505,69.0,26.7,13.4,18.9,3.1758719823354755
2020-08-04,7.391445249830023,1.271516827785505,70.2,26.7,13.1,19.1,2.929973869962783
2020-08-05,8.016189858465857,1.271516827785505,68.0,27.5,14.6,20.0,3.23405983256507
2020-08-06,8.105746492805169,1.4959021503358882,66.1,28.7,13.4,20.2,3.546125512326432
2020-08-07,8.198243631228124,1.5706972578526825,61.8,28.9,14.1,20.9,3.712099815224398
2020-08-08,8.124149768372416,1.7202874728862712,67.3,29.4,13.9,20.6,3.6963495557767696
2020-08-09,8.134604266333891,1.121926612751916,68.0,30.2,13.7,20.8,3.3761629509911137
2020-08-10,8.0966597977964,1.4959021503358882,57.0,31.8,15.7,23.0,4.053526008697953
2020-08-11,7.987319508171361,1.4959021503358882,47.6,33.6,17.0,24.6,4.438989912265778
2020-08-12,8.011775392188776,1.5706972578526825,59.1,31.0,16.8,23.5,3.798698816563961
2020-08-13,8.584149109205391,2.094263010470243,63.3,33.2,17.4,23.9,4.614896709910586
2020-08-14,8.70845974063846,2.019467902953449,60.0,31.6,18.5,25.0,4.348828877009618
2020-08-15,8.101361282691995,2.8422140856381874,59.7,32.8,19.8,24.9,5.191138859114544
2020-08-16,3.946142623525581,1.121926612751916,79.6,25.5,18.6,20.8,1.7033024113064368
2020-08-17,6.296795482703276,1.0471315052351216,74.5,29.3,18.1,22.3,2.572811923962797
2020-08-18,8.115816606501227,1.271516827785505,69.3,32.6,19.4,24.2,3.623970043209007
2020-08-19,8.967691565514361,2.3186483330206267,67.5,34.2,18.9,24.5,4.8901613978353256
2020-08-20,3.744996724701622,1.5706972578526825,73.4,24.6,20.6,21.9,1.9525673443381861
2020-08-21,2.854812840380947,1.271516827785505,87.3,19.6,17.0,17.7,1.0765418186767046
2020-08-22,4.23842205675565,1.5706972578526825,90.3,17.4,15.4,16.1,1.2477576756835436
2020-08-23,7.732561802167366,0.9723363977183274,77.1,22.7,13.7,17.4,2.4860924222127223
2020-08-24,7.550407803269248,1.1967217202687106,74.9,22.8,11.3,17.1,2.472482506301197
2020-08-25,7.899005953436916,0.9723363977183274,70.5,23.7,15.1,18.2,2.774671493505064
2020-08-26,7.471705444906418,1.121926612751916,72.8,24.2,11.9,17.5,2.620353051335947
2020-08-27,10.407752702368265,1.3463119353022994,73.6,28.4,13.8,20.0,3.7732520930381894
2020-08-28,10.570354952004458,2.019467902953449,64.5,31.3,16.3,23.2,4.747737366175329
2020-08-29,10.454894450076882,2.3186483330206267,56.1,33.2,18.3,25.6,5.447945352578711
2020-08-30,9.934176567301375,1.7202874728862712,44.5,35.6,19.1,27.5,5.404870356904279
2020-08-31,7.226235475658278,2.094263010470243,73.1,26.5,19.8,23.2,2.9911308062729343
2020-09-01,6.322498505403718,1.1967217202687106,76.6,27.2,21.7,23.4,2.5058329811137825
2020-09-02,9.602633141040409,0.9723363977183274,72.4,29.3,19.9,23.5,3.468599416248843
2020-09-03,10.799291383229656,1.795082580403066,58.2,33.1,18.1,24.7,5.118957140045387
2020-09-04,9.878931859726762,2.1690581179870376,42.5,36.8,22.4,27.5,6.431432503799781
2020-09-05,10.053964431851027,0.897541290201533,72.0,31.2,20.2,24.2,3.691700882725944
2020-09-06,11.060414855914033,1.5706972578526825,72.3,33.4,18.0,23.6,4.676326417704211
2020-09-07,10.653428489243252,1.271516827785505,75.6,30.5,19.2,23.7,3.896321998416134
2020-09-08,10.890818789812553,1.795082580403066,71.1,30.3,18.2,23.9,4.220303651725355
2020-09-09,9.955918451986268,1.0471315052351216,74.2,30.7,18.2,23.8,3.5750967684419717
2020-09-10,10.511766104153576,1.7202874728862712,61.7,36.0,19.1,26.4,5.1823717723355145
2020-09-11,10.991582380899933,1.4959021503358882,76.0,29.3,22.0,24.6,4.010198986917636
2020-09-12,10.91048183231057,1.795082580403066,51.8,38.2,20.6,28.7,5.970615294149919
2020-09-13,11.794298995824171,1.7202874728862712,62.5,30.7,21.9,26.1,4.793847273258428
2020-09-14,10.840291298531174,2.1690581179870376,43.1,37.2,19.7,28.4,6.538576845552737
2020-09-15,6.5926522405292305,2.54303365557101,74.1,27.1,22.5,23.6,3.2631669219892863
2020-09-16,11.572255244360793,1.4211070428190937,68.6,33.0,20.5,24.9,4.760321785490693
2020-09-17,11.596834224406162,2.393443440537421,61.1,37.1,19.6,25.6,6.469479689202353
2020-09-18,11.674360011806831,1.4959021503358882,72.8,32.8,20.9,25.0,4.635976868124766
2020-09-19,8.929654795384023,1.4959021503358882,74.3,34.7,21.0,25.0,4.125604975013405
2020-09-20,2.990448069521077,1.121926612751916,82.8,24.8,22.2,22.9,1.304653394029784
2020-09-21,5.931890760861736,1.7202874728862712,81.2,28.1,20.6,22.4,2.6712207889046815
2020-09-22,2.9607017501349757,1.9446727954366547,92.2,21.0,19.3,19.0,1.2102242130410654
2020-09-23,5.592193364894021,0.8227461826847385,80.0,24.1,17.5,20.2,1.900051568193256
2020-09-24,11.62494325561103,0.6731559676511497,71.9,29.7,17.5,23.0,3.8231183234917627
2020-09-25,13.482926935957723,1.9446727954366547,72.3,32.2,18.0,23.5,5.310769309286436
2020-09-26,12.743402595737896,1.4959021503358882,76.1,32.8,18.3,23.6,4.8332483856321256
2020-09-27,12.63227610017107,1.8698776879198602,53.6,40.3,20.6,28.5,6.848822251453195
2020-09-28,11.417144894857735,2.019467902953449,65.2,35.9,22.5,27.1,5.539555150159004
2020-09-29,6.42424278411111,1.1967217202687106,71.1,28.7,22.1,25.0,2.65307393887463
2020-09-30,13.455925570351788,1.3463119353022994,70.7,37.6,21.2,26.7,5.587314593897018
2020-10-01,12.215084983757983,1.271516827785505,70.0,37.7,23.1,28.5,5.107094446716947
2020-10-02,12.34522708653224,1.9446727954366547,42.3,39.9,25.4,32.3,6.977137286348656
2020-10-03,10.321993438319817,2.692623870604599,58.9,31.9,26.3,28.2,5.551019133811241
2020-10-04,3.9496655849928555,1.0471315052351216,85.5,25.5,22.4,23.4,1.4859431620824137
2020-10-05,12.792809951370472,1.5706972578526825,72.8,31.4,21.0,25.0,4.780957863748164
2020-10-06,12.520019041198296,2.6178287630878043,67.4,34.7,22.8,27.1,5.917322722752419
2020-10-07,10.203495520285449,1.3463119353022994,79.7,31.8,22.8,25.1,3.915796659796592
2020-10-08,5.981095447494773,1.5706972578526825,79.9,29.8,23.1,25.6,2.5495866343957094
2020-10-09,4.285489407931083,0.7479510751679441,86.5,25.9,22.1,23.7,1.4596785302920279
2020-10-10,4.278998504905211,1.645492365369477,81.5,25.4,21.2,22.3,1.930202172938808
2020-10-11,8.421052798016786,0.4487706451007665,68.6,25.2,16.8,21.1,2.6363316174993607
2020-10-12,12.748598759106633,1.121926612751916,61.6,30.0,19.4,23.0,4.748614818030367
2020-10-13,14.391291316493662,1.5706972578526825,66.8,33.6,18.1,24.9,5.578303022178637
2020-10-14,11.802359731556415,2.3186483330206267,64.8,31.7,22.9,26.5,5.193273736161021
2020-10-15,4.896378424666764,1.271516827785505,78.5,26.4,22.5,23.4,2.0781645258889916
2020-10-16,5.770755837825938,0.9723363977183274,84.3,25.0,18.9,20.6,2.0213642383968233
2020-10-17,6.077616020845511,0.8227461826847385,78.2,23.8,18.0,20.6,2.031452799353978
2020-10-18,12.065644753817711,0.7479510751679441,67.8,29.3,18.6,23.1,4.080053296090918
2020-10-19,11.980176445424705,1.645492365369477,64.3,29.6,18.9,24.0,4.632976255501453
2020-10-20,14.798399091743043,1.7202874728862712,65.5,32.7,19.2,25.1,5.738636583410745
2020-10-21,15.205176898036257,1.4959021503358882,74.5,29.8,20.1,24.5,5.088772765924045
2020-10-22,11.936018549683793,1.1967217202687106,72.2,29.3,19.1,23.7,4.142195290220084
2020-10-23,14.610263103694553,1.1967217202687106,63.5,31.6,16.4,23.5,5.234339419492091
2020-10-24,9.590374262963785,1.5706972578526825,70.3,29.3,19.3,23.6,3.8092486757822464
2020-10-25,10.849923386129383,1.1967217202687106,77.1,29.0,21.6,23.9,3.846804927906105
2020-10-26,12.349381625662206,1.0471315052351216,78.5,29.0,19.4,23.1,4.092684111845279
2020-10-27,15.694857758248087,1.121926612751916,68.7,34.5,20.1,25.5,5.765300491000103
2020-10-28,15.555243748749135,1.0471315052351216,62.3,36.9,19.9,27.2,6.025636606785522
2020-10-29,14.17264696027159,2.019467902953449,67.3,32.6,20.0,25.2,5.677723967156452
2020-10-30,3.854235236839294,1.795082580403066,85.3,24.6,23.0,22.6,1.761698593722996
2020-10-31,6.6166174579405945,1.271516827785505,85.8,24.0,18.3,20.2,2.2031171387044823
2020-11-01,6.896410163046259,1.3463119353022994,82.1,21.9,18.3,19.5,2.2665513137839994
2020-11-02,15.342695584287746,1.3463119353022994,69.1,25.3,15.0,19.7,4.826059738099614
2020-11-03,9.943135544318089,1.0471315052351216,72.9,26.2,15.1,20.2,3.3167689104464286
2020-11-04,10.13907701497607,1.1967217202687106,79.3,25.5,18.3,21.0,3.2971603714626405
2020-11-05,7.391616461430962,0.9723363977183274,81.8,24.9,16.8,19.9,2.430435943154323
2020-11-06,12.082837886557135,0.897541290201533,75.3,26.4,18.0,21.1,3.865459069790211
2020-11-07,9.819029179568036,0.897541290201533,75.5,26.3,17.8,21.6,3.191157856266185
2020-11-08,6.628222523803436,0.897541290201533,78.8,24.8,20.5,22.1,2.2640261821699283
2020-11-09,8.883413909674227,0.7479510751679441,83.1,28.8,20.9,23.7,2.949759713548102
2020-11-10,5.140194249192136,0.897541290201533,84.8,26.6,22.3,24.0,1.7922009834483394
2020-11-11,8.69068950140719,1.0471315052351216,81.7,28.6,22.2,24.3,3.0235595322246596
2020-11-12,11.375294907770993,1.0471315052351216,80.9,28.3,22.1,24.4,3.7529973730798805
2020-11-13,10.676224969822345,0.9723363977183274,79.9,30.1,22.0,24.7,3.6878985391554107
2020-11-14,11.133336943991376,1.3463119353022994,75.7,28.8,22.3,25.0,3.9012171800768143
2020-11-15,17.035177902176585,1.3463119353022994,74.0,34.4,21.2,26.3,6.086752733779618
2020-11-16,15.763559217740449,1.4959021503358882,74.8,35.0,22.4,26.2,5.967074410864123
2020-11-17,11.17749731624997,2.3186483330206267,72.4,30.6,22.5,25.7,4.589738174234768
2020-11-18,4.678486671642197,1.271516827785505,88.2,24.3,21.5,21.9,1.684174846398803
2020-11-19,8.29469907953793,1.3463119353022994,85.5,27.2,19.7,22.2,2.842756819146462
2020-11-20,7.688924094515464,1.795082580403066,84.8,23.6,19.4,20.7,2.5967130091297737
2020-11-21,10.917433207947905,1.0471315052351216,77.1,26.6,17.3,21.6,3.496906738009247
2020-11-22,9.9290904700003,0.897541290201533,80.5,27.4,18.8,22.1,3.230873747266584
2020-11-23,9.271463806234578,0.6731559676511497,76.0,27.2,18.6,22.6,2.985725409070027
2020-11-24,14.223604012765247,0.897541290201533,72.8,30.8,21.1,24.9,4.798387567458512
2020-11-25,16.455642703932664,1.7202874728862712,68.7,32.4,20.0,25.7,5.975745661811204
2020-11-26,17.929045806497506,2.094263010470243,59.5,34.4,21.4,27.9,7.161506162122792
2020-11-27,17.897966026875523,1.8698776879198602,59.6,35.5,22.1,27.5,7.288895601108408
2020-11-28,17.01396131219481,1.0471315052351216,68.1,34.2,21.9,26.7,6.0758733688888
2020-11-29,17.454799132442496,1.8698776879198602,59.3,34.7,21.3,27.6,7.004486292403326
2020-11-30,15.725959694349644,1.9446727954366547,58.0,36.2,22.5,28.2,6.843267376610652
2020-12-01,15.088191037695877,1.8698776879198602,69.6,32.0,23.8,26.7,5.744390638917071
2020-12-02,13.137159628918695,0.9723363977183274,80.2,30.6,22.5,25.5,4.383544775345659
2020-12-03,16.74403324354402,1.5706972578526825,68.3,36.7,22.0,27.7,6.591053089508789
2020-12-04,16.152541367666398,1.9446727954366547,63.2,33.1,24.4,28.2,6.364241893143518
2020-12-05,8.573441695339039,1.121926612751916,82.2,28.8,23.0,25.2,2.9720445679678673
2020-12-06,4.601613772478525,0.5983608601343553,86.8,25.5,21.9,23.0,1.5336263962712209
2020-12-07,6.2231073646357125,0.5983608601343553,87.5,27.5,22.3,23.9,2.0401214790457907
2020-12-08,13.785299431020597,1.5706972578526825,80.6,30.2,21.2,24.7,4.6617052482614225
2020-12-09,7.9078832958103575,0.7479510751679441,82.5,27.7,22.6,24.3,2.6459709253175765
2020-12-10,8.421618528243163,0.5983608601343553,82.0,27.5,21.3,23.8,2.701913283094835
2020-12-11,12.473820970375,1.121926612751916,77.4,32.4,21.1,24.9,4.495310937291515
2020-12-12,11.325641476743744,1.271516827785505,74.7,32.9,23.1,26.3,4.330579401454373
2020-12-13,9.051974757789923,1.0471315052351216,79.7,31.5,23.5,25.7,3.39430282148774
2020-12-14,15.00975648801233,1.4959021503358882,59.3,36.7,23.1,29.7,6.157952015719565
2020-12-15,16.554459917790428,1.1967217202687106,69.7,36.6,22.5,27.6,6.255900901710257
2020-12-16,15.270746454699221,1.4211070428190937,74.5,31.9,23.6,27.0,5.347625056851348
2020-12-17,10.206267798901324,0.897541290201533,78.0,29.8,23.5,26.1,3.4858900182081616
2020-12-18,15.32073704955729,1.645492365369477,66.7,32.4,24.4,27.4,5.814538114705461
2020-12-19,17.46912214554152,1.4959021503358882,71.0,33.3,23.6,27.2,6.290956379099135
2020-12-20,16.249244671350585,1.795082580403066,62.1,37.0,23.6,29.1,6.793859603515025
2020-12-21,17.89261209289361,2.019467902953449,68.0,36.8,23.9,28.9,7.174814187586356
2020-12-22,4.16158595696063,0.9723363977183274,85.7,27.9,24.9,25.2,1.6565236572979243
2020-12-23,4.782884347801318,0.8227461826847385,87.2,25.2,20.2,21.8,1.6344011513250414
2020-12-24,4.353367777917866,0.29918043006717765,89.4,23.1,20.0,21.3,1.2921043121767055
2020-12-25,9.730450396591879,0.7479510751679441,83.5,27.1,20.2,22.7,3.092494322676496
2020-12-26,17.52396287738693,1.3463119353022994,75.9,31.5,20.1,24.7,5.863435568504732
2020-12-27,5.474981446795366,0.897541290201533,85.2,27.4,22.1,23.7,1.9634630323104851
2020-12-28,7.969110790491119,0.897541290201533,80.7,29.5,22.2,25.3,2.7734025223831296
2020-12-29,12.662014346215415,1.4211070428190937,71.5,33.4,23.3,26.9,4.924381178006547
2020-12-30,12.327023185498966,1.795082580403066,66.3,33.6,23.1,27.9,5.128934448310548
2020-12-31,14.730070655827275,1.645492365369477,60.6,36.9,26.2,28.8,6.515850689856099
2021-01-01,10.604818403423636,1.0471315052351216,80.0,30.7,22.2,25.1,3.72730918390406
2021-01-02,7.070342413345438,0.9723363977183274,88.0,28.4,22.1,23.4,2.4905805995223087
2021-01-03,10.819563579947465,0.9723363977183274,80.9,28.8,20.4,23.7,3.5811217168127776
2021-01-04,16.777019669929146,1.3463119353022994,74.8,32.0,21.7,25.4,5.813988520265977
2021-01-05,15.078582914633479,0.9723363977183274,71.8,34.4,21.9,26.8,5.355606130586466
2021-01-06,14.38077950174088,1.4959021503358882,71.4,36.5,22.6,27.4,5.780821544521849
2021-01-07,16.338207895112802,1.7202874728862712,62.8,36.9,23.7,28.9,6.75270411994475
2021-01-08,14.88935025409489,1.5706972578526825,67.5,32.5,24.2,28.0,5.546406494851526
2021-01-09,15.44688452376176,0.8227461826847385,78.1,32.4,23.4,27.1,5.120329159655712
2021-01-10,15.451628895334093,0.897541290201533,78.4,34.6,24.0,27.3,5.407704050142286
2021-01-11,14.132003610158659,1.121926612751916,75.9,34.5,23.2,27.6,5.092793273264436
2021-01-12,16.88683322813551,1.5706972578526825,73.4,35.7,23.1,27.7,6.362917625403404
2021-01-13,16.697507841478853,0.9723363977183274,76.8,35.2,23.5,27.8,5.825681266761205
2021-01-14,17.935399861761855,1.3463119353022994,69.9,34.6,22.4,27.2,6.516205840834914
2021-01-15,17.058326546336446,1.0471315052351216,69.3,34.5,21.9,27.3,6.055357125364336
2021-01-16,17.56347331876703,1.7202874728862712,62.4,34.9,23.5,28.4,6.894690433186786
2021-01-17,17.6006969577277,2.6178287630878043,51.3,34.7,24.0,29.9,7.756367327303056
2021-01-18,16.842224010981973,2.243853225503832,46.2,36.9,26.5,30.4,8.08912810262188
2021-01-19,17.902557739073632,1.4959021503358882,63.7,34.6,22.2,27.7,6.697192923030735
2021-01-20,17.59204134531674,1.271516827785505,72.1,35.8,23.3,27.3,6.506982021006049
2021-01-21,17.362076942449974,1.0471315052351216,67.4,35.0,22.5,27.8,6.212932236424231
2021-01-22,14.322302932484305,0.897541290201533,64.6,33.9,21.9,27.4,5.168359792805159
2021-01-23,15.68265176471272,1.1967217202687106,61.5,35.4,20.8,27.4,6.005041360711754
2021-01-24,16.620663770635904,1.7202874728862712,57.5,36.1,22.1,27.7,6.9784341610175975
2021-01-25,15.38564053727332,1.4211070428190937,60.2,35.8,21.5,28.1,6.174032456493628
2021-01-26,14.403763225186935,1.271516827785505,61.0,36.0,22.9,28.8,5.7599581040948085
2021-01-27,17.373179030700864,2.243853225503832,52.0,37.9,22.7,30.3,8.000681765453804
2021-01-28,15.928609992036456,2.019467902953449,38.6,38.7,26.6,31.0,8.210880336196556
2021-01-29,16.033656285361694,1.795082580403066,50.8,39.5,22.2,29.6,7.561187174423685
2021-01-30,16.107222498581155,1.4959021503358882,53.4,39.5,22.0,30.0,7.096827579417718
2021-01-31,15.577435572869788,1.5706972578526825,51.4,39.3,23.4,30.6,7.032787968864577
2021-02-01,14.902635017419302,1.271516827785505,60.1,38.9,23.0,29.0,6.327418326728295
2021-02-02,15.952527873032786,1.4211070428190937,57.9,38.5,23.5,29.5,6.760812367102941
2021-02-03,15.959955219280522,1.5706972578526825,60.3,38.8,23.7,29.1,6.923902706838633
2021-02-04,14.770139936321764,1.9446727954366547,56.8,39.7,22.4,29.7,7.12578183840702
2021-02-05,8.675831764040472,1.7202874728862712,75.8,33.9,22.6,26.3,3.9494244019428253
2021-02-06,4.4434631434991,0.5983608601343553,88.0,24.3,20.5,21.8,1.430514948689791
2021-02-07,8.231798813950624,0.6731559676511497,83.2,28.4,19.3,22.2,2.7449465574818093
2021-02-08,6.6427766549435905,0.5235657526175608,85.0,25.6,20.5,22.1,2.111872574643273
2021-02-09,12.017645269238711,0.5983608601343553,77.9,29.3,20.9,23.9,3.890446522420288
2021-02-10,12.53325041234127,0.9723363977183274,72.5,31.8,20.0,24.8,4.418535169390414
2021-02-11,12.080950467304602,0.7479510751679441,77.1,33.9,21.2,25.2,4.29219972114636
2021-02-12,11.045050416482539,1.121926612751916,76.0,33.8,21.9,25.5,4.262231925042182
2021-02-13,7.729202969019745,0.7479510751679441,80.6,30.6,23.4,25.8,2.7572811707707174
2021-02-14,14.912904058832245,1.4959021503358882,71.1,35.6,22.4,26.7,5.908834680958154
2021-02-15,7.343978825883711,1.121926612751916,78.4,30.4,23.0,25.5,2.8552797893244612
2021-02-16,15.533910149102274,1.795082580403066,70.0,33.7,22.3,26.7,5.9685988901200915
2021-02-17,10.839991626787134,1.7202874728862712,69.0,34.3,23.9,27.1,4.806281309883513
2021-02-18,14.252988075376777,1.9446727954366547,67.3,34.2,23.4,26.9,5.957323127403225
2021-02-19,14.391808236641026,1.3463119353022994,71.8,32.3,22.3,26.4,5.18797300108893
2021-02-20,11.912059793120381,1.0471315052351216,73.8,33.1,22.7,26.5,4.376535917954134
2021-02-21,9.341006447361647,0.6731559676511497,77.8,31.9,22.5,25.9,3.277244808314308
2021-02-22,13.183464842594976,0.897541290201533,77.0,30.6,22.4,25.8,4.403799633373123
2021-02-23,16.13691478784837,1.271516827785505,71.9,34.6,20.7,26.0,5.9045162050965745
2021-02-24,16.149337742784486,1.8698776879198602,69.9,34.6,21.3,26.7,6.271713574099444
2021-02-25,6.585868552385594,0.9723363977183274,81.0,28.4,22.5,25.0,2.3590117273035944
2021-02-26,6.512833590130226,0.7479510751679441,82.7,28.8,22.2,24.7,2.2712148030526618
2021-02-27,8.648460152000245,0.9723363977183274,82.0,31.2,21.9,24.8,3.1585460770963216
2021-02-28,14.351723872145989,0.8227461826847385,71.0,33.5,21.8,26.8,5.009286890208314
2021-03-01,11.85401595073596,1.1967217202687106,67.8,33.3,21.6,26.9,4.544648865640413
2021-03-02,15.140649377975658,1.4211070428190937,66.5,34.5,21.4,27.3,5.78225386189597
2021-03-03,15.431403579901247,1.7202874728862712,61.7,35.8,22.2,28.1,6.416863230648919
2021-03-04,14.47273244354146,1.4211070428190937,58.9,36.8,22.3,28.8,6.068156475515003
2021-03-05,6.995742290117972,0.897541290201533,71.2,34.8,22.9,27.0,3.039856101481374
2021-03-06,6.930203368823882,1.121926612751916,75.9,31.4,22.2,25.9,2.796344150046286
2021-03-07,6.373459030739075,0.6731559676511497,84.3,27.6,21.1,23.2,2.160175645764714
2021-03-08,10.107387161052378,0.7479510751679441,81.9,30.8,21.9,24.6,3.4561449130041817
2021-03-09,12.82985773634276,0.897541290201533,75.1,31.9,20.8,25.3,4.418360756235139
2021-03-10,13.43433715083591,1.3463119353022994,72.4,29.9,21.6,25.2,4.679768893296681
2021-03-11,12.8770455501054,1.121926612751916,73.2,35.2,21.4,25.8,4.9369234580843155
2021-03-12,12.101240550183519,1.5706972578526825,73.0,31.1,23.6,26.6,4.5260869307093845
2021-03-13,13.913144958273588,1.0471315052351216,76.2,32.7,22.5,26.9,4.809968925886648
2021-03-14,12.544699044891292,0.9723363977183274,74.8,35.7,23.3,27.1,4.753600330555851
2021-03-15,13.331244757173476,1.1967217202687106,70.5,35.5,22.8,27.3,5.234331553227103
2021-03-16,11.344341148562535,1.1967217202687106,78.7,35.2,23.7,25.8,4.578357670596818
2021-03-17,14.010025401283238,1.271516827785505,71.9,34.5,20.4,26.3,5.270788896416657
2021-03-18,9.616086875215778,1.645492365369477,62.7,33.6,23.6,27.7,4.450520313488833
2021-03-19,12.702524056868807,1.0471315052351216,68.6,34.0,23.4,26.8,4.841966538011523
2021-03-20,13.086892010432186,0.9723363977183274,73.8,34.6,21.4,26.3,4.805969075558556
2021-03-21,13.577244038276664,1.7202874728862712,62.7,33.6,22.4,27.2,5.651054315279373
2021-03-22,13.201481977137057,1.795082580403066,64.9,34.8,22.3,27.6,5.568466608517244
2021-03-23,13.081619635197793,0.8227461826847385,73.4,32.7,22.6,26.7,4.562637001567854
2021-03-24,12.617686630202938,1.271516827785505,73.4,35.3,20.7,26.0,4.952421445801473
2021-03-25,12.47351927548134,1.0471315052351216,74.2,33.4,21.1,26.2,4.5105953985681415
2021-03-26,12.10434391183949,1.121926612751916,72.8,34.8,22.1,27.0,4.635488150061432
2021-03-27,12.759688423480547,1.0471315052351216,71.1,37.3,21.6,27.6,5.021754487813084
2021-03-28,11.781559443305994,0.6731559676511497,73.6,34.5,22.2,27.2,4.17755199605303
2021-03-29,10.052264699834446,1.1967217202687106,67.0,35.9,24.0,28.3,4.328333779561866
2021-03-30,9.357046431026788,1.4211070428190937,74.6,34.2,21.6,25.8,4.028728962043176
2021-03-31,8.240368933704056,1.4211070428190937,74.7,29.8,21.2,24.0,3.357161632684642
2021-04-01,12.220277408980728,1.645492365369477,71.1,30.2,19.1,24.0,4.5983608428317755
2021-04-02,11.787032092009177,1.1967217202687106,74.9,29.8,19.3,23.9,4.115889065037387
2021-04-03,11.695581597238599,1.121926612751916,73.9,31.2,18.4,23.7,4.198624485394203
2021-04-04,10.021874617831402,0.897541290201533,77.0,29.6,19.1,23.6,3.4253181365256222
2021-04-05,8.994268397508979,0.7479510751679441,77.4,29.2,18.2,22.8,3.0496670720059567
2021-04-06,10.698575764856367,0.8227461826847385,73.7,31.2,17.9,23.4,3.7640173362656864
2021-04-07,8.11486259819859,0.5235657526175608,81.2,28.7,20.3,23.0,2.6762346394984786
2021-04-08,10.951526104812714,0.897541290201533,73.3,30.6,16.9,23.2,3.779639487748426
2021-04-09,10.661967638446692,1.121926612751916,70.0,31.6,19.4,24.5,4.0410156445466265
2021-04-10,11.21728650944543,1.4959021503358882,63.3,32.5,17.6,24.1,4.745909068419009
2021-04-11,10.692111049781644,1.1967217202687106,61.2,34.4,17.0,24.5,4.578230181003109
2021-04-12,10.467682154229689,1.9446727954366547,57.9,35.6,19.1,26.3,5.432721454156292
2021-04-13,5.483581290020226,1.121926612751916,86.7,26.1,21.3,22.7,1.954674986137026
2021-04-14,8.440413360216901,0.5983608601343553,77.3,27.3,19.1,22.6,2.755885547007499
2021-04-15,10.463927975456217,0.897541290201533,71.1,29.8,16.2,22.1,3.6951595032291387
2021-04-16,10.47145827088175,1.271516827785505,68.3,30.3,17.9,23.0,4.074349291468985
2021-04-17,9.593508881970724,1.7202874728862712,67.4,31.2,17.7,23.5,4.1741671736071995
2021-04-18,8.19911625114586,1.1967217202687106,72.7,30.7,19.5,24.4,3.2217830295999144
2021-04-19,7.500950694339499,1.121926612751916,76.2,28.4,20.8,23.7,2.8301021285698833
2021-04-20,9.817451245956189,1.4959021503358882,69.8,28.7,17.7,22.8,3.7534987850978143
2021-04-21,7.71477471632225,1.121926612751916,75.9,27.8,18.2,22.2,2.821483839061701
2021-04-22,7.137075746372239,0.8227461826847385,83.0,25.7,19.4,21.5,2.3691252568500913
2021-04-23,9.885477653272805,1.271516827785505,74.2,28.1,16.4,21.4,3.5453079200980464
2021-04-24,9.733525880834161,1.271516827785505,75.2,29.1,17.3,22.4,3.528210889363614
2021-04-25,9.268688743908367,0.9723363977183274,73.7,31.5,19.4,23.8,3.5064046534508884
2021-04-26,8.152058895217902,0.897541290201533,75.3,29.5,19.3,23.5,2.9573798357088603
2021-04-27,6.0450521819938,0.8227461826847385,82.0,29.4,21.4,23.1,2.321016060797801
2021-04-28,9.1638637231743,0.6731559676511497,76.9,29.4,18.6,22.8,3.1066382750619344
2021-04-29,5.174836757483136,0.897541290201533,83.1,24.8,17.7,20.6,1.7876543253942356
2021-04-30,7.235105031407748,0.7479510751679441,77.9,26.3,16.6,20.6,2.4307511764636414
2021-05-01,8.110599758123728,0.8227461826847385,76.3,28.3,15.6,20.9,2.8259401085637528
2021-05-02,8.172325466688259,0.6731559676511497,75.0,28.6,18.1,22.1,2.8262729768534998
2021-05-03,8.933270771623771,1.121926612751916,74.0,30.2,16.4,21.9,3.4171390154506724
2021-05-04,9.120388228171123,1.271516827785505,71.4,31.5,17.9,23.5,3.7097829121647607
2021-05-05,8.63066052155648,1.3463119353022994,71.3,33.9,17.7,23.7,3.917933318360387
2021-05-06,7.9343373353800635,0.8227461826847385,73.2,33.6,19.0,23.8,3.2370779242849843
2021-05-07,5.861673089084713,1.4211070428190937,84.8,25.4,19.9,21.5,2.181660221502791
2021-05-08,5.012105023986412,0.8227461826847385,86.3,23.8,17.9,19.9,1.6611906721267373
2021-05-09,5.980406272234019,0.7479510751679441,77.8,25.5,16.1,20.6,2.0202024822949487
2021-05-10,8.139753744519176,0.7479510751679441,70.3,27.4,15.6,21.0,2.822277403250647
2021-05-11,7.824672093033589,1.3463119353022994,69.6,30.4,15.0,21.3,3.4042019360275866
2021-05-12,7.150758433943516,1.121926612751916,78.0,29.0,16.7,21.4,2.7619350520471397
2021-05-13,4.9604328606617925,1.0471315052351216,85.8,23.5,17.9,19.5,1.7386051783432641
2021-05-14,6.669274243794916,0.5983608601343553,78.4,26.2,17.7,20.4,2.253428498025394
2021-05-15,6.255969127656585,0.6731559676511497,76.7,26.2,15.6,20.2,2.135217244982752
2021-05-16,5.907211263681942,0.6731559676511497,75.5,28.1,18.7,22.0,2.1852825570425902
2021-05-17,7.690250772711558,1.121926612751916,75.5,29.8,17.4,22.3,3.003784948337781
2021-05-18,5.599398226020222,0.897541290201533,82.1,26.6,16.6,20.8,1.9834031675875674
2021-05-19,6.526083654522452,0.897541290201533,76.9,26.8,17.0,20.8,2.3811767788785394
2021-05-20,7.629084900793042,1.1967217202687106,75.0,27.4,16.5,21.5,2.8006852523225434
2021-05-21,7.366184569531298,1.121926612751916,72.5,31.7,19.2,23.2,3.1922634563569603
2021-05-22,6.347256545169678,1.7202874728862712,70.6,31.1,17.8,22.7,3.3423890896459696
2021-05-23,6.1310392804669,1.271516827785505,58.5,32.7,20.7,25.2,3.296285171011072
2021-05-24,5.250185313597207,0.8227461826847385,73.4,26.4,18.5,21.2,2.072911008968063
2021-05-25,6.401524592795218,0.7479510751679441,73.2,26.1,14.7,18.8,2.3277418958353975
2021-05-26,6.6960932470502135,1.271516827785505,76.0,27.0,13.8,19.3,2.6316991897961546
2021-05-27,5.652933179980632,0.6731559676511497,77.9,27.7,19.5,22.1,2.0682861717366268
2021-05-28,6.808551629229985,1.645492365369477,70.9,31.4,17.4,23.7,3.2971143111157675
2021-05-29,4.930719702057461,2.243853225503832,56.2,33.6,23.1,27.6,3.962285380184622
2021-05-30,4.012291144596177,0.9723363977183274,85.6,27.4,19.9,22.7,1.559132371977072
2021-05-31,2.920937324326309,0.4487706451007665,90.0,23.3,19.3,20.8,0.929581624525754
2021-06-01,5.739624432271711,0.6731559676511497,83.3,25.5,19.5,21.6,1.9155295361069016
2021-06-02,7.300351072566717,1.271516827785505,76.6,29.1,17.4,22.5,2.86101457852188
2021-06-03,6.704762144759211,1.645492365369477,63.8,32.3,19.8,24.7,3.6081286292820516
2021-06-04,6.498479723534316,0.6731559676511497,79.2,29.4,17.9,22.1,2.3414431176806563
2021-06-05,7.00431643352443,1.795082580403066,68.1,28.8,17.2,23.0,3.2370856776978245
2021-06-06,6.206993370083227,2.019467902953449,61.1,29.8,22.0,25.0,3.587066114638595
2021-06-07,5.577304115603193,0.8227461826847385,79.1,27.4,17.8,21.9,2.029305834333727
2021-06-08,5.264890569196718,0.5983608601343553,82.2,27.9,19.8,22.2,1.877292873530204
2021-06-09,5.664302650845945,0.5983608601343553,80.9,28.2,20.2,22.7,2.0153851580038116
2021-06-10,6.505429633014184,1.121926612751916,75.1,28.5,19.7,23.3,2.590954755669379
2021-06-11,4.283490531622779,1.5706972578526825,77.6,27.9,19.7,22.1,2.2183538309263207
2021-06-12,5.746752364601736,0.7479510751679441,79.5,24.1,18.3,20.1,1.9674710106607594
2021-06-13,3.36084078627864,0.5235657526175608,85.7,21.0,17.1,18.5,1.0765512059102456
2021-06-14,6.088823967866114,0.7479510751679441,76.5,25.1,14.5,18.9,2.1141922182143063
2021-06-15,6.464967387911581,1.271516827785505,74.6,26.7,13.8,18.9,2.6427023982628417
2021-06-16,5.151819500072724,1.1967217202687106,78.0,24.9,14.7,19.2,1.9996742485826569
2021-06-17,4.964641873484597,1.0471315052351216,84.9,22.2,17.1,18.6,1.7043125537023625
2021-06-18,5.715785885963029,0.8227461826847385,76.2,25.0,16.2,19.6,2.0638826722889387
2021-06-19,3.3689329695828145,0.897541290201533,81.0,22.3,14.8,18.9,1.1988452035688844
2021-06-20,5.752841313808661,2.243853225503832,58.3,30.3,18.1,23.4,3.7902354163535934
2021-06-21,5.937225147621836,1.1967217202687106,73.3,24.6,15.3,20.0,2.2100325842445505
2021-06-22,3.8773388315050576,0.9723363977183274,83.3,23.1,13.8,18.0,1.3969361805745355
2021-06-23,4.678918023852036,0.8227461826847385,83.5,24.2,16.7,19.4,1.6394224785099871
2021-06-24,6.449364428499954,1.5706972578526825,73.5,25.7,13.7,18.9,2.6996945798342464
2021-06-25,6.142333686709988,1.9446727954366547,61.2,30.7,17.4,23.1,3.6235165884103884
2021-06-26,6.526019019795819,0.7479510751679441,79.9,29.2,16.1,21.0,2.380506227297913
2021-06-27,6.297182227318481,2.393443440537421,60.8,28.5,16.9,22.7,3.7027857562886948
2021-06-28,6.224698180085487,2.1690581179870376,60.6,28.1,19.3,22.5,3.6561829662548857
2021-06-29,4.306394121607811,1.4959021503358882,84.1,22.4,16.7,18.6,1.6875168234408493
2021-06-30,3.5761135948911593,1.0471315052351216,74.9,19.1,15.6,17.0,1.4291800797420884
2021-07-01,6.191222548117941,1.271516827785505,70.9,23.0,9.9,15.8,2.3777411518160463
2021-07-02,6.227563468711653,1.3463119353022994,71.0,25.6,11.7,17.4,2.6373253425873378
2021-07-03,5.953452798392729,1.645492365369477,62.3,28.2,13.6,20.3,3.160258989081188
2021-07-04,5.345969156086923,0.7479510751679441,78.1,24.9,14.7,19.3,1.844945949123867
2021-07-05,3.8357776048402146,0.6731559676511497,84.8,21.2,14.0,17.4,1.2062806820503424
2021-07-06,4.433353609742015,0.7479510751679441,81.1,23.9,14.2,17.7,1.5917728404633031
2021-07-07,6.23135314831492,0.9723363977183274,79.5,24.4,13.8,18.1,2.1697559612624735
2021-07-08,6.651954009832239,1.121926612751916,74.2,26.7,13.9,19.2,2.5871855362623317
2021-07-09,6.7021925500963535,1.121926612751916,77.2,26.0,15.5,19.5,2.4937496047640693
2021-07-10,6.715893908693164,0.7479510751679441,74.7,27.4,14.6,20.0,2.4043071042228363
2021-07-11,6.5447783105642925,1.1967217202687106,73.6,29.3,13.8,20.1,2.825077792041821
2021-07-12,6.8872913359801995,1.271516827785505,75.1,28.1,16.3,20.6,2.838580260666377
2021-07-13,6.700257475111822,1.271516827785505,66.2,29.6,15.4,21.7,3.0492404825491084
2021-07-14,6.274024592647742,1.4959021503358882,65.4,30.9,14.9,22.2,3.25167932128505
2021-07-15,6.235132213570943,1.3463119353022994,55.5,32.3,16.9,23.5,3.474105744144423
2021-07-16,5.635034895377435,1.7202874728862712,66.9,26.0,16.5,21.8,2.568580263762326
2021-07-17,5.542425494040336,0.8227461826847385,78.5,24.7,16.2,20.6,1.8569019227016565
2021-07-18,5.653937897149664,1.3463119353022994,79.3,26.4,15.5,20.2,2.2448404758808054
2021-07-19,6.0547031566448535,1.271516827785505,68.4,23.0,17.0,18.6,2.5004180823810174
2021-07-20,6.279741673761138,1.1967217202687106,67.8,22.3,8.5,14.4,2.431403016927945
2021-07-21,5.43874586038771,1.1967217202687106,70.3,23.6,9.0,15.5,2.233741702813072
2021-07-22,6.538889200827587,1.121926612751916,77.3,25.5,10.2,17.0,2.39732646394383
2021-07-23,7.125636222015924,1.1967217202687106,70.6,27.4,13.2,19.6,2.8586631927941304
2021-07-24,7.0246418450143375,1.9446727954366547,62.8,29.3,12.2,20.2,3.755467397543216
2021-07-25,7.056484148517542,2.1690581179870376,60.4,29.5,12.9,20.7,4.020163868979445
2021-07-26,6.975361951308688,2.1690581179870376,53.0,30.6,14.5,22.7,4.282311182396401
2021-07-27,6.2257287557676735,1.9446727954366547,37.6,33.6,18.6,25.6,4.8152654705284865
2021-07-28,2.7707434087295058,1.7202874728862712,80.4,27.3,18.5,19.3,2.133770613896788
2021-07-29,7.59135649066306,1.5706972578526825,68.0,19.9,12.0,16.0,2.665946502019923
2021-07-30,5.325569469535601,0.9723363977183274,63.5,20.0,13.2,15.0,2.1023480521395252
2021-08-01,6.475259137603336,0.9723363977183274,69.1,24.9,11.3,17.9,2.382820056559732
2021-08-02,7.469821678167937,1.7202874728862712,64.3,27.2,11.6,18.5,3.4375419475687305
2021-08-03,4.505610674534523,1.0471315052351216,76.3,22.9,12.0,17.0,1.708037217910266
2021-08-04,5.769912776145191,0.8227461826847385,75.8,23.4,13.8,18.1,1.962391496816417
2021-08-05,6.4405498102106895,0.7479510751679441,73.0,25.4,14.3,19.2,2.238451538205216
2021-08-06,7.1345448548546955,1.121926612751916,69.4,26.5,15.2,20.6,2.7268389433526825
2021-08-07,7.969860549389393,1.7202874728862712,62.9,27.8,13.7,20.6,3.599715644215906
2021-08-08,8.08388597669122,1.9446727954366547,57.9,28.8,15.3,22.0,3.992004375488556
2021-08-09,8.076008206729924,1.7202874728862712,57.3,30.3,16.6,22.7,4.06366903015951
2021-08-10,7.783512107665904,1.4959021503358882,49.8,32.7,16.5,24.2,4.213067841048411
2021-08-11,6.148569790290204,2.094263010470243,63.8,25.4,17.3,21.7,2.9989410551848
2021-08-12,4.207285786742352,0.8227461826847385,86.3,21.9,18.6,19.7,1.3728516155884296
2021-08-13,2.974843046739829,0.8227461826847385,85.1,21.1,18.7,19.5,1.0584378232931368
2021-08-14,3.1149923118405063,0.897541290201533,84.5,20.1,17.1,18.4,1.0771646545336826
2021-08-15,7.868410230732623,0.897541290201533,76.8,27.0,16.8,20.8,2.741736489163926
2021-08-16,8.455301011729896,1.7202874728862712,76.5,30.1,15.6,21.2,3.6202557952268646
2021-08-17,9.080815373952252,1.645492365369477,68.3,32.2,17.7,22.9,4.2019105582309155
2021-08-18,9.275740618304756,1.9446727954366547,65.0,31.8,17.6,23.9,4.438020998540337
2021-08-19,9.319158174387528,2.54303365557101,54.5,31.5,19.9,25.1,5.221835089293537
2021-08-20,8.880337483309312,2.393443440537421,43.8,33.3,21.2,26.2,5.824686609435341
2021-08-21,9.164596420465049,2.243853225503832,53.9,28.9,19.4,23.9,4.6705962451313585
2021-08-22,9.229157946142992,1.645492365369477,57.1,33.0,15.4,24.0,4.646304825662263
2021-08-23,8.586111215491197,1.8698776879198602,39.0,35.0,18.6,26.6,5.416275107889949
2021-08-24,8.75843302669529,1.795082580403066,46.1,35.9,20.1,26.7,5.307685319923112
2021-08-25,8.575141157597539,2.393443440537421,36.5,34.8,19.2,28.1,5.993972686063865
2021-08-26,7.652598854961287,2.8422140856381874,30.8,35.2,25.5,28.7,6.983103305421629
2021-08-27,4.664929518793425,1.4959021503358882,75.4,25.8,19.3,22.0,2.1036991551967215
2021-08-28,6.715532853933398,1.3463119353022994,78.1,26.0,19.5,21.6,2.5865705704717272
2021-08-29,5.4584133545081475,0.7479510751679441,81.8,23.5,18.4,20.4,1.7877356616598754
2021-08-30,5.601003795367852,0.9723363977183274,82.4,24.2,18.5,20.3,1.961118196209414
2021-08-31,6.862597450360079,0.9723363977183274,84.7,24.9,18.4,20.0,2.3195272736290677
2021-09-01,8.744040483455302,0.9723363977183274,75.6,27.4,18.4,21.4,3.10734934323423
2021-09-02,10.918123818859055,1.7202874728862712,65.9,30.3,16.0,22.5,4.510594989058749
2021-09-03,10.707739812612234,1.795082580403066,56.8,34.3,18.6,25.3,5.2598978131934215
2021-09-04,10.783564914980769,2.3186483330206267,59.4,28.3,20.7,25.0,4.679502431023559
2021-09-05,7.380251339732226,1.271516827785505,74.3,28.0,18.6,22.7,2.824720077184935
2021-09-06,5.822470702887043,0.9723363977183274,79.8,26.8,17.8,21.7,2.1109527665588375
2021-09-07,7.3204184410263275,1.0471315052351216,71.4,28.5,20.2,23.1,2.881037117469024
2021-09-08,10.346979100751685,2.54303365557101,61.1,32.4,18.5,25.2,5.237569260031926
2021-09-09,9.608916091916626,2.393443440537421,61.5,37.0,21.2,26.4,5.809279602708069
2021-09-10,6.038000784431498,1.271516827785505,81.8,27.8,21.1,22.9,2.4036491332037744
2021-09-11,4.024810344389459,0.897541290201533,77.9,24.1,20.0,21.7,1.5402841412454253
2021-09-12,10.246943789689249,1.3463119353022994,78.0,28.1,19.7,22.7,3.6107290161383623
2021-09-13,11.75439206984792,1.0471315052351216,70.5,35.4,20.0,26.2,4.572379692451722
2021-09-14,9.624343704500225,1.795082580403066,47.8,38.9,22.1,30.2,5.760091061944422
2021-09-15,9.970161261634093,2.094263010470243,68.2,33.3,21.3,25.4,4.803302206256372
2021-09-16,3.074024892040515,1.271516827785505,87.3,23.4,21.3,21.6,1.2434144023664997
2021-09-17,5.046058866310874,0.897541290201533,81.0,24.5,19.2,20.9,1.831569624718
2021-09-18,10.043075541360542,1.5706972578526825,75.8,31.9,18.2,22.5,4.1750039528999885
2021-09-19,6.334390625082757,0.897541290201533,81.9,27.0,18.3,22.0,2.1928262266107863
2021-09-20,11.749558330069933,1.3463119353022994,68.1,34.0,21.9,26.3,4.804816168278496
2021-09-21,10.520673466320437,2.8422140856381874,65.3,36.5,21.9,26.1,6.2177623584258725
2021-09-22,6.611231419619251,1.9446727954366547,74.0,22.8,17.1,19.7,2.569567935032607
2021-09-23,9.303062533375892,0.8227461826847385,67.9,24.8,13.3,18.9,3.0418915268780813
2021-09-24,12.167670301322808,1.645492365369477,61.3,29.2,12.8,20.5,4.7356271083848585
2021-09-25,10.17500228244602,1.5706972578526825,71.8,29.8,15.8,21.0,4.087492997905187
2021-09-26,12.224750104754353,1.3463119353022994,75.6,29.2,17.4,22.0,4.25663866497187
2021-09-27,10.595765320986283,1.0471315052351216,77.8,28.7,17.5,22.0,3.5899213616596612
2021-09-28,12.961602340843369,1.7202874728862712,71.0,33.9,18.6,24.1,5.354091469353491
2021-09-29,12.44836486930263,2.1690581179870376,69.8,28.9,18.5,24.2,4.552881513871306
2021-09-30,5.726802219869525,1.0471315052351216,78.4,25.0,18.6,21.8,2.0163616045127877
2021-10-01,7.441154192430572,1.4211070428190937,70.7,28.4,20.6,23.3,3.13811743020298
2021-10-02,12.656062001821605,1.9446727954366547,61.8,33.2,22.5,26.2,5.629345687170612
2021-10-03,11.647020547453273,1.9446727954366547,65.8,37.4,20.6,25.9,5.878524473513863
2021-10-04,9.79331567819938,1.9446727954366547,76.5,31.7,21.1,24.3,4.210406697628197
2021-10-05,6.05743983437416,1.7202874728862712,88.6,23.0,20.7,21.2,2.0142979717621077
2021-10-06,8.831451571399588,1.1967217202687106,80.5,27.7,19.5,22.2,3.119944503705199
2021-10-07,8.329082288283745,1.9446727954366547,77.2,31.5,21.1,23.2,3.9326904908372757
2021-10-08,7.4036004618276365,0.9723363977183274,78.6,24.1,17.6,20.1,2.462841646089381
2021-10-09,5.967367096549645,0.897541290201533,79.8,23.7,17.6,19.8,2.0356425067848574
2021-10-10,5.119815910015273,0.897541290201533,85.5,24.2,18.0,19.5,1.792099310781734
2021-10-11,3.5598886162184966,0.5983608601343553,89.6,20.7,18.4,19.4,1.0652791201389518
2021-10-12,9.832020937810931,1.4959021503358882,78.8,25.2,18.3,20.9,3.309708254742427
2021-10-13,13.860929225108972,1.5706972578526825,73.0,30.7,18.5,23.0,5.056411088859443
2021-10-14,13.932268539957123,1.645492365369477,67.8,34.1,18.5,25.3,5.544414987442647
2021-10-15,12.617922925157238,1.4211070428190937,65.9,37.4,21.1,27.4,5.500355268851346
2021-10-16,6.331682810367519,1.7202874728862712,77.8,29.3,21.9,24.3,2.8587245839448854
2021-10-17,4.460374741080945,1.271516827785505,85.8,23.2,20.4,21.3,1.6079705859488491
2021-10-18,3.695158268958058,0.5983608601343553,90.0,21.5,19.7,20.1,1.1464214813606262
2021-10-19,3.4075245873419444,1.0471315052351216,91.7,20.5,18.6,19.1,1.0920182210839642
2021-10-20,4.674266326748997,0.7479510751679441,87.1,20.0,15.2,17.1,1.3960182885361976
2021-10-21,7.919649387128357,0.6731559676511497,76.4,23.6,16.3,19.3,2.484657898516793
2021-10-22,15.56479896077295,1.5706972578526825,70.4,28.2,18.0,21.5,5.34711688097398
2021-10-23,15.896934249007705,1.795082580403066,62.0,32.6,19.0,25.2,6.172875808347514
2021-10-24,6.582662730843215,1.9446727954366547,69.7,28.3,22.8,24.9,3.1920541137595215
2021-10-25,5.3279608738424855,0.8227461826847385,86.2,23.9,19.1,20.3,1.7785229847498902
2021-10-26,8.77517113587232,1.0471315052351216,80.4,26.5,18.9,21.6,2.958018893734568
2021-10-27,6.110907685591457,1.0471315052351216,85.3,25.4,20.9,22.2,2.0979752166709384
2021-10-28,5.28392898455545,0.8227461826847385,86.8,25.9,21.5,22.7,1.814460315466838
2021-10-29,4.9007613970166695,0.8227461826847385,84.6,24.5,20.3,22.1,1.6333819819139723
2021-10-30,7.701738929189287,1.795082580403066,75.7,27.1,19.9,22.3,3.14364581449495
2021-10-31,6.1416471379771265,0.8227461826847385,80.2,26.5,20.3,22.4,2.16226434431903
2021-11-01,3.5587152553157875,0.5983608601343553,89.8,22.7,20.8,21.3,1.1300420285688875
2021-11-02,14.318977774654705,1.7202874728862712,83.6,26.3,20.2,22.2,4.454526617717926
2021-11-03,11.52958307593703,1.4211070428190937,81.6,26.5,20.4,22.3,3.781840523341608
2021-11-04,10.047927140637603,1.121926612751916,80.5,27.0,20.6,22.7,3.36712554304041
2021-11-05,15.51797344440208,1.0471315052351216,75.5,28.1,19.3,22.9,4.938831440296627
2021-11-06,15.524364230287304,1.121926612751916,73.5,27.7,17.0,21.7,4.906408886886184
2021-11-07,14.38654622350499,1.121926612751916,72.5,27.3,16.7,21.7,4.561714841905089
2021-11-08,11.106275964763746,1.121926612751916,75.7,28.1,17.2,21.6,3.768440146165741
2021-11-09,5.3889587976463105,0.7479510751679441,83.3,24.8,20.2,21.4,1.8446531529982098
2021-11-10,5.632646388324102,0.6731559676511497,83.8,23.9,19.0,21.0,1.7967299732574369
2021-11-11,3.9525804102636304,0.5235657526175608,85.1,22.5,19.5,20.0,1.2988425111654973
2021-11-12,5.599501897483229,0.8227461826847385,87.7,21.0,17.4,18.7,1.6833778776449984
2021-11-13,12.772645527588825,1.0471315052351216,76.2,24.0,14.0,18.9,3.7702363590543255
2021-11-14,16.00740814177398,1.121926612751916,64.5,28.9,16.0,21.6,5.349769257662326
2021-11-15,16.56454778476789,1.5706972578526825,60.0,30.7,16.0,22.9,5.9750379533095455
2021-11-16,17.137861677154866,1.4211070428190937,59.1,32.7,17.1,24.8,6.295366408403127
2021-11-17,17.214534199342765,2.019467902953449,56.5,34.1,20.0,26.4,7.09660351094005
2021-11-18,10.991776734416712,1.7202874728862712,69.7,32.6,19.8,24.7,4.639674023708726
2021-11-19,7.211666729485822,1.271516827785505,85.8,28.6,20.9,22.8,2.6948357472393125
2021-11-20,7.371420461429538,1.4959021503358882,86.3,24.7,20.5,21.5,2.514248425861394
2021-11-21,10.356460725220005,0.7479510751679441,79.2,25.3,18.5,20.7,3.249434993058962
2021-11-22,11.611513409131243,0.897541290201533,72.3,27.9,16.4,21.3,3.824707651209822
2021-11-23,17.63359806546021,1.4211070428190937,66.5,34.5,16.4,24.0,6.50682801943741
2021-11-24,9.833453852661933,1.4211070428190937,77.4,26.7,16.8,21.9,3.251030371657433
2021-11-25,15.03247135066037,0.8227461826847385,74.2,32.2,20.2,24.7,5.077597232301605
2021-11-26,8.99324345033067,1.4211070428190937,70.3,32.6,20.7,25.3,3.8641452930165117
2021-11-27,15.126546475971598,1.8698776879198602,62.5,32.7,22.5,26.5,6.074837536698984
2021-11-28,12.4374119257577,1.3463119353022994,74.6,31.4,21.9,25.0,4.590199571359207
2021-11-29,17.153737962267492,1.271516827785505,60.1,37.8,21.0,28.3,6.790976927361756
2021-11-30,4.834216663041319,1.1967217202687106,76.0,28.9,23.1,25.6,2.1062901144600548
2021-12-01,13.78476413572701,1.7202874728862712,76.1,29.8,22.4,25.5,4.799523097704965
2021-12-02,14.608048999552928,1.3463119353022994,69.5,29.8,20.2,24.8,5.0088903996548835
2021-12-03,8.87401726294923,0.6731559676511497,75.2,27.8,21.4,23.4,3.014340116283248
2021-12-04,8.284934144833692,0.5983608601343553,72.7,27.9,19.5,23.5,2.7616289633147106
2021-12-05,16.35769329538868,1.4959021503358882,68.5,33.5,19.4,25.3,6.0239404504151555
2021-12-06,10.057453824709723,1.1967217202687106,79.0,30.4,20.8,23.9,3.675594301553984
2021-12-07,8.000527634945685,1.1967217202687106,88.4,25.5,20.6,21.4,2.6463717713541404
2021-12-08,7.327929490525879,1.0471315052351216,84.9,23.4,18.2,20.4,2.2740674848901405
2021-12-09,14.762901258464762,1.271516827785505,74.7,26.9,18.1,22.0,4.68982903006276
2021-12-10,14.009308243373184,1.0471315052351216,72.1,27.6,19.0,22.7,4.538618757387233
2021-12-11,16.907492360389522,1.4959021503358882,70.6,33.1,19.8,25.0,6.105100886022375
2021-12-12,7.838354632363027,1.121926612751916,79.3,34.6,21.8,25.0,3.3988504522480487
2021-12-13,14.005889043220346,1.4959021503358882,73.6,32.9,21.8,26.5,5.1074671311009086
2021-12-14,15.56681906960534,1.4959021503358882,75.0,33.4,24.0,27.2,5.690071729858762
2021-12-15,10.56662895230578,1.5706972578526825,71.3,32.8,23.9,27.6,4.276738403895247
2021-12-16,11.610340815067921,1.271516827785505,75.5,33.3,24.0,26.6,4.486092609755041
2021-12-17,9.248462136383427,1.4211070428190937,80.5,31.4,22.9,25.8,3.530945644424957
2021-12-18,8.87443790727875,0.9723363977183274,81.6,26.7,22.5,24.0,2.9364827718895983
2021-12-19,7.773411770617633,0.4487706451007665,77.0,27.8,20.4,23.2,2.5410737203660423
2021-12-20,16.211215338207403,1.0471315052351216,69.9,31.1,17.2,23.6,5.399284602380272
2021-12-21,17.681242269846578,1.5706972578526825,65.8,33.6,19.7,26.1,6.467770574966241
2021-12-22,17.30282565890107,1.795082580403066,65.0,36.3,21.7,27.5,6.936059567100628
2021-12-23,6.25764740712881,1.0471315052351216,84.3,26.1,22.1,23.0,2.220558675650432
2021-12-24,13.753963551124395,1.1967217202687106,79.3,27.2,18.0,21.9,4.315882977412536
2021-12-25,16.6325723736217,0.897541290201533,72.5,28.8,16.7,22.5,5.197009771321887
2021-12-26,17.76172937012143,1.645492365369477,65.9,33.7,18.6,24.8,6.625156987954865
2021-12-27,13.542547018786093,1.7202874728862712,73.5,31.1,20.3,24.3,5.038180242988949
2021-12-28,14.980280399096593,1.5706972578526825,65.9,32.6,20.8,25.6,5.671376831541291
2021-12-29,14.559943590745563,1.121926612751916,74.5,31.0,21.2,25.3,4.938842241337806
2021-12-30,7.63315484823723,0.37397553758397206,82.8,28.9,21.9,24.4,2.4629048206782036
2021-12-31,5.302881178534331,0.6731559676511497,87.9,26.5,21.8,23.5,1.7472713549146563
2022-01-01,9.05040544243973,1.271516827785505,75.6,32.1,22.0,25.7,3.5706544553386728
2022-01-02,9.082257578441494,1.3463119353022994,75.1,32.5,23.9,26.4,3.723454746779587
2022-01-03,14.435396785921792,1.7202874728862712,68.3,33.7,24.0,27.8,5.669799009324337
2022-01-04,9.907682835165208,2.4682385480542153,62.9,32.5,24.5,28.2,4.900749641571452
2022-01-05,8.990731168446656,2.1690581179870376,62.0,34.1,26.3,28.3,4.9282704721967185
2022-01-06,9.700388403400039,1.4211070428190937,78.4,32.5,24.7,26.2,3.934261753350567
2022-01-07,7.092411450621232,1.3463119353022994,88.8,25.9,23.1,23.6,2.362386622675524
2022-01-08,5.254761927084781,0.8227461826847385,89.1,25.9,22.4,23.0,1.7811592389100186
2022-01-09,4.624327922570016,0.22438532255038324,89.6,24.3,20.8,21.9,1.3905686321618858
2022-01-10,10.473150604972332,0.7479510751679441,84.5,28.2,19.6,22.4,3.34965135816894
2022-01-11,11.19078955633417,0.897541290201533,85.0,31.5,21.5,24.2,3.852181565110968
2022-01-12,15.449347642562184,1.121926612751916,79.7,29.9,22.2,25.4,4.987276997359376
2022-01-13,13.710169791519274,1.0471315052351216,76.7,31.8,22.8,26.4,4.698137637542491
2022-01-14,16.32323536855677,0.9723363977183274,76.8,34.5,24.1,27.6,5.710825693309824
2022-01-15,11.175015775089948,0.7479510751679441,79.0,33.4,24.1,27.0,3.945367759878838
2022-01-16,12.017348999120921,1.4959021503358882,74.4,34.3,22.7,25.8,4.903789692425861
2022-01-17,17.432549062926537,1.5706972578526825,67.5,36.5,21.4,27.9,6.694018476775562
2022-01-18,18.201939413301417,1.645492365369477,59.5,37.8,24.3,30.5,7.418686138077467
2022-01-19,16.399207760014583,1.121926612751916,74.5,35.7,23.8,27.9,5.940051443152076
2022-01-20,17.02141133523679,1.121926612751916,73.0,34.3,22.8,27.7,5.94684033231377
2022-01-21,17.782742060627672,0.9723363977183274,72.5,32.8,22.6,27.3,5.9642923918678274
2022-01-22,16.42455393594909,1.0471315052351216,67.7,35.7,22.8,27.8,6.047870703241732
2022-01-23,17.44918071073161,1.3463119353022994,64.2,35.6,22.2,27.7,6.642838045381961
2022-01-24,17.366080478878917,1.4959021503358882,67.9,36.1,21.7,27.1,6.6919349834802855
2022-01-25,17.50131009576051,1.4959021503358882,62.2,36.1,21.9,28.1,6.846769387929946
2022-01-26,16.731711608160047,1.9446727954366547,56.0,36.2,22.1,29.2,7.073415668027623
2022-01-27,16.25054061240786,2.094263010470243,46.5,39.0,26.9,31.1,8.090320971313322
2022-01-28,12.886162653028808,1.0471315052351216,75.7,32.1,23.4,26.8,4.503780196258162
2022-01-29,9.803377116584292,1.0471315052351216,78.8,30.1,23.2,25.7,3.466503237232049
2022-01-30,7.390686879605466,0.8227461826847385,83.6,28.8,22.3,24.5,2.5434439100054775
2022-01-31,6.169665463176454,0.8227461826847385,81.9,28.7,22.5,25.0,2.1921765174757164
2022-02-01,13.384468113246347,1.121926612751916,77.4,32.8,22.8,26.3,4.769962298181244
2022-02-02,11.77463416643362,0.5983608601343553,82.5,31.1,22.9,25.2,3.8995837100112425
2022-02-03,11.02373965355047,0.5983608601343553,82.2,31.5,22.9,25.4,3.692462150058271
2022-02-04,12.697152608395655,0.7479510751679441,78.8,33.1,23.2,26.7,4.35611841528736
2022-02-05,14.154125072019248,1.4211070428190937,66.6,35.8,24.4,28.8,5.669566548798773
2022-02-06,13.163941112419439,1.9446727954366547,69.1,34.9,25.8,27.8,5.760702100581862
2022-02-07,11.485608514655025,1.1967217202687106,76.2,32.4,23.4,26.3,4.275687434193982
2022-02-08,6.451751510063743,0.7479510751679441,85.0,25.9,22.4,23.3,2.1477684712599157
2022-02-09,5.774983935101776,0.7479510751679441,84.9,25.8,20.0,21.9,1.9378366556529614
2022-02-10,8.23305614529594,0.6731559676511497,84.1,26.6,20.1,22.4,2.624601755815071
2022-02-11,9.074836924692415,0.6731559676511497,78.5,28.8,20.7,23.7,3.040818542189655
2022-02-12,8.211034086061032,0.6731559676511497,79.3,29.2,21.7,24.1,2.820651551091852
2022-02-13,16.047392448680224,1.271516827785505,73.8,31.7,20.6,25.3,5.461619921222868
2022-02-14,15.245301087818456,1.5706972578526825,69.0,35.6,23.5,27.5,6.058692227209862
2022-02-15,12.496476496864915,1.1967217202687106,77.8,31.1,21.9,25.9,4.300955647634997
2022-02-16,13.310670754327937,0.8227461826847385,74.7,30.6,21.5,25.6,4.42507993829129
2022-02-17,13.510754437554091,0.9723363977183274,75.4,32.9,21.2,25.2,4.7968243319314565
2022-02-18,7.085063511210709,0.8227461826847385,84.6,28.0,21.7,23.8,2.4192702739361773
2022-02-19,8.350172647392021,0.897541290201533,82.4,28.8,21.3,23.6,2.8968085083970503
2022-02-20,10.821679022465133,1.121926612751916,75.7,31.8,22.6,25.9,3.9856807275199775
2022-02-21,13.232626961337035,1.121926612751916,76.4,35.0,22.3,26.5,4.953521122360207
2022-02-22,14.335613705848726,1.1967217202687106,75.3,34.4,22.8,26.9,5.245673856762319
2022-02-23,15.811751285589821,1.4959021503358882,74.2,33.9,23.3,27.0,5.811346778025744
2022-02-24,11.80664229877797,0.8227461826847385,79.0,30.5,21.9,25.7,3.9052802202658774
2022-02-25,15.948469293274933,0.6731559676511497,73.3,33.3,21.1,26.5,5.310940505097594
2022-02-26,14.67666620474512,1.121926612751916,70.7,33.6,23.0,27.2,5.323458535231947
2022-02-27,15.06191076822177,0.9723363977183274,72.1,34.6,23.1,27.4,5.409820045477256
2022-02-28,15.774180626771242,1.4959021503358882,64.7,35.0,21.8,27.9,6.099368987285793
2022-03-01,15.310188706866537,2.094263010470243,49.7,36.2,25.8,30.5,7.199708031280905
2022-03-02,15.498127958945908,1.3463119353022994,61.5,36.5,21.7,28.6,6.160322222190084
2022-03-03,15.461920061512549,1.3463119353022994,62.0,37.4,21.4,28.1,6.299058861649279
2022-03-04,14.596996406030152,1.0471315052351216,76.0,33.5,21.3,26.2,5.0883945178022785
2022-03-05,14.843846142135114,1.271516827785505,70.8,35.5,21.9,27.0,5.6561640922128005
2022-03-06,14.833962031554893,1.645492365369477,57.1,36.5,21.9,29.1,6.328461694993071
2022-03-07,14.996923101486917,1.8698776879198602,57.3,36.5,23.0,29.1,6.637511423675362
2022-03-08,14.845014269517677,1.7202874728862712,56.8,37.4,22.0,28.7,6.613544714148837
2022-03-09,14.592688831519567,1.3463119353022994,60.7,36.8,21.9,27.9,6.0085727888723905
2022-03-10,14.613063728035485,1.5706972578526825,60.5,36.2,21.7,28.3,6.1671106347970355
2022-03-11,13.963691423678167,1.9446727954366547,52.5,37.4,25.1,29.7,6.792628412253927
2022-03-12,12.107317388399842,1.7202874728862712,68.1,32.5,21.7,27.2,4.703962411207647
2022-03-13,14.234760101989501,1.271516827785505,72.7,34.8,22.2,26.5,5.376655844621969
2022-03-14,14.265648332947618,1.1967217202687106,73.7,35.0,22.8,27.0,5.321872401490041
2022-03-15,12.434527943796866,1.0471315052351216,79.2,33.7,23.4,26.7,4.496827709048603
2022-03-16,13.635800333874503,0.9723363977183274,72.4,35.9,23.2,28.2,5.072845146950449
2022-03-17,14.490862863698744,1.271516827785505,67.2,36.2,23.2,28.5,5.695761502692784
2022-03-18,13.600230102835093,1.3463119353022994,61.0,37.4,23.6,29.4,5.734007193452251
2022-03-19,11.503527893705087,1.7202874728862712,64.6,36.1,23.2,28.3,5.262177815774039
2022-03-20,6.912706768809552,1.121926612751916,83.8,28.0,24.1,25.3,2.4667341228410127
2022-03-21,7.6815770934995244,0.9723363977183274,74.9,26.6,19.6,22.9,2.6916808050679837
2022-03-22,6.209663570214611,0.4487706451007665,80.4,27.7,18.0,21.8,2.0393651669181163
2022-03-23,13.05542544926746,1.4211070428190937,66.7,30.4,19.3,24.7,4.774322297149019
2022-03-24,13.1276519349104,2.019467902953449,58.3,33.4,19.3,26.7,5.667520044238764
2022-03-26,12.344354230250705,1.645492365369477,59.2,36.8,24.6,29.2,5.6795591840538195
2022-03-27,10.590584152656877,1.4959021503358882,77.0,31.4,23.4,26.1,4.036586861596454
2022-03-28,8.329491089651421,0.9723363977183274,78.0,29.6,22.8,25.4,3.001125293629099
2022-03-29,10.994896062165763,0.8227461826847385,77.3,31.4,22.8,25.8,3.829514127016136
2022-03-30,12.869235870253213,0.9723363977183274,71.0,36.2,22.0,27.6,4.895089203595731
2022-03-31,10.52943967342813,1.7202874728862712,76.9,29.4,21.8,25.5,3.7821248385298096
2022-04-01,7.432202462957976,1.0471315052351216,84.2,27.8,21.6,23.7,2.573868934364701
2022-04-02,6.877957363857018,0.8227461826847385,85.9,28.3,21.9,23.7,2.376211291302486
2022-04-03,5.6916232652022165,0.897541290201533,83.2,29.0,23.0,24.7,2.1357478770297518
2022-04-04,12.783263867164681,0.9723363977183274,74.4,33.6,21.6,26.7,4.568310695288924
2022-04-05,8.580732329268917,0.9723363977183274,82.4,29.5,22.6,25.2,2.9652002894610465
2022-04-06,7.1265825308826445,0.8227461826847385,82.5,26.6,22.1,24.0,2.3692548797191484
2022-04-07,9.093356470465324,0.6731559676511497,76.3,28.5,21.9,24.2,3.0855310367474127
2022-04-08,10.90727554273459,0.8227461826847385,73.9,31.9,22.3,25.8,3.8941097001010765
2022-04-09,10.891322185961968,1.121926612751916,78.6,33.1,22.2,25.7,4.07221598660078
2022-04-10,10.364621419153625,0.6731559676511497,79.0,30.1,22.1,25.4,3.4488179609754424
2022-04-11,10.945023478789707,0.6731559676511497,75.7,31.5,21.1,25.3,3.734140182555211
2022-04-12,10.301289244130679,1.5706972578526825,71.1,31.3,21.1,26.0,4.013667547807154
2022-04-13,10.19794652092046,0.9723363977183274,75.2,34.4,22.6,26.7,3.9153050800408398
2022-04-14,5.637569210904582,0.6731559676511497,85.3,28.5,22.5,24.0,1.99562760048927
2022-04-15,5.906278217735521,1.1967217202687106,74.1,24.5,19.5,21.0,2.3479144935068557
2022-04-16,10.289805407426016,1.121926612751916,73.0,26.3,15.9,20.3,3.4886413820669593
2022-04-17,9.119903509958682,1.0471315052351216,76.5,26.2,16.9,20.8,3.0680338379648338
2022-04-18,9.349047582375885,0.9723363977183274,76.8,26.8,16.1,20.6,3.1254071700704755
2022-04-19,10.32633586104577,1.0471315052351216,73.4,29.2,16.6,21.8,3.657137132735951
2022-04-20,10.203814456979053,0.9723363977183274,77.6,27.9,18.4,22.3,3.411019388363947
2022-04-21,9.824555013665854,0.8227461826847385,75.6,28.9,18.2,22.9,3.3133156862551667
2022-04-22,9.974267677515225,0.8227461826847385,72.4,30.7,18.7,24.1,3.5101140687494228
2022-04-23,9.448747924447074,1.4211070428190937,63.7,36.4,19.0,26.2,4.602457887497073
2022-04-24,8.990662563891977,0.8227461826847385,74.8,30.2,19.0,24.3,3.133490608598857
2022-04-25,8.665527123850817,0.7479510751679441,73.5,29.7,21.5,24.5,3.0881972539600393
2022-04-26,9.951194686807646,1.4211070428190937,71.2,31.7,19.8,25.1,3.9514227987564836
2022-04-27,9.968418795522744,1.7202874728862712,70.8,32.3,19.5,25.5,4.160894580880441
2022-04-28,9.771527229038828,1.5706972578526825,62.3,33.4,21.8,26.9,4.416927987465995
2022-04-29,9.788907861521853,1.7202874728862712,71.8,30.5,20.9,25.6,3.8487509753310283
2022-04-30,2.6649126416113,0.4487706451007665,90.9,24.2,21.0,21.7,0.892991069783495
2022-05-01,9.605951316109195,1.121926612751916,77.7,32.0,19.6,24.3,3.644067334894681
2022-05-02,9.260289269165288,1.271516827785505,77.4,31.2,20.4,24.7,3.5189470478519107
2022-05-03,8.456732161102117,1.121926612751916,70.0,33.2,21.9,26.3,3.565750165728036
2022-05-04,7.4911101613042606,1.271516827785505,69.6,33.7,21.2,25.7,3.4569883898020923
2022-05-05,9.151731576806057,0.8227461826847385,73.0,29.9,20.3,23.9,3.318215440844415
2022-05-06,7.919361558079333,0.897541290201533,77.3,26.3,17.6,21.3,2.6773816911566968
2022-05-07,6.730236999063306,0.8227461826847385,79.6,26.2,16.6,20.6,2.290419131241751
2022-05-08,6.249556418809604,0.7479510751679441,80.2,26.1,18.9,21.3,2.161630891266152
2022-05-09,7.378487971855316,0.6731559676511497,75.6,27.7,16.3,20.8,2.5507761661354307
2022-05-10,8.351364306226056,0.9723363977183274,75.5,27.9,14.5,20.3,2.950224666654634
2022-05-11,7.456724194511361,1.121926612751916,74.0,31.0,17.6,22.9,3.044424344799767
2022-05-12,5.329986135900206,0.8227461826847385,78.1,25.3,20.8,22.8,1.893981807761059
2022-05-13,7.078927273292541,0.6731559676511497,76.6,27.0,19.4,22.4,2.4145993309890397
2022-05-14,6.689511472391987,0.6731559676511497,76.3,28.4,18.0,22.5,2.345161786463365
2022-05-15,3.982618911421225,1.3463119353022994,76.8,26.0,18.2,21.8,1.7961237542995085
2022-05-16,5.362344567818711,0.8227461826847385,77.6,26.7,18.7,22.1,1.9626174847742057
2022-05-17,6.7785198440085175,0.897541290201533,77.8,25.4,18.2,20.9,2.3461977828637375
2022-05-18,6.723208579557576,1.7202874728862712,49.4,25.1,12.6,18.5,3.5682305983481615
2022-05-19,5.7863483142317556,1.645492365369477,45.3,24.6,13.8,19.0,3.2384195104469256
2022-05-20,6.013047911565036,1.1967217202687106,66.9,23.3,13.7,18.0,2.379434481399903
2022-05-21,7.169021172166899,1.0471315052351216,72.4,25.8,13.8,18.7,2.666626954707685
2022-05-22,7.208578501648787,1.1967217202687106,69.8,27.0,12.8,19.1,2.8863193521753048
2022-05-23,7.062810485361071,1.3463119353022994,70.0,27.8,12.7,19.3,3.003445407720738
2022-05-24,6.963489763975073,1.4959021503358882,62.5,28.6,15.8,21.5,3.2899438251933413
2022-05-25,6.929746898772048,1.5706972578526825,69.7,27.1,13.8,20.3,2.9343528476567213
2022-05-26,7.0904436912163815,1.3463119353022994,65.1,29.2,16.8,22.3,3.1577332345093057
2022-05-27,6.656871452834746,1.5706972578526825,65.2,28.9,17.4,22.5,3.1653292106980095
2022-05-28,6.01864123265797,1.645492365369477,57.6,29.5,17.3,23.2,3.267151291130122
2022-05-29,6.698549836416114,1.7202874728862712,53.5,31.2,18.5,24.5,3.8204506548395396
2022-05-30,5.216782103497728,1.1967217202687106,63.7,29.4,21.8,24.6,2.6204449246100303
2022-05-31,5.6515817471627905,0.9723363977183274,79.9,26.7,20.2,22.6,2.0995287912853944
2022-06-01,6.083328724083229,0.5235657526175608,82.1,28.9,20.6,22.9,2.1121959649889726
2022-06-02,5.657529951070465,1.1967217202687106,80.9,29.8,18.8,22.2,2.445664488707648
2022-06-03,2.792951832706315,0.9723363977183274,86.7,22.3,18.2,20.0,1.0297667421247927
2022-06-04,3.0880544285678817,0.6731559676511497,90.7,20.0,17.7,18.2,0.9632770615354026
2022-06-05,6.816406946122572,0.897541290201533,78.3,24.5,14.3,18.4,2.3165829946001955
2022-06-06,6.4779969391225105,1.795082580403066,67.4,27.0,12.7,19.9,3.0074213486228287
2022-06-07,5.59372867371213,1.7202874728862712,61.6,29.2,19.9,22.5,3.305932415924736
2022-06-08,5.193442458543586,1.121926612751916,82.2,26.4,18.2,21.4,1.9810226455895203
2022-06-09,3.6894360957174728,0.37397553758397206,86.8,23.9,19.9,21.1,1.1768905604733588
2022-06-10,2.9906547856855332,1.0471315052351216,85.7,25.0,19.5,21.2,1.2558587643856067
2022-06-11,3.0642108822560905,0.6731559676511497,86.8,21.2,18.6,19.0,1.0506116735810405
2022-06-12,4.424575448616206,0.897541290201533,80.5,22.9,16.7,18.7,1.6259155654832118
2022-06-13,5.940423551511685,0.9723363977183274,70.9,23.1,11.8,17.3,2.1211528614589974
2022-06-14,3.930554534800195,0.5983608601343553,84.3,20.3,13.5,16.4,1.2092943604473785
2022-06-15,5.339672880345388,0.897541290201533,78.9,25.0,13.4,17.4,2.019952353630449
2022-06-16,6.304893153742486,1.121926612751916,75.5,27.0,11.0,17.5,2.5339095955910698
2022-06-17,6.198145189343197,1.8698776879198602,63.3,29.6,13.3,21.0,3.443420475545038
2022-06-18,3.7437847644260485,1.795082580403066,64.5,27.3,20.5,21.7,2.710576843213828
2022-06-19,3.018790534367934,0.9723363977183274,88.3,19.5,17.2,18.2,0.9837177479785516
2022-06-20,5.735470394783455,1.3463119353022994,77.8,25.8,15.8,20.0,2.294572246978338
2022-06-21,6.451756185922387,1.645492365369477,72.9,28.5,15.5,21.1,2.9743893662578893
2022-06-22,6.092672067998475,1.795082580403066,56.4,31.5,19.6,24.3,3.7728538805349943
2022-06-23,6.2377486233599395,1.645492365369477,59.9,32.3,17.0,23.8,3.587801013400803
2022-06-24,6.142711029646026,1.5706972578526825,63.0,31.1,17.2,22.6,3.3856617149336294
2022-06-25,5.5028689368708985,1.4211070428190937,78.0,24.2,15.1,20.1,1.9735616128450975
2022-06-26,3.3993775113764406,0.897541290201533,88.6,20.9,17.3,18.5,1.133065881472736
2022-06-27,5.228917400368559,0.7479510751679441,80.3,23.4,15.8,17.8,1.8428081458634007
2022-06-28,6.316840333092344,1.645492365369477,71.7,26.6,11.6,18.2,2.872376987609513
2022-06-29,6.035260493396827,1.7202874728862712,58.0,30.1,16.1,22.4,3.455814393807655
2022-06-30,5.14549691210874,1.1967217202687106,73.9,24.1,18.5,20.6,2.074811425918599
2022-07-01,5.890556004219061,0.897541290201533,79.0,25.9,13.3,18.6,2.109507991124158
2022-07-02,6.371518198102111,1.645492365369477,67.0,29.0,13.9,21.6,3.079621999257181
2022-07-03,6.0366996296970346,1.5706972578526825,52.5,31.8,21.0,24.4,3.7543575339277675
2022-07-04,6.424571753047255,1.7202874728862712,61.7,30.1,15.6,22.4,3.4489296048113576
2022-07-05,6.228577271775366,1.645492365369477,57.3,30.8,15.0,22.4,3.5856345380857326
2022-07-06,6.3285806460386,1.5706972578526825,60.8,30.4,14.7,21.8,3.429862996822076
2022-07-07,6.075200043722857,1.121926612751916,52.2,31.0,15.7,23.0,3.1229251792381385
2022-07-08,6.051018634209328,1.3463119353022994,52.2,31.3,16.6,23.4,3.3954665472462557
2022-07-09,6.440250785724661,0.8227461826847385,75.7,27.6,16.0,20.5,2.3755256587790536
2022-07-10,6.529018503785754,1.5706972578526825,66.8,29.3,15.5,21.8,3.1978095880464243
2022-07-11,6.334597918388637,2.1690581179870376,55.3,30.0,14.9,22.6,4.008979439300637
2022-07-12,5.300344192707871,2.243853225503832,36.2,32.7,21.7,26.2,4.913463128474288
2022-07-13,4.836564689596639,1.4959021503358882,77.6,25.6,20.6,21.7,2.2256802327305856
2022-07-14,6.096660051523163,0.6731559676511497,78.7,28.7,19.6,22.2,2.251077043272877
2022-07-16,5.9407379240680696,1.645492365369477,51.0,32.8,21.0,25.8,3.8157146205276447
2022-07-17,6.326518285001511,2.3186483330206267,52.8,35.6,22.2,26.0,5.101272933966879
2022-07-18,5.639090040716958,0.897541290201533,79.5,26.1,20.6,22.3,2.070995004579504
2022-07-19,6.899614583040142,1.0471315052351216,74.0,31.3,19.5,23.1,2.9622738902046803
2022-07-20,4.317590089333481,0.7479510751679441,80.4,25.1,20.5,22.1,1.5790933026720206
2022-07-21,6.847827068938819,0.897541290201533,75.0,28.7,16.2,21.4,2.594619663744052
2022-07-22,7.39528420614654,1.271516827785505,71.0,30.8,15.7,21.9,3.2422686785062442
2022-07-23,7.295062056870405,1.3463119353022994,68.5,32.8,15.2,22.3,3.540668957046067
2022-07-24,7.3271741588358585,1.1967217202687106,73.0,31.5,14.5,21.2,3.2337016226904662
2022-07-25,7.471536934499863,1.1967217202687106,71.3,30.5,16.5,21.9,3.211615067210672
2022-07-26,7.247384872731638,1.271516827785505,75.5,29.1,14.3,20.6,2.9341630833585777
2022-07-27,7.45928272313799,1.4959021503358882,68.0,29.5,17.2,22.1,3.4306421393216127
2022-07-28,7.035865662702561,1.7202874728862712,55.4,32.0,15.5,23.3,4.028456394963109
2022-07-29,6.351664647530518,2.094263010470243,59.0,30.1,21.0,22.9,4.108520692568273
2022-07-30,6.182777267067041,0.897541290201533,76.7,23.1,16.9,18.9,2.165692532670982
2022-07-31,5.300634197576625,0.7479510751679441,73.3,24.1,14.6,18.6,1.897961664954211
2022-08-01,7.8093257964891025,1.4959021503358882,70.9,29.3,13.9,20.9,3.326178918626444
2022-08-02,8.166278621563167,1.121926612751916,77.8,27.9,16.1,20.9,2.9338369437734935
2022-08-03,7.322427645708437,0.9723363977183274,76.8,27.5,15.6,20.7,2.626932897631584
2022-08-04,7.62378993452832,1.4211070428190937,63.6,31.9,18.0,23.9,3.637111802230011
2022-08-05,7.3473708473358,2.692623870604599,51.1,34.8,23.0,25.5,5.821561375176712
2022-08-06,4.220915684158398,0.7479510751679441,80.8,22.9,18.4,20.0,1.4823133034044986
2022-08-07,5.576267767657226,1.3463119353022994,76.3,28.0,17.3,21.2,2.4735829014755484
2022-08-08,2.7878618929958146,0.5983608601343553,82.4,23.5,20.0,21.1,1.0437049614968827
2022-08-09,4.414389554225595,0.4487706451007665,81.3,24.5,19.1,21.3,1.4476099294737887
2022-08-10,4.428261495566006,1.0471315052351216,78.0,27.2,19.7,21.1,2.021901019771803
2022-08-11,6.756990878236907,2.1690581179870376,56.1,23.8,16.6,19.9,3.501154163724937
2022-08-12,7.658961148650045,1.121926612751916,81.7,23.1,14.2,18.2,2.4015392063365457
2022-08-13,8.471129944167991,1.1967217202687106,70.9,27.6,13.0,19.0,3.2547349343208034
2022-08-14,8.79280458447143,1.7202874728862712,61.0,29.2,13.9,21.1,4.011962659194815
2022-08-15,8.458553685150942,2.54303365557101,46.7,29.6,15.5,22.9,5.07794544981117
2022-08-16,7.959110666562376,2.393443440537421,38.1,33.7,21.0,26.3,5.789752805773353
2022-08-17,6.866617753452897,1.1967217202687106,66.5,30.4,17.5,23.4,3.028021446340517
2022-08-18,8.607509773203597,2.54303365557101,54.3,33.5,16.5,25.4,5.325940579936827
2022-08-19,3.545852087968642,2.094263010470243,76.8,29.0,18.4,19.1,2.908313351312428
2022-08-20,4.099959201281707,0.897541290201533,84.5,19.0,14.6,15.9,1.3318582135843973
2022-08-21,6.383058882383404,0.8227461826847385,74.7,22.6,13.2,17.0,2.1344165915606688
2022-08-22,7.875652129366762,0.8227461826847385,69.1,24.5,14.2,18.4,2.7017556282438373
2022-08-23,8.641729654526955,0.9723363977183274,70.5,26.6,15.3,19.8,3.093570398706046
2022-08-24,6.983036219475891,1.1967217202687106,77.9,26.3,17.1,20.4,2.592817296061538
2022-08-25,10.19748416577523,1.3463119353022994,69.5,30.2,16.5,22.3,3.9872637710083816
2022-08-26,8.034132523361588,1.4211070428190937,67.8,31.4,19.5,23.2,3.7367309142692617
2022-08-27,10.038456503706774,1.121926612751916,64.6,33.3,17.2,24.3,4.181047471549733
2022-08-28,9.653005489911076,1.9446727954366547,59.5,35.3,17.3,24.9,5.312272255185763
2022-08-29,4.759458651521548,1.8698776879198602,85.5,22.8,17.7,18.1,2.0539373826976104
2022-08-30,6.058053333904772,0.7479510751679441,82.9,20.0,14.1,16.3,1.7959395533368137
2022-08-31,10.517164143318366,0.8227461826847385,69.5,24.7,10.7,17.2,3.2957437861268355
2022-09-01,10.557423134200132,2.019467902953449,59.7,27.7,12.0,19.3,4.566838216236209
2022-09-02,10.404117122310925,2.243853225503832,52.3,31.4,13.3,22.3,5.40508399906981
2022-09-03,10.073427973319806,2.243853225503832,63.5,27.0,14.7,21.3,4.122184187044456
2022-09-04,4.506333869456725,1.4211070428190937,82.4,21.1,15.2,17.5,1.6511978404933165
2022-09-05,6.789879533584585,0.7479510751679441,75.8,23.7,15.8,18.8,2.255516924145955
2022-09-06,9.162249759346327,1.3463119353022994,61.0,26.5,18.0,21.1,3.692756811141583
2022-09-07,10.134332588763938,2.019467902953449,62.0,27.3,13.9,20.2,4.303699001895945
2022-09-08,9.95912177658007,2.393443440537421,46.0,33.1,17.0,25.2,5.741335831817796
2022-09-09,9.575774054490491,2.019467902953449,34.5,37.4,22.8,29.5,6.3217254214400205
2022-09-10,9.822575409083111,2.7674189781213934,45.3,37.4,24.3,27.5,7.256318698426266
2022-09-11,4.447655168199735,1.4211070428190937,80.7,21.7,17.3,18.9,1.7171842085212365
2022-09-12,3.6692036547223337,0.897541290201533,79.8,21.6,17.1,18.7,1.3678480599592737
2022-09-13,8.319422045954799,1.271516827785505,74.3,29.7,17.5,22.6,3.251614371110393
2022-09-14,3.3079295653251193,0.8227461826847385,85.3,23.2,19.5,21.1,1.1671589433360956
2022-09-15,3.3135031705988545,0.6731559676511497,89.0,22.1,19.6,19.9,1.1158919207324036
2022-09-16,2.9177132154244116,1.0471315052351216,91.5,19.0,17.7,17.5,0.9789266116264742
2022-09-17,6.520084792061403,0.9723363977183274,81.3,21.3,15.4,17.3,2.091534664117336
2022-09-18,10.532031428662801,1.1967217202687106,74.9,24.2,13.4,17.7,3.3848380907495845
2022-09-19,12.527724812281797,1.3463119353022994,70.5,27.8,12.7,19.5,4.285593975295161
2022-09-20,9.324529980732443,1.271516827785505,71.8,31.2,14.9,21.4,3.7652238465809
2022-09-21,6.737191252627901,1.121926612751916,78.5,25.0,19.8,21.4,2.4169683950899565
2022-09-22,8.463636394452736,1.1967217202687106,82.7,26.3,18.9,21.4,2.8588199795826523
2022-09-23,7.3983898132207635,2.019467902953449,74.8,24.4,19.0,20.2,3.1141539492978647
2022-09-24,11.91925151650424,0.897541290201533,65.1,24.6,14.2,19.2,3.7690833069276573
2022-09-25,10.552137768661442,0.9723363977183274,69.0,26.0,15.4,20.4,3.490916228124281
2022-09-26,6.706303278143918,1.271516827785505,76.3,26.2,16.0,20.7,2.4862777459644194
2022-09-27,8.556036873580751,1.5706972578526825,75.2,30.2,19.1,22.9,3.55721268914674
2022-09-28,2.9300734663687735,0.4487706451007665,90.2,21.4,19.3,20.0,0.8982542217895918
2022-09-29,5.290958818307754,1.5706972578526825,89.0,20.4,17.9,18.8,1.6226351106785497
2022-09-30,4.625528335222079,0.6731559676511497,85.9,20.8,17.2,18.8,1.4042547838266382
2022-10-01,9.116293941395263,1.1967217202687106,76.8,25.6,17.9,21.0,3.0980429596691903
2022-10-02,6.287409865937221,1.0471315052351216,81.7,24.3,19.3,21.0,2.1583946383476027
2022-10-03,4.441002308946667,0.5983608601343553,87.3,23.2,19.0,20.1,1.4337155775270773
2022-10-04,5.141039205474567,0.7479510751679441,85.8,23.1,18.8,20.3,1.6501072818610139
2022-10-05,5.007361097529562,0.897541290201533,86.2,23.8,19.7,21.2,1.6542606401341655
2022-10-06,12.73324348475975,1.7202874728862712,71.5,30.3,19.7,24.4,4.728042672490718
2022-10-07,3.938166419061275,1.1967217202687106,71.5,27.8,22.0,25.4,1.838577821341141
2022-10-08,6.322182576792445,0.6731559676511497,75.6,26.4,21.5,23.1,2.222738830369176
2022-10-09,10.629073280162004,1.3463119353022994,77.9,32.1,18.9,23.3,4.0952157867213375
2022-10-10,9.296505555463257,0.8227461826847385,80.0,28.1,20.0,22.7,3.1331252681856374
2022-10-11,12.341810682297396,1.1967217202687106,73.7,33.7,21.6,25.4,4.7623504551007025
2022-10-12,8.588553628610915,1.271516827785505,82.9,27.4,20.0,22.7,2.958763753090493
2022-10-13,14.407127050061497,1.3463119353022994,73.5,34.1,18.7,24.6,5.3706065368729865
2022-10-14,12.185499972665772,1.4959021503358882,77.5,29.2,22.2,24.1,4.365602815260657
2022-10-15,13.325358604006823,1.5706972578526825,73.2,30.7,21.3,24.4,4.924992903035448
2022-10-16,10.761762374164038,0.897541290201533,68.6,29.4,17.6,23.1,3.745730098525538
2022-10-17,13.755281459912524,1.9446727954366547,71.6,31.9,18.5,23.4,5.387705854515615
2022-10-18,10.434997435621625,1.271516827785505,76.5,30.3,21.9,24.1,3.9203943258279113
2022-10-19,4.265274685397857,0.6731559676511497,83.8,26.1,21.5,23.2,1.5070458318850963
2022-10-20,15.088446743798897,2.1690581179870376,68.3,33.5,20.9,25.2,6.219625584964282
2022-10-21,5.892062013548455,1.4211070428190937,68.5,29.9,20.1,25.4,2.6886441649644706
2022-10-22,13.679274115694955,2.393443440537421,69.0,30.8,22.3,25.2,5.545277991250569
2022-10-23,10.530580817797446,0.9723363977183274,75.5,29.1,19.0,22.9,3.641108128716977
2022-10-24,9.549431995226174,1.0471315052351216,76.6,29.0,20.2,23.2,3.414667160591816
2022-10-25,8.87022680612498,1.1967217202687106,82.0,26.3,20.8,22.3,3.021679857758136
2022-10-26,13.572195887095273,1.121926612751916,71.5,30.9,17.7,23.6,4.692118307515276
2022-10-27,15.735807652262377,2.019467902953449,57.6,36.1,19.2,27.9,6.784035624485229
2022-10-28,10.424254125546073,1.271516827785505,72.4,33.3,22.0,25.9,4.204808443962225
2022-10-29,15.897498768963494,1.5706972578526825,68.0,34.5,20.9,26.4,6.07875655936263
2022-10-30,9.706657105219731,1.795082580403066,57.0,35.0,23.3,28.4,4.912539659574951
2022-10-31,12.861631445783514,1.8698776879198602,64.6,31.3,27.0,27.4,5.499516235127376
2022-11-01,5.501162847773137,1.3463119353022994,88.3,25.2,21.5,21.7,2.0314451849540798
2022-11-02,4.22345694183591,1.4211070428190937,89.7,20.1,17.7,18.0,1.4145167983075504
2022-11-03,7.9789065110003,1.271516827785505,84.8,21.3,16.1,17.5,2.468483575691804
2022-11-04,9.464713368204807,1.121926612751916,81.0,23.4,15.2,17.9,2.9805388350421285
2022-11-05,14.761080322966937,1.271516827785505,70.9,25.3,15.0,19.7,4.580086213471978
2022-11-06,14.278899981083576,1.3463119353022994,69.0,25.4,15.7,20.7,4.497664832385942
2022-11-07,4.702610536531929,0.6731559676511497,85.4,21.5,16.7,18.3,1.4769977828380183
2022-11-08,4.679301496180373,0.7479510751679441,87.1,22.3,17.4,18.7,1.5171032740104462
2022-11-09,11.049466756980445,1.271516827785505,81.1,30.1,18.0,21.8,3.957432408133744
2022-11-10,14.112311265093675,1.645492365369477,77.3,30.9,19.6,23.4,5.061752544419713
2022-11-11,13.156493208467316,1.121926612751916,81.6,29.6,20.2,23.8,4.315035290573877
2022-11-12,13.148162492123696,1.645492365369477,77.9,31.3,20.7,24.1,4.840238555395809
2022-11-13,15.154015381543061,1.1967217202687106,76.3,30.0,20.5,24.6,4.990481359554818
2022-11-14,9.537230368304195,1.3463119353022994,72.3,32.9,21.7,26.0,3.9136816691193537
2022-11-15,10.41670165515581,1.795082580403066,68.8,34.2,22.6,26.1,4.793499312122176
2022-11-16,8.361687890503227,1.0471315052351216,78.5,27.0,21.0,23.3,2.90480503834393
2022-11-17,15.036455039642746,1.1967217202687106,71.2,27.6,16.9,22.4,4.772883495233258
2022-11-18,16.829680667930713,1.1967217202687106,69.8,27.1,15.3,21.5,5.184521853631758
2022-11-19,12.653112217027598,0.8227461826847385,67.1,28.0,15.1,21.7,4.093159786261902
2022-11-20,16.51258180540582,1.271516827785505,68.2,31.4,16.9,23.4,5.677739697408648
2022-11-21,16.306242295197723,1.3463119353022994,66.9,33.9,19.6,25.5,6.013870538577366
2022-11-22,16.575804099167243,1.795082580403066,63.0,33.8,20.6,26.9,6.442453490662797
2022-11-23,11.919152275741283,1.7202874728862712,63.1,31.5,23.1,27.1,4.882777241373482
2022-11-24,6.165351485499199,1.1967217202687106,83.0,26.4,20.0,22.7,2.194493833331892
2022-11-25,13.300723510048124,1.271516827785505,81.0,27.7,20.3,23.1,4.278899685930296
2022-11-26,11.470699899176903,1.0471315052351216,77.2,28.3,19.2,23.1,3.8000878015784845
2022-11-27,13.88248343511,1.0471315052351216,79.8,28.7,19.1,23.3,4.399147040318036
2022-11-28,10.496709836415576,0.7479510751679441,80.9,30.7,22.0,24.5,3.5899781343810253
2022-11-29,11.622553526866515,0.897541290201533,78.4,31.2,20.3,24.3,3.9976269424850477
2022-11-30,12.82181522411624,1.1967217202687106,79.7,33.0,20.8,24.4,4.683272935658668
2022-12-01,13.609361534785425,1.4211070428190937,72.7,34.2,20.7,26.1,5.182319320360614
2022-12-02,15.175713379766393,1.8698776879198602,70.1,34.5,22.8,27.5,5.99184099087857
2022-12-03,11.50770082296333,2.243853225503832,62.4,31.5,25.0,27.7,5.1763101579004775
2022-12-04,13.168185618219914,1.9446727954366547,62.5,32.8,23.8,27.5,5.556271859980941
2022-12-05,10.632441536927079,2.243853225503832,63.0,32.8,25.2,27.1,5.263181873143181
2022-12-06,5.15304497772874,1.1967217202687106,74.8,26.1,23.6,24.7,2.1194313914916316
2022-12-07,8.852911991471782,1.1967217202687106,77.7,30.0,22.7,25.0,3.312571577657516
2022-12-08,15.207073441866235,0.897541290201533,76.5,28.4,22.4,24.5,4.89112939367631
2022-12-09,18.308256913704156,1.271516827785505,70.0,31.2,19.6,24.9,6.1267624140609644
2022-12-10,17.75619149932221,1.4959021503358882,76.1,31.3,19.0,24.3,5.889153924770412
2022-12-11,17.668408471522163,1.645492365369477,70.5,31.5,23.0,26.8,6.126277450004447
2022-12-12,11.383379531874686,1.121926612751916,69.5,35.8,23.1,27.8,4.573889199867034
2022-12-13,7.6309374551504146,1.7202874728862712,75.3,31.6,24.5,25.6,3.599342094231697
2022-12-14,18.098267533765146,1.271516827785505,66.8,28.0,18.5,22.8,5.903273319970425
2022-12-15,17.34342351762912,0.897541290201533,67.3,30.6,17.0,23.3,5.65642182821834
2022-12-16,16.081854440858393,1.645492365369477,70.6,33.9,19.1,24.7,6.107436507907573
2022-12-17,5.932101215842227,0.8227461826847385,82.5,25.4,21.5,23.1,1.9949027749597512
2022-12-18,8.1575117778635,0.6731559676511497,84.3,26.4,21.1,23.1,2.5891627537172757
2022-12-19,5.322203070984874,0.4487706451007665,82.3,26.5,21.7,22.7,1.7891171483075792
2022-12-20,5.1119532994690715,0.9723363977183274,87.8,22.5,19.4,20.8,1.590033694163255
2022-12-21,7.976351991726224,1.645492365369477,90.4,24.1,20.4,21.6,2.4551614934932666
2022-12-22,7.526019172657101,0.897541290201533,82.6,25.6,20.5,22.1,2.5087310281719457
2022-12-23,11.574334634370194,0.7479510751679441,77.8,28.1,17.8,22.3,3.6705738076480454
2022-12-24,12.07486200898147,1.0471315052351216,72.1,29.8,19.7,24.1,4.174178387074269
2022-12-25,15.990905841774309,1.3463119353022994,72.8,32.8,19.4,25.1,5.622559020298132
2022-12-26,6.983997681953689,1.5706972578526825,70.1,29.3,22.8,26.0,3.0201919665176926
2022-12-27,13.095406158835246,1.795082580403066,68.2,33.7,23.8,26.5,5.512409764288955
2022-12-28,8.291483419368937,1.4959021503358882,69.3,31.8,22.4,26.5,3.590507002000352
2022-12-29,5.8455694841245105,1.1967217202687106,70.6,28.1,24.1,25.9,2.4932922376953788
2022-12-30,3.8853074605268603,0.5235657526175608,90.0,25.1,22.8,22.6,1.3094409061908776
2022-12-31,15.82200353820619,1.645492365369477,74.8,33.2,20.4,24.7,5.841687611423053
2023-01-01,16.084407859384775,1.1967217202687106,77.9,31.6,20.3,24.9,5.357033848595728
2023-01-02,16.291705495316666,1.645492365369477,66.1,33.7,20.5,26.0,6.188768820510633
2023-01-03,15.49235275516,2.3186483330206267,56.3,35.6,24.5,28.5,7.139675908132343
2023-01-04,8.761463487407498,1.645492365369477,68.6,32.7,25.0,27.0,4.061155068732564
2023-01-05,5.484772425562561,1.271516827785505,87.3,24.5,21.9,22.8,1.8458961707227968
2023-01-06,4.698043309340388,1.4959021503358882,90.3,22.2,21.0,20.7,1.606325201109162
2023-01-07,5.723040476253477,0.7479510751679441,89.5,21.5,18.0,19.4,1.674167263973446
2023-01-08,7.335365434624468,0.8227461826847385,85.3,25.6,18.9,21.3,2.360029215241447
2023-01-09,5.056461397850313,0.5235657526175608,88.9,25.4,20.6,21.9,1.6213247278556437
2023-01-10,10.787196443142477,0.5983608601343553,84.6,29.4,21.3,24.0,3.4601443637432716
2023-01-11,11.020199574606357,1.271516827785505,80.1,31.6,22.7,25.4,4.050874887868578
2023-01-12,12.609759076952233,1.271516827785505,70.5,34.9,21.8,27.0,4.8976663456049705
2023-01-13,13.722248035474548,1.4211070428190937,70.8,36.8,22.7,27.2,5.63659066530142
2023-01-14,14.848020473423466,1.3463119353022994,68.7,35.3,23.0,28.7,5.61016443721267
2023-01-15,18.549731857348874,1.4211070428190937,70.3,38.3,24.0,29.6,7.091660694720192
2023-01-16,17.90259502811176,1.1967217202687106,73.1,35.6,23.8,28.4,6.387166357866793
2023-01-17,15.630175425525998,0.9723363977183274,75.6,34.2,23.8,27.6,5.4737900848903065
2023-01-18,17.170626246593457,1.1967217202687106,74.0,33.5,22.6,27.0,5.956076770942632
2023-01-19,14.82254274729026,1.3463119353022994,72.1,34.4,23.0,27.2,5.560777276392718
2023-01-20,6.954932937286103,1.271516827785505,77.5,28.7,21.4,25.1,2.6052341486332056
2023-01-21,9.227089113346524,1.121926612751916,76.5,29.6,22.1,24.8,3.3596110799644667
2023-01-22,17.138628376000373,1.4959021503358882,69.2,34.2,21.8,26.8,6.323877858033252
2023-01-23,13.924695694468053,1.5706972578526825,71.3,35.3,22.5,26.9,5.590018985908357
2023-01-24,9.031365094706688,0.8227461826847385,80.3,31.6,23.1,25.6,3.2490311281170126
2023-01-25,16.289922498701355,0.9723363977183274,76.9,31.0,20.9,25.6,5.272600617563897
2023-01-26,16.366979645435933,0.9723363977183274,73.8,31.9,19.0,24.8,5.409631062875602
2023-01-27,15.24234654638392,0.9723363977183274,73.2,34.4,23.1,26.7,5.470279483826404
2023-01-28,11.657285125919358,0.9723363977183274,79.5,35.1,22.4,26.0,4.381180936733396
2023-01-29,13.880789202756867,1.4211070428190937,77.6,35.7,22.0,25.9,5.442159199516797
2023-01-30,11.995598022138875,1.7202874728862712,72.1,36.2,22.0,26.4,5.299988760002942
2023-01-31,14.660729920320135,1.7202874728862712,66.5,35.6,22.2,27.7,5.9802555002245565
2023-02-01,12.606505415844657,1.271516827785505,67.7,35.7,24.3,27.7,5.157339464137097
2023-02-02,12.764197387750576,1.4959021503358882,72.2,36.1,22.3,27.0,5.267862718533932
2023-02-03,10.73688978607122,1.0471315052351216,67.3,34.7,23.0,27.8,4.256906488158019
2023-02-04,14.726061655108124,1.4211070428190937,63.2,38.7,24.4,29.7,6.263575512958796
2023-02-05,13.271100673869917,0.8227461826847385,76.0,36.4,23.8,27.0,4.949452508382814
2023-02-06,12.286671599269484,1.271516827785505,75.0,33.9,22.7,26.6,4.66959357873558
2023-02-07,10.760567487961948,0.8227461826847385,79.0,32.8,22.2,26.0,3.8120137624283323
2023-02-08,7.784236619594345,0.6731559676511497,84.4,29.3,22.4,24.3,2.649858451919437
2023-02-09,16.87476308229858,1.271516827785505,77.0,32.3,21.6,25.8,5.713610551606664
2023-02-10,14.048600822998113,1.121926612751916,77.1,34.2,21.3,25.8,5.074381335991833
2023-02-11,11.714721195808476,1.271516827785505,76.6,32.9,22.6,25.5,4.467069189464935
2023-02-12,8.852588086727451,1.0471315052351216,83.5,32.3,21.1,24.7,3.290154666433657
2023-02-13,13.967935202935701,0.897541290201533,78.5,34.7,22.3,26.3,4.966416383969959
2023-02-14,13.972223586368376,1.1967217202687106,75.2,35.0,22.9,26.9,5.220451173325618
2023-02-15,14.065580213271877,1.795082580403066,65.2,36.8,25.0,28.4,6.237929251262215
2023-02-16,9.036274087651977,1.271516827785505,72.6,33.4,22.4,27.4,3.6141065955488356
2023-02-17,14.705247037098129,1.795082580403066,66.4,37.4,23.8,28.5,6.375825139442867
2023-02-18,14.387750879380143,1.7202874728862712,68.9,32.3,23.2,27.6,5.335912296203699
2023-02-19,11.491459382573733,0.9723363977183274,81.4,30.5,23.6,26.0,3.897594172748319
2023-02-20,15.237922736707088,1.121926612751916,72.9,34.2,22.3,26.9,5.483822753481791
2023-02-21,15.882759821940109,1.4959021503358882,70.0,35.3,22.5,27.4,6.107767761766785
2023-02-22,14.348369108957835,1.3463119353022994,75.8,32.7,21.1,25.7,5.1057210997839695
2023-02-23,14.4741179440638,0.897541290201533,78.1,33.3,22.9,26.3,5.003711615774022
2023-02-24,15.614200470500569,1.1967217202687106,70.4,34.3,23.2,27.8,5.689906089290824
2023-02-25,15.663558245700884,1.7202874728862712,63.6,35.6,24.5,29.4,6.334941508419418
2023-02-26,15.618980794368136,1.645492365369477,63.7,37.5,24.7,29.7,6.5160744026365025
2023-02-27,14.592568685273372,1.3463119353022994,71.8,31.3,22.7,27.1,5.04166101709476
2023-02-28,14.740954637826611,1.0471315052351216,75.9,33.7,23.9,27.3,5.214447377119774
2023-03-01,15.388725926269803,1.4211070428190937,76.3,33.0,20.9,25.6,5.452714330226602
2023-03-02,14.504406102656443,1.3463119353022994,72.5,35.2,22.5,27.0,5.538415646077158
2023-03-03,14.371268919406898,1.1967217202687106,73.3,36.2,22.7,27.4,5.481257394053215
2023-03-04,14.534773951387315,1.645492365369477,69.7,36.0,23.6,28.1,5.888394838615185
2023-03-05,9.971678687150636,1.121926612751916,68.4,33.3,25.0,27.9,4.028577829585988
2023-03-06,7.56813461724646,1.4211070428190937,71.0,31.1,23.6,26.0,3.3372169354533185
2023-03-07,11.312353109082796,1.795082580403066,65.3,35.3,22.2,27.4,5.132364657451455
2023-03-08,11.145240624894043,1.4959021503358882,63.8,34.5,23.0,27.5,4.812525085541774
2023-03-09,13.771761212305918,1.5706972578526825,63.3,36.4,23.7,28.4,5.890414815947984
2023-03-10,13.102041366727022,1.271516827785505,70.6,35.6,23.8,27.3,5.245773747206102
2023-03-11,8.122945248226541,1.121926612751916,78.4,31.2,23.2,25.6,3.1537111215725098
2023-03-12,9.615869285946069,0.7479510751679441,82.6,32.4,21.2,24.5,3.4041578863448345
2023-03-13,11.67480360274705,0.8227461826847385,76.9,32.5,22.4,26.0,4.106518495228998
2023-03-14,13.39229951329655,0.8227461826847385,73.7,32.9,21.9,26.2,4.655560585693216
2023-03-15,12.841640456519048,0.6731559676511497,75.8,31.8,21.1,25.6,4.286129052717287
2023-03-16,14.0615040216776,0.8227461826847385,72.8,32.3,20.8,25.7,4.7874218675679305
2023-03-17,13.977752306385618,1.0471315052351216,73.6,32.0,19.6,25.0,4.829816213772739
2023-03-18,13.706758490250467,0.7479510751679441,75.2,32.2,21.7,25.9,4.63338288124399
2023-03-19,13.444779578912463,0.897541290201533,72.0,33.8,22.4,27.1,4.793944882324277
2023-03-20,13.094568356699945,1.121926612751916,70.4,35.4,22.3,27.3,5.034551000058041
2023-03-21,13.475143235000964,1.4959021503358882,69.0,32.2,23.2,26.8,5.098147057173989
2023-03-22,13.567214850458306,0.9723363977183274,76.0,32.0,21.9,25.8,4.687910331187678
2023-03-23,12.507225688220338,1.0471315052351216,74.2,33.1,20.5,25.8,4.502608696806313
2023-03-24,13.525085255491067,1.121926612751916,71.4,35.2,22.5,26.9,5.15971470905072
2023-03-25,12.077052753456535,0.8227461826847385,78.4,30.9,22.2,25.7,4.045434353939875
2023-03-26,12.877139540973666,1.4211070428190937,64.7,37.6,22.3,28.6,5.5395189582140105
2023-03-27,4.867087453832683,1.121926612751916,79.1,28.3,24.0,25.3,2.0272747628175636
2023-03-28,6.784084700399064,0.37397553758397206,79.9,28.7,21.4,24.2,2.2194815730107322
2023-03-29,10.855647500345505,0.9723363977183274,73.5,32.2,21.7,26.2,3.9499338601319174
2023-03-30,11.372798789911245,1.1967217202687106,74.4,35.7,23.0,27.0,4.589170524652196
2023-03-31,12.123308281315667,1.7202874728862712,72.7,32.7,21.9,25.5,4.884031730653513
2023-04-01,12.443538358437479,1.3463119353022994,75.0,32.5,21.4,25.4,4.63971787347493
2023-04-02,7.733115793415469,0.5983608601343553,77.5,27.2,20.1,23.8,2.5074822912452284
2023-04-03,9.347932087757048,0.5235657526175608,75.1,29.1,19.4,23.4,3.085792837096819
2023-04-04,12.236666037008838,0.9723363977183274,73.9,31.1,19.0,24.1,4.260695209039161
2023-04-05,12.052495090552586,1.121926612751916,75.8,31.5,19.3,24.5,4.234657746252362
2023-04-06,10.021709523240201,0.7479510751679441,78.0,29.7,21.2,24.8,3.356866465768635
2023-04-07,4.97809751316421,0.37397553758397206,84.0,27.2,22.0,24.2,1.6184110349817487
2023-04-08,4.940375414474192,0.897541290201533,90.5,24.5,22.1,23.2,1.5502929085524009
2023-04-09,4.205215736222157,0.5983608601343553,88.7,25.1,21.8,22.5,1.4052310148025826
2023-04-10,9.84267200896271,0.5983608601343553,78.4,27.9,19.3,22.5,3.1756034893710936
2023-04-11,11.170170655355754,1.121926612751916,74.1,30.2,17.8,22.9,3.991625086768817
2023-04-12,9.376066773184338,1.1967217202687106,77.4,30.6,18.3,23.6,3.4436825203795784
2023-04-13,11.003479850199774,1.271516827785505,69.3,33.6,21.4,26.3,4.364854133056593
2023-04-14,8.600682114140126,1.1967217202687106,76.0,32.3,22.4,25.5,3.473280212373983
2023-04-15,7.8546786396845265,1.271516827785505,83.5,29.7,21.5,23.9,2.9376507113885375
2023-04-16,9.794982017492789,0.5235657526175608,80.3,29.4,21.1,24.2,3.1819761087336955
2023-04-17,10.826161304932825,1.5706972578526825,69.8,32.0,20.5,26.0,4.294060838146774
2023-04-18,4.884970602398695,1.121926612751916,73.9,29.0,24.6,26.3,2.1545315892336854
2023-04-19,3.707238899520791,0.6731559676511497,86.3,25.8,23.4,24.0,1.3196511574375909
2023-04-20,10.05794373115661,1.0471315052351216,73.1,27.6,19.8,23.0,3.515093625222695
2023-04-21,9.658661609441982,0.7479510751679441,73.6,27.3,15.4,21.0,3.1444488504330548
2023-04-22,9.464409789140603,0.8227461826847385,75.1,29.1,17.1,22.2,3.2492400984853917
2023-04-23,9.131531919751355,0.7479510751679441,73.7,29.0,18.1,22.8,3.142393929556906
2023-04-24,9.515278126592623,0.9723363977183274,73.5,28.2,16.0,21.5,3.2971046492351763
2023-04-25,9.410375151294334,1.0471315052351216,73.9,30.1,17.9,23.0,3.4499065205580637
2023-04-26,9.070591470486976,1.4959021503358882,75.9,31.2,18.7,24.0,3.6142059697711355
2023-04-27,9.618076003590895,1.121926612751916,74.7,31.0,21.0,24.6,3.648660345714171
2023-04-28,3.1689742803577126,0.29918043006717765,87.5,23.1,20.7,21.7,0.9809156438292556
2023-04-29,5.86691454396992,0.4487706451007665,82.5,26.3,20.3,22.5,1.9008147325056821
2023-04-30,8.114940517868217,0.7479510751679441,79.6,29.5,20.0,24.0,2.7891291640178504
2023-05-01,9.50957227728756,1.271516827785505,69.9,30.9,19.4,24.2,3.731547015562155
2023-05-02,9.415552483421067,0.9723363977183274,77.1,30.1,19.2,23.6,3.3459798564878156
2023-05-03,9.383182095320386,0.897541290201533,77.0,30.8,19.2,23.8,3.344513045957897
2023-05-04,9.409413939114991,0.8227461826847385,76.0,32.1,19.5,24.7,3.404019318472793
2023-05-05,8.738714653543628,0.8227461826847385,82.1,30.2,19.5,23.8,2.9834902409847763
2023-05-06,7.6612529998192525,0.5235657526175608,78.0,30.5,21.4,24.5,2.656068578488533
2023-05-07,7.7220026852040125,0.8227461826847385,75.2,30.4,19.9,24.0,2.8723177446545862
2023-05-08,8.82963180020882,1.121926612751916,73.1,31.9,18.4,24.2,3.470950609133232
2023-05-09,7.405290259354459,1.271516827785505,75.1,31.0,19.8,24.4,3.0389825234831833
2023-05-10,3.9188852824890605,0.5235657526175608,89.2,26.0,21.4,22.4,1.3307839319221015
2023-05-11,3.7453365353623953,0.5235657526175608,89.3,23.1,19.6,20.9,1.1702769107538804
2023-05-12,7.2908749195379094,0.6731559676511497,79.9,24.6,18.0,20.8,2.322307687065122
2023-05-13,6.49924534089612,0.6731559676511497,79.1,24.1,17.2,19.9,2.106276988614208
2023-05-14,7.832754375683295,0.897541290201533,76.6,27.5,15.5,20.6,2.735681795454578
2023-05-15,7.774465936227996,0.9723363977183274,78.7,26.2,16.9,20.6,2.659227727554326
2023-05-16,7.953930564133645,1.271516827785505,72.8,27.8,15.0,19.8,3.1690329399084103
2023-05-17,6.880550322677167,1.271516827785505,73.9,26.0,16.0,19.9,2.685710028217615
2023-05-18,5.144628566148728,0.7479510751679441,80.9,23.8,16.0,19.0,1.7528967947828755
2023-05-19,6.415303811296037,0.8227461826847385,73.8,25.6,15.3,19.8,2.2790835770945956
2023-05-20,7.419014490741788,1.1967217202687106,72.0,27.0,13.5,18.9,2.9338628147604955
2023-05-21,7.4677707827961886,1.3463119353022994,71.7,28.8,12.8,20.0,3.1065819431064554
2023-05-22,6.65749975102095,1.271516827785505,75.1,28.3,15.0,20.9,2.706457878876248
2023-05-23,7.206777890047434,1.121926612751916,70.2,30.0,15.1,21.9,2.9465954997174273
2023-05-24,6.180429090498239,0.897541290201533,77.6,28.2,18.1,22.1,2.322680881776719
2023-05-25,7.161126981094865,1.1967217202687106,73.5,29.1,16.3,21.8,2.8836265936221515
2023-05-26,6.5128468000346045,1.4959021503358882,75.5,28.8,16.4,21.7,2.806925303846282
2023-05-27,7.100276258701819,1.795082580403066,67.6,31.3,17.5,23.0,3.6584930953383012
2023-05-28,7.068329768670411,1.3463119353022994,67.3,28.9,17.6,23.1,2.9900945407327475
2023-05-29,3.420324153991887,0.897541290201533,86.8,22.3,19.3,20.4,1.1940445390613
2023-05-30,5.527213557426483,0.6731559676511497,78.1,24.8,18.1,20.6,1.903535419954061
2023-05-31,2.598434333128124,0.6731559676511497,89.7,20.7,18.5,19.2,0.8550002042705541
2023-06-01,7.266898509818076,0.9723363977183274,78.4,26.2,17.9,21.1,2.544950617945722
2023-06-02,6.491341445309352,0.7479510751679441,78.8,25.8,17.9,21.1,2.212791520280443
2023-06-03,7.019352842308966,0.897541290201533,77.1,27.4,15.6,20.2,2.553276646692783
2023-06-04,6.992255442436125,1.1967217202687106,75.1,28.6,13.6,20.2,2.7987736209829723
2023-06-05,6.8017661290825915,1.121926612751916,75.4,28.7,15.1,20.4,2.7361939142222136
2023-06-06,6.816081431475133,0.7479510751679441,77.6,27.2,16.9,20.5,2.426422675614285
2023-06-07,6.6697078427350185,1.271516827785505,73.2,27.7,14.8,19.8,2.823300084145579
2023-06-08,6.486865388043342,1.3463119353022994,67.2,28.6,15.3,20.8,3.0087661111916635
2023-06-09,6.28895994437604,1.1967217202687106,69.8,29.6,13.6,20.1,2.8745311564308405
2023-06-10,6.419292296942451,1.4211070428190937,63.6,31.2,14.8,22.2,3.2595661781649494
2023-06-11,6.3642877508856035,1.3463119353022994,63.0,31.8,16.4,23.0,3.268743321760603
2023-06-12,6.715819229769915,0.9723363977183274,75.2,28.3,16.7,22.2,2.471224489819216
2023-06-13,5.523067715375298,0.37397553758397206,79.8,27.4,18.3,22.6,1.7806287277274107
2023-06-14,4.422480082538652,0.7479510751679441,80.1,26.4,20.6,22.8,1.6511685182177445
2023-06-15,5.53471306858434,0.8227461826847385,80.7,28.5,19.7,22.6,2.1009940054983165
2023-06-16,4.900971194279707,0.9723363977183274,77.7,29.0,20.4,22.9,2.1188746173693724
2023-06-17,3.8948250544417284,0.8227461826847385,75.3,23.1,19.9,20.9,1.5449094901364269
2023-06-18,4.963935018767923,0.6731559676511497,77.6,23.6,17.1,19.6,1.7099544187973337
2023-06-19,5.945314680110611,0.8227461826847385,76.3,24.6,15.3,19.1,2.084246101548809
2023-06-20,6.0949686385406885,0.9723363977183274,74.1,25.9,12.6,18.1,2.3426312369863727
2023-06-21,6.162682962460335,1.4211070428190937,68.3,27.7,13.0,19.1,2.893548101117118
2023-06-22,6.0766085139758,1.7202874728862712,63.7,28.0,12.9,20.4,3.103728233578486
2023-06-23,5.252474933674485,2.3186483330206267,47.5,28.0,16.2,23.1,3.7516166395640576
2023-06-24,5.2317195538285315,1.9446727954366547,51.2,29.8,20.0,23.2,3.7583028261481077
2023-06-25,5.489768393815121,1.4211070428190937,58.4,30.0,16.8,22.6,3.057182637326953
2023-06-26,6.242047290575686,1.5706972578526825,60.6,31.2,16.4,22.8,3.4665587922452095
2023-06-27,6.256748078532672,1.271516827785505,61.4,31.7,15.2,23.0,3.14086014714734
2023-06-28,6.327766135224958,1.1967217202687106,63.7,31.3,16.4,22.7,3.09698323034803
2023-06-29,6.509843004997236,0.9723363977183274,75.5,27.3,14.2,20.0,2.4147423062124664
2023-06-30,4.0904724238376335,0.6731559676511497,78.2,25.3,17.0,20.9,1.4773483591770102
2023-07-01,6.265311683264235,1.271516827785505,76.7,28.1,14.7,20.1,2.6150471328776095
2023-07-02,6.1362725531999,1.121926612751916,77.8,25.5,16.6,20.3,2.280902295549906
2023-07-03,5.1860290553377215,0.6731559676511497,77.2,23.4,15.1,18.3,1.7798240460648083
2023-07-04,6.298188840593197,1.121926612751916,74.6,24.0,10.1,16.3,2.310023614243072
2023-07-05,6.423460886874261,1.8698776879198602,66.9,24.9,11.4,18.1,2.9195403315655524
2023-07-06,6.130069321847091,1.7202874728862712,56.5,27.3,12.9,20.0,3.282034516614027
2023-07-07,5.780761585189032,1.5706972578526825,50.4,29.4,17.0,21.2,3.5906989379164735
2023-07-08,5.776988375177469,1.3463119353022994,51.3,31.7,12.2,21.8,3.4231171155392865
2023-07-09,3.356639827667639,0.7479510751679441,73.0,25.8,20.4,21.8,1.5121755245374178
2023-07-10,5.262699490627932,1.121926612751916,75.3,28.0,18.2,22.0,2.2578350479211173
2023-07-11,6.201973036997993,1.271516827785505,68.4,31.7,18.9,23.9,3.0084618759288886
2023-07-12,6.796620305093611,0.8227461826847385,76.8,31.7,19.5,23.5,2.70372621393083
2023-07-13,5.89519756715029,1.8698776879198602,47.6,36.9,20.1,27.3,4.742916791290266
2023-07-14,5.284651949406996,1.3463119353022994,70.3,23.8,17.9,19.7,2.333047517213618
2023-07-15,6.142976025292417,1.0471315052351216,73.7,24.2,11.5,17.1,2.2732948338978773
2023-07-16,6.703550033566659,1.4959021503358882,69.0,28.9,12.6,19.9,3.0559938316800244
2023-07-17,4.855382865026712,0.7479510751679441,80.7,25.2,15.8,20.0,1.6769542521484457
2023-07-18,3.2600272979573095,0.7479510751679441,83.2,23.5,18.9,20.7,1.1918118216347975
2023-07-19,4.186312808754413,0.6731559676511497,83.7,24.4,17.5,20.3,1.4340976456188086
2023-07-20,3.8394672266695338,0.8227461826847385,82.4,21.3,16.4,18.5,1.3050899697978082
2023-07-21,5.857049078571382,1.0471315052351216,72.7,26.0,17.0,20.3,2.3493576084299974
2023-07-22,7.037520691071075,1.271516827785505,71.8,27.2,13.6,19.6,2.8396538557508877
2023-07-23,7.568514124469733,1.4211070428190937,72.8,29.9,14.2,20.7,3.275296049633392
2023-07-24,7.566350905459153,1.1967217202687106,66.0,31.6,16.7,23.2,3.3359480489503883
2023-07-25,7.655194072791024,1.271516827785505,67.0,31.3,18.1,23.2,3.477718405057225
2023-07-26,6.52931001631432,2.243853225503832,61.0,29.3,16.6,23.7,3.5656265848089896
2023-07-27,7.710246148282526,2.094263010470243,60.9,32.3,22.2,25.1,4.446576636804724
2023-07-28,7.740593328684766,1.0471315052351216,75.0,31.4,18.4,22.7,3.1504164149179315
2023-07-29,4.165436019962414,1.0471315052351216,86.7,21.4,19.1,19.5,1.4277505273641276
2023-07-30,5.841010791390405,0.5235657526175608,80.0,23.7,16.4,18.8,1.8709273869280285
2023-07-31,7.701974809157804,1.121926612751916,73.6,28.3,16.8,21.0,2.997839814238188
2023-08-01,7.788293550421421,0.8227461826847385,76.2,28.0,16.8,21.0,2.7710064675759036
2023-08-02,8.339763771917134,1.1967217202687106,75.2,30.8,14.9,20.3,3.446974219651834
2023-08-03,7.944674161402539,1.795082580403066,59.7,33.1,15.6,23.6,4.289659044718881
2023-08-04,7.176200260944146,0.6731559676511497,74.7,26.4,19.5,21.6,2.495863354210088
2023-08-05,8.293800270583535,1.4211070428190937,76.5,30.6,14.9,20.6,3.478461422787986
2023-08-06,8.483921765184064,0.897541290201533,73.9,31.6,16.1,22.3,3.256172522394866
2023-08-07,8.157195967794284,1.795082580403066,53.1,33.5,17.9,25.3,4.549914864622781
2023-08-08,2.8753613408663994,1.4211070428190937,77.2,25.3,20.4,22.1,1.5736194534719798
2023-08-09,5.485968751500425,1.4211070428190937,78.7,24.4,19.2,21.2,2.1405143333548438
2023-08-10,8.551281674351724,1.7202874728862712,66.0,30.1,17.5,23.6,3.7753418057411343
2023-08-11,8.553028263427798,2.243853225503832,53.8,33.8,20.9,26.4,5.079546004578147
2023-08-12,7.751547303011897,2.019467902953449,62.0,34.8,20.2,24.5,4.698673458639539
2023-08-13,3.9686927330710495,1.0471315052351216,80.7,23.5,16.9,20.8,1.394315867461278
2023-08-14,3.432082523633605,0.897541290201533,90.0,21.1,18.5,19.6,1.0917988339400357
2023-08-15,5.179548552009471,0.7479510751679441,81.2,26.1,19.2,21.8,1.8306665444618835
2023-08-16,7.477692001107531,1.3463119353022994,76.4,27.9,19.1,22.9,2.842462381577872
2023-08-17,9.17031035939615,2.094263010470243,65.8,29.4,17.8,23.6,4.080469629955748
2023-08-18,9.074973612577532,1.7202874728862712,51.7,33.7,22.2,26.5,4.875860342424964
2023-08-19,8.795418767612496,2.019467902953449,56.0,30.7,21.8,25.5,4.539601281371532
2023-08-20,4.00369604711945,0.7479510751679441,85.1,23.6,19.9,20.8,1.4011230874756773
2023-08-21,8.551628789356322,1.4959021503358882,64.5,32.0,19.4,24.0,4.004544591568921
2023-08-22,9.85305419668341,1.271516827785505,64.8,34.2,16.8,24.2,4.319576314322361
2023-08-23,9.06682616801162,1.645492365369477,44.1,37.8,20.0,27.8,5.450058085713088
2023-08-24,8.454998132250285,1.9446727954366547,40.3,38.3,22.5,30.2,5.7040394148676405
2023-08-25,7.718175687455783,1.271516827785505,73.7,28.3,21.9,24.1,3.0395198128035887
2023-08-26,3.2489777355945835,1.271516827785505,87.8,22.4,18.0,18.7,1.337385414899846
2023-08-27,3.2905872097655333,0.8227461826847385,88.7,18.0,15.6,16.6,0.9894975775013659
2023-08-28,3.5419791813523465,0.5983608601343553,88.3,19.0,15.5,16.9,1.049379752643026
2023-08-29,5.682181238878916,0.6731559676511497,81.7,23.8,16.2,19.7,1.8076876538627769
2023-08-30,8.56643837987062,1.121926612751916,80.9,28.6,18.9,21.4,3.1491743377661643
2023-08-31,9.895928888455877,1.0471315052351216,77.6,27.2,15.2,20.3,3.2842906145128516
2023-09-01,10.577021285893965,1.0471315052351216,71.1,29.2,18.8,23.0,3.7867034043511167
2023-09-02,10.651927983913659,2.4682385480542153,63.5,30.9,18.5,25.0,4.834624391822772
2023-09-03,10.383519062550796,1.7202874728862712,62.3,35.7,21.7,27.3,5.027743619206611
2023-09-04,10.648630489354556,2.3186483330206267,51.5,35.9,22.8,29.7,5.82837758269619
2023-09-05,7.273231883964634,2.8422140856381874,59.0,32.3,26.3,26.9,5.135130601642167
2023-09-06,4.902858642793399,1.0471315052351216,83.2,24.2,19.1,20.6,1.7891788896824892
2023-09-07,5.997398632185855,0.5983608601343553,80.8,24.7,18.5,20.6,1.9634041298650171
2023-09-08,11.747960161277026,1.8698776879198602,64.5,32.3,16.6,23.9,5.057899106157817
2023-09-09,10.884276520518654,1.9446727954366547,52.0,32.9,20.2,25.6,5.4107402927719495
2023-09-10,11.015537992855483,1.121926612751916,72.6,30.3,17.6,23.0,3.959431762458571
2023-09-11,12.088067433240997,0.897541290201533,70.5,33.3,18.3,24.1,4.463456371754864
2023-09-12,11.506852444819648,2.019467902953449,47.1,34.9,19.9,27.3,6.025837837832831
2023-09-13,11.77269375681274,2.094263010470243,49.2,36.0,18.9,28.2,6.07084010566275
2023-09-14,9.123635879472548,2.692623870604599,55.5,34.0,24.6,26.8,5.869938278561962
2023-09-15,4.553655493150967,0.8227461826847385,86.7,20.7,17.4,18.5,1.4275783539312334
2023-09-16,12.453746762484215,1.1967217202687106,73.0,31.1,16.0,21.9,4.500571166978288
2023-09-17,12.450106721636935,2.019467902953449,57.5,35.4,19.0,27.5,5.809277521042154
2023-09-18,12.013272241824577,1.9446727954366547,41.5,38.0,25.6,29.8,6.899384192561628
2023-09-19,12.879599382936863,2.019467902953449,57.0,34.9,19.9,26.7,5.99020443127996
2023-09-20,11.098585161921866,0.9723363977183274,78.3,29.7,18.3,23.4,3.703874587697698
2023-09-21,12.85503189705028,1.1967217202687106,67.8,33.5,18.9,25.6,4.8671529567093925
2023-09-22,12.58785883910754,1.7202874728862712,58.3,36.4,20.4,26.8,5.890556972079252
2023-09-23,12.4692459428134,1.0471315052351216,76.3,31.9,20.4,24.7,4.386553447322355
2023-09-24,13.167692268270613,1.0471315052351216,64.5,40.3,20.5,27.9,5.581750226236277
2023-09-25,9.27221453605377,1.5706972578526825,76.3,32.0,22.9,25.6,3.836040548129737
2023-09-26,12.304346719383346,1.271516827785505,74.9,35.1,22.2,26.2,4.884986944386822
2023-09-27,7.410389918339959,1.4211070428190937,69.9,37.8,23.2,27.8,4.001938929284796
2023-09-28,4.370372027815536,1.795082580403066,81.3,24.9,20.5,21.2,2.07148205151843
2023-09-29,6.553958750447916,0.9723363977183274,73.0,25.2,17.5,20.8,2.3849462625009177
2023-09-30,10.117663402286492,1.271516827785505,69.3,29.7,19.4,23.2,3.896927473077264
2023-10-01,3.353128112292103,1.5706972578526825,81.2,24.6,19.7,22.0,1.5208799840816303
2023-10-02,3.852658673403178,0.5983608601343553,86.8,22.6,19.9,21.0,1.2293166565539104
2023-10-03,6.18463994132513,0.5235657526175608,83.4,25.8,18.9,21.3,1.9892219175951946
2023-10-04,12.830881892071222,1.5706972578526825,73.0,35.4,20.0,25.7,5.217428829903961
2023-10-05,9.56711971273521,1.4211070428190937,79.3,32.2,22.7,25.3,3.8037474889822707
2023-10-06,11.651307973728839,1.4211070428190937,82.5,33.0,22.1,24.8,4.426618162179023
2023-10-07,12.334332204603104,1.8698776879198602,71.7,39.6,22.5,28.0,5.950573200573543
2023-10-08,9.933065993441096,1.1967217202687106,79.0,34.2,23.2,26.2,3.9562069427089304
2023-10-09,6.774608963018953,1.1967217202687106,84.4,29.6,22.9,24.1,2.6463843927764006
2023-10-10,6.594428959088534,1.121926612751916,81.2,26.2,21.0,22.7,2.3730924888944873
2023-10-11,14.960914850831212,1.4959021503358882,72.1,32.5,20.5,25.3,5.4751653375923794
2023-10-12,12.780027044279441,2.019467902953449,66.2,34.8,24.2,27.2,5.7759065825859945
2023-10-13,5.536716250410275,1.271516827785505,86.6,26.5,22.1,22.6,2.1225430192314274
2023-10-14,4.007593042532106,0.897541290201533,90.2,21.3,19.7,20.2,1.2409453920948155
2023-10-15,11.176589990115353,0.8227461826847385,78.6,29.2,19.1,23.0,3.6937131455576666
2023-10-16,15.36353357316625,1.121926612751916,72.3,34.6,20.2,26.1,5.535026704561223
2023-10-17,14.22815092732585,1.5706972578526825,74.0,33.2,21.1,25.7,5.338093396285338
2023-10-18,9.370473189551168,1.4211070428190937,78.4,27.0,21.8,24.0,3.25735124613443
2023-10-19,5.520413074528403,0.897541290201533,83.6,23.6,20.0,21.2,1.8524658423770786
2023-10-20,4.694859797259044,0.29918043006717765,82.6,24.3,19.4,20.8,1.4757134092357336
2023-10-21,6.209868941595193,0.29918043006717765,82.8,24.9,19.1,21.2,1.8940315782894699
2023-10-22,8.217991021379602,0.6731559676511497,78.3,28.1,18.8,22.2,2.767977255791118
2023-10-23,16.13917287247538,1.645492365369477,70.2,33.2,18.4,24.4,5.980861170362859
2023-10-24,15.518518113009863,1.4211070428190937,70.4,36.1,20.8,26.2,6.0491918368147966
2023-10-25,3.561988252005444,1.0471315052351216,85.6,24.7,22.4,23.2,1.343977824308456
2023-10-26,5.915715263041851,0.8227461826847385,84.3,25.5,19.3,22.3,1.9208103915149863
2023-10-27,5.4530529248130994,0.6731559676511497,83.7,27.0,20.5,23.0,1.8607800469748723
2023-10-28,8.62212436940717,1.4959021503358882,76.5,31.0,21.4,25.6,3.387359648269744
2023-10-29,8.81360201548682,1.5706972578526825,64.0,33.4,25.5,28.7,4.077068592061046
2023-10-30,13.84707893863086,1.4211070428190937,70.4,34.6,22.5,27.6,5.3035225747584365
2023-10-31,12.573109202133088,1.4211070428190937,73.4,34.4,24.5,27.3,4.972589836894524
2023-11-01,7.459930734662774,1.4959021503358882,81.1,27.2,21.6,24.0,2.704394710759238
2023-11-02,7.88559097421783,0.6731559676511497,79.3,26.8,20.7,22.9,2.6089344109010053
2023-11-03,15.783772531656055,1.4959021503358882,72.0,35.1,21.0,26.7,5.933104669610085
2023-11-04,9.073969851276171,1.7202874728862712,71.8,26.9,22.4,24.3,3.497089261141474
2023-11-05,13.806890061539438,1.1967217202687106,72.2,26.8,20.3,22.5,4.588429733488311
2023-11-06,12.69478301389885,0.5983608601343553,69.0,26.7,19.4,21.9,4.056939635349059
2023-11-07,14.239130841857005,0.7479510751679441,69.3,27.7,16.0,21.7,4.45121301130839
2023-11-09,14.249473903876165,1.5706972578526825,53.0,38.0,20.2,28.2,6.458319976126258
2023-11-10,14.706814989099609,1.0471315052351216,78.5,31.8,21.9,25.6,4.959952417270382
2023-11-11,16.97044607403297,1.0471315052351216,71.3,38.2,21.7,27.8,6.377268335380081
2023-11-12,16.262806005163913,1.271516827785505,66.1,40.5,23.9,29.6,6.730835467638212
2023-11-13,17.020887859866917,1.4959021503358882,72.5,35.1,24.1,28.4,6.239485292822918
2023-11-14,16.66982394395913,1.645492365369477,78.0,41.3,25.2,28.6,7.158801667045103
2023-11-15,14.222796912897637,0.9723363977183274,81.9,34.3,24.5,27.4,4.982762574287252
2023-11-16,15.346954856120501,1.1967217202687106,64.8,39.5,23.3,29.4,6.2499190179772235
2023-11-17,14.489325524955978,0.7479510751679441,70.3,39.4,24.0,30.3,5.399346583416866
2023-11-18,16.399295843813512,1.1967217202687106,66.1,42.6,25.8,32.2,6.84530238145511
2023-11-19,4.996143966216737,0.6731559676511497,85.6,29.9,26.1,26.0,1.9021568066751045
2023-11-20,3.426400676067178,0.5983608601343553,94.6,24.8,22.3,22.8,1.0916202607522894
2023-11-21,16.814612740391112,0.9723363977183274,82.2,32.5,21.2,25.3,5.517738071942136
2023-11-22,17.55669085095733,1.271516827785505,71.7,37.9,22.9,29.5,6.546709142849877
2023-11-23,11.7320031438217,1.121926612751916,80.3,33.8,24.4,27.3,4.305391623664682
2023-11-24,5.6965011058366795,0.9723363977183274,90.3,25.0,23.4,23.7,1.8334984779812147
2023-11-25,9.891882373820504,0.8227461826847385,80.0,27.3,20.2,22.0,3.311824607863481
2023-11-26,11.143375557239182,0.8227461826847385,75.2,27.4,18.7,22.4,3.606288171269974
2023-11-27,12.76821767553702,1.1967217202687106,72.9,31.7,21.3,25.2,4.619532526329677
2023-11-28,15.614354686980313,1.271516827785505,76.9,34.3,22.0,26.9,5.56635228105959
2023-11-29,7.140259268377239,1.0471315052351216,80.1,30.0,22.7,26.3,2.579841896230767
2023-11-30,17.05019861153194,1.3463119353022994,65.3,34.0,25.7,28.6,6.369914192468231
2023-12-01,15.804047832930687,1.0471315052351216,76.2,31.8,22.6,26.8,5.258397226265114
2023-12-02,16.658679670897545,1.121926612751916,78.7,32.4,22.6,26.8,5.52463763074812
2023-12-03,17.832340912763268,1.121926612751916,80.0,34.6,22.3,27.0,6.063727997387207
2023-12-04,14.076546395651354,0.897541290201533,79.1,32.6,25.3,27.4,4.84646136022244
2023-12-05,11.334840691003874,0.7479510751679441,81.3,31.1,24.4,26.7,3.8122662239690865
2023-12-06,18.997632451737182,1.121926612751916,72.8,36.3,23.7,28.3,6.783872608819962
2023-12-07,17.49158470145814,1.3463119353022994,60.1,38.7,24.7,31.6,6.918149749891691
2023-12-08,9.81811530745023,1.3463119353022994,78.1,32.1,25.5,27.7,3.7503606935826936
2023-12-09,6.191535860576149,1.1967217202687106,90.4,26.2,22.0,22.9,2.104789816857589
2023-12-10,7.556412485176907,0.5235657526175608,80.3,26.8,20.9,23.3,2.4370901678828227
2023-12-11,7.49999166445015,0.7479510751679441,84.8,29.3,21.1,23.7,2.5733335946602813
2023-12-12,11.081316529056046,1.0471315052351216,84.0,27.1,22.4,24.1,3.5318126156483305
2023-12-13,13.540130786774617,0.9723363977183274,74.6,30.1,19.2,24.7,4.431712067854164
2023-12-14,18.36569578397792,1.5706972578526825,72.5,36.1,20.6,27.0,6.783443334029503
2023-12-15,18.728185477814744,1.271516827785505,69.9,37.7,22.4,28.4,7.020145792589322
2023-12-16,18.629579388040018,2.1690581179870376,65.7,36.7,22.9,28.5,7.573867894616168
2023-12-17,18.474818280951,1.4959021503358882,66.7,35.8,22.4,28.0,6.950360248399822
2023-12-19,17.423987548808014,1.1967217202687106,76.5,32.6,22.4,26.3,5.9094773652492725
2023-12-20,17.571950331132122,1.0471315052351216,77.2,30.6,20.7,25.6,5.588733197644252
2023-12-21,17.902199721615812,1.4211070428190937,74.3,35.0,21.7,26.8,6.45839309468301
2023-12-23,13.325905725636131,1.271516827785505,79.1,34.9,24.8,26.6,5.1298574232670555
2023-12-24,17.452494146676493,1.121926612751916,76.9,34.7,21.8,27.4,5.964321673328519
2023-12-25,17.523332297265224,1.271516827785505,75.7,35.6,23.7,27.8,6.307555499529224
2023-12-26,11.552013817105934,1.7202874728862712,73.7,32.5,24.3,27.3,4.5739899129434916
2023-12-27,12.962809460498894,0.6731559676511497,77.3,29.2,21.0,24.2,4.188841659647694
2023-12-28,14.199428474191231,0.8227461826847385,76.8,32.6,20.5,25.3,4.795826499054975
2023-12-30,8.231704278925271,1.3463119353022994,78.9,30.4,24.9,26.4,3.204651884409926
2023-12-31,5.98903403120386,0.5235657526175608,84.0,26.2,21.4,23.2,1.9364075357844235
2024-01-03,11.115851309033518,1.1967217202687106,82.5,32.4,22.9,25.8,4.035488527311048
2024-01-04,8.518460851541116,1.121926612751916,87.4,29.4,21.4,24.0,2.9258204710439064
2024-01-05,12.67924747321701,1.0471315052351216,86.0,29.2,22.8,24.9,4.074964814442634
2024-01-06,14.25965909579098,0.8227461826847385,81.7,30.2,22.5,25.1,4.619319883741365
2024-01-07,17.428232200364253,0.9723363977183274,78.7,33.3,20.7,26.0,5.769513821002694
2024-01-08,18.157719953929725,1.4211070428190937,73.6,37.2,22.2,28.1,6.740150916771063
2024-01-09,15.90994206404108,1.0471315052351216,67.8,33.9,24.7,29.0,5.647165181456872
2024-01-10,18.346978670357302,0.8227461826847385,78.3,34.2,23.3,28.4,6.045718819871294
2024-01-11,16.25435576237989,1.4959021503358882,71.9,38.1,25.6,29.0,6.589455672668354
2024-01-12,13.30749875181243,1.3463119353022994,77.0,35.5,24.4,27.8,5.110850375247481
2024-01-13,8.158544000126698,0.897541290201533,90.9,31.0,23.9,25.3,2.8399246284974335
2024-01-14,10.537441009245745,0.6731559676511497,87.2,29.8,23.7,25.9,3.3856250340116825
2024-01-15,16.015113609937778,1.4959021503358882,78.4,35.5,23.4,27.9,5.859448037371627
2024-01-16,18.427373627119294,1.4211070428190937,62.9,39.0,23.4,31.0,7.169137148809253
2024-01-17,17.27966613717157,1.271516827785505,64.2,39.3,26.1,31.5,6.815194831134913
2024-01-18,15.941415853361816,0.8227461826847385,82.3,33.9,25.4,28.4,5.350495870868417
2024-01-19,8.362972042780772,1.0471315052351216,79.8,32.2,25.2,28.1,3.0994628068975074
2024-01-20,15.416307576179213,1.121926612751916,65.3,36.6,25.8,30.3,5.8693516207752685
2024-01-21,14.10610026250215,1.3463119353022994,81.7,30.6,22.9,26.7,4.5877388644325166
2024-01-22,9.670512124056069,1.3463119353022994,87.9,28.3,23.0,24.6,3.2033670197286814
2024-01-23,3.535288736362215,0.5983608601343553,94.3,23.9,21.9,21.6,1.1498750521056962
2024-01-24,7.928613144346459,0.4487706451007665,89.9,25.4,18.3,21.3,2.3433141903662267
2024-01-25,14.3982747217897,0.9723363977183274,86.3,29.2,21.0,23.9,4.525322166078324
2024-01-26,13.542737811934206,1.271516827785505,85.6,27.3,21.1,23.4,4.1908065306904225
2024-01-27,11.266305502768923,0.7479510751679441,85.0,29.4,20.1,24.0,3.5634165824898125
2024-01-28,9.04330695100114,0.897541290201533,86.7,30.1,22.5,24.4,3.116702440519329
2024-01-29,17.54464229159305,1.4211070428190937,79.5,32.5,20.6,25.3,5.87526511677439
2024-01-31,9.824816486224107,1.3463119353022994,77.6,32.5,23.8,26.3,3.872827035697017
2024-02-01,15.313157107581974,1.3463119353022994,76.0,31.6,20.9,25.4,5.247799083815211
2024-02-02,5.908256700689256,0.5235657526175608,88.5,27.9,22.4,24.5,1.909413675416927
2024-02-03,13.040127931847355,0.897541290201533,80.5,33.7,21.6,26.4,4.4967577328468264
2024-02-04,11.794058750062524,1.4211070428190937,79.6,35.0,24.5,26.4,4.784126088088914
2024-02-05,16.05477065497207,1.1967217202687106,74.7,33.6,19.8,26.7,5.435557931377713
2024-02-06,16.0177926745608,1.0471315052351216,80.6,31.3,22.6,26.6,5.170224137214806
2024-02-07,15.794435975848062,0.897541290201533,77.8,33.8,22.6,27.1,5.363912565752989
2024-02-08,15.59527508117245,0.9723363977183274,77.5,34.4,23.1,27.3,5.4167973124179944
2024-02-09,16.21584800198312,1.271516827785505,73.5,35.3,21.5,27.5,5.847757696704204
2024-02-10,16.285384900413195,0.897541290201533,69.0,34.4,21.5,27.7,5.655846244542397
2024-02-11,16.575878245808777,1.8698776879198602,65.0,35.1,23.3,29.2,6.460670717759584
2024-02-12,15.524331789745771,1.8698776879198602,55.8,37.0,27.2,30.4,6.997254988438847
2024-02-13,14.831783983948867,1.3463119353022994,56.5,37.6,25.7,30.9,6.200930061153909
2024-02-14,9.502941425444998,1.5706972578526825,68.6,32.3,23.6,27.3,4.010605120150363
2024-02-15,3.677794266816683,0.37397553758397206,93.7,26.2,23.6,24.1,1.1697292492883475
2024-02-16,14.946912958497343,0.7479510751679441,82.9,30.2,21.2,25.0,4.701328231606774
2024-02-17,16.113649262038525,1.0471315052351216,80.0,30.8,20.9,25.2,5.1881050470616135
2024-02-18,13.717211713190789,0.8227461826847385,81.0,31.5,22.2,25.9,4.517492666985595
2024-02-19,13.855678577491636,0.8227461826847385,82.8,33.3,22.5,25.9,4.716980494682559
2024-02-20,7.111821394320516,0.5235657526175608,86.8,30.2,22.0,25.1,2.3541505283704383
2024-02-21,10.64385067167315,0.8227461826847385,86.0,32.7,23.8,25.9,3.7245025564928915
2024-02-22,10.902810816702896,1.3463119353022994,83.8,33.2,22.0,25.7,4.043792650340205
2024-02-23,11.80108947201827,1.795082580403066,68.0,34.1,25.0,29.1,4.898482115069142
2024-02-25,15.394450907884043,1.0471315052351216,79.4,32.4,24.1,27.9,5.118558261035582
2024-02-26,13.312268748493288,0.7479510751679441,80.8,32.0,23.8,27.4,4.3882540550982325
2024-02-27,15.650516684422787,0.6731559676511497,76.8,34.8,23.0,27.9,5.294378219769243
2024-02-28,10.706337359642788,0.897541290201533,76.0,33.8,25.7,28.6,3.9390717361191903
2024-02-29,14.0628328666638,0.5983608601343553,80.9,33.0,24.1,27.7,4.638541529438691
2024-03-01,13.349068032750537,0.6731559676511497,81.3,33.5,24.5,27.7,4.512393615750078
2024-03-02,15.172359690489968,0.897541290201533,76.8,30.8,22.3,25.8,5.0031016126032
2024-03-03,15.876463858855738,0.9723363977183274,72.0,34.1,20.4,26.4,5.534873557378068
2024-03-04,15.893385428766367,1.4211070428190937,71.4,36.5,20.8,27.0,6.124643161171122
2024-03-05,15.259135838464168,1.1967217202687106,77.6,36.0,21.7,26.8,5.5886504068624
2024-03-06,9.058002876164208,0.7479510751679441,86.0,31.2,22.4,25.3,3.085141872744392
2024-03-07,9.834724879422726,0.37397553758397206,85.8,31.1,24.1,26.3,3.1892832444394505
2024-03-08,10.097337756501345,0.5235657526175608,81.5,32.4,24.2,27.1,3.4061712527640684
2024-03-09,11.80689676680672,1.0471315052351216,80.3,35.3,24.2,27.7,4.400672949973287
2024-03-10,8.409324923839428,1.121926612751916,82.9,30.7,23.9,27.2,2.9116792453780302
2024-03-11,13.147886027579066,0.897541290201533,81.3,30.4,23.9,26.6,4.311090715501505
2024-03-12,9.911901835700261,0.7479510751679441,81.6,29.2,23.0,25.6,3.2637977525509725
2024-03-13,9.508005631696005,0.6731559676511497,81.2,30.4,23.2,25.7,3.218684701319238
2024-03-14,14.638287018733918,0.897541290201533,80.8,33.6,21.5,25.9,4.982874455302189
2024-03-15,14.611052808905335,1.0471315052351216,76.9,36.9,21.7,27.4,5.394263287214998
2024-03-16,14.144619198522621,1.271516827785505,71.0,38.1,23.7,29.5,5.5958433967742485
2024-03-17,14.133734767286416,1.121926612751916,71.1,38.5,25.1,30.0,5.545597442088027
2024-03-18,12.874395004066908,0.9723363977183274,77.1,34.1,25.6,28.5,4.6263144318620055
2024-03-19,13.138984301687623,0.897541290201533,80.1,33.9,24.3,28.1,4.545778690916982
2024-03-20,12.021100395927842,0.897541290201533,75.8,35.5,23.8,28.2,4.414033426231883
2024-03-21,13.63595728287697,1.7202874728862712,65.5,37.4,26.8,30.9,5.89807785437826
2024-03-22,4.298651483418378,1.121926612751916,88.9,30.5,25.1,25.2,1.9069522073702694
2024-03-23,5.431327810587792,0.8227461826847385,86.8,26.5,21.0,22.6,1.8785519399868909
2024-03-24,5.364817628495821,0.5235657526175608,91.4,25.4,20.6,22.3,1.6499270378372686
2024-03-25,10.175911754953717,0.6731559676511497,84.9,29.2,21.6,24.5,3.271899695906885
2024-03-26,4.61670926796564,0.6731559676511497,89.3,26.8,22.4,23.5,1.5765733227151884
2024-03-27,4.51689957794036,0.4487706451007665,91.1,25.5,21.0,22.7,1.4084270556578522
2024-03-28,4.1375850188655985,0.22438532255038324,92.8,25.5,22.2,23.4,1.2569233596148548
2024-03-29,5.462595964463298,0.7479510751679441,90.3,27.4,22.5,24.4,1.7880579129593148
2024-03-30,6.633000110070867,0.5235657526175608,88.2,28.6,23.4,24.8,2.185086968679382
2024-03-31,12.43831896058575,0.6731559676511497,82.8,29.8,19.3,24.1,3.903366246635992
2024-04-01,11.54508195077836,0.7479510751679441,79.5,31.7,19.9,24.4,3.9080695942540364
2024-04-02,10.586369119900514,0.897541290201533,79.7,31.9,20.7,25.2,3.689524708342706
2024-04-03,12.178810883410677,0.7479510751679441,82.0,30.5,20.2,24.7,3.9207395451870464
2024-04-04,12.301398136549984,0.897541290201533,81.3,33.9,20.5,25.2,4.334902459311525
2024-04-05,12.53385453079912,1.121926612751916,79.3,32.9,21.3,26.0,4.398501564408063
2024-04-06,11.657490632577241,0.9723363977183274,77.7,31.1,20.4,25.0,3.9887951495354548
2024-04-07,10.834023230855054,0.8227461826847385,79.9,34.8,20.2,24.5,4.0113125951588
2024-04-08,10.29779155541854,0.9723363977183274,73.7,33.8,20.6,25.9,3.914073491792279
2024-04-09,8.953800076248996,0.8227461826847385,78.3,33.5,22.8,26.0,3.3811556466946757
2024-04-10,11.101223040265399,1.0471315052351216,78.8,32.2,21.5,25.9,3.9305506932980854
2024-04-11,9.730395022921515,0.9723363977183274,81.3,31.6,21.2,25.6,3.3979509869474613
2024-04-12,9.283358162932071,0.5983608601343553,81.5,30.3,21.4,25.5,3.0373390137429506
2024-04-13,9.451058813623968,0.6731559676511497,75.1,32.4,21.3,26.2,3.318814124503467
2024-04-14,8.25597729505354,0.8227461826847385,76.4,30.8,20.2,25.2,2.9337505212042645
2024-04-15,9.436519978426896,1.271516827785505,71.1,33.1,22.0,26.5,3.855071505394646
2024-04-16,10.61073922394617,1.4959021503358882,69.3,33.6,22.4,27.3,4.421204887888515
2024-04-17,9.087226767570202,1.271516827785505,66.6,35.2,23.0,27.6,4.054373904756281
2024-04-18,3.7699485950438802,0.7479510751679441,82.7,25.3,20.9,23.2,1.3355785199482981
2024-04-19,6.370219392545684,0.37397553758397206,74.8,26.5,20.5,22.5,2.102274549360029
2024-04-20,9.776233767132414,0.5983608601343553,74.9,29.5,18.0,22.4,3.2728156483766444
2024-04-21,9.328554745730592,0.897541290201533,75.3,30.7,16.8,22.4,3.3760009447224673
2024-04-22,9.599897722693726,1.0471315052351216,69.0,32.6,17.5,23.9,3.7969077330696455
2024-04-23,9.59904824232079,0.897541290201533,67.5,35.0,18.8,25.1,3.930960031675889
2024-04-24,9.471131467828776,1.3463119353022994,63.1,36.7,18.9,26.3,4.499296177735894
2024-04-25,7.862800046114717,0.7479510751679441,81.7,29.5,21.1,24.6,2.673984229072052
2024-04-26,4.833703904100312,0.8227461826847385,78.2,29.0,23.1,25.0,1.9372895781058346
2024-04-27,9.647164324542118,1.7202874728862712,66.7,32.8,19.7,26.4,4.181732464198173
2024-04-28,9.095826923019793,1.4211070428190937,57.2,37.3,24.8,29.1,4.700939942530273
2024-04-29,9.028230583895665,0.37397553758397206,75.7,34.9,20.7,26.0,3.133425091790766
2024-04-30,8.990809152331357,0.897541290201533,74.8,35.4,20.9,26.6,3.574053486779464
2024-05-01,9.163924348694497,0.9723363977183274,60.0,36.9,23.8,28.9,4.07721183767123
2024-05-02,9.174940624515918,1.271516827785505,61.9,36.9,22.7,28.8,4.302176331554601
2024-05-03,9.003187179920115,1.121926612751916,67.0,32.7,23.9,27.2,3.7158448533297803
2024-05-04,9.0374623690319,1.0471315052351216,72.2,35.9,20.0,26.2,3.843899641168669
2024-05-05,9.020547658835039,1.4211070428190937,64.0,35.2,20.6,27.1,4.206808643052037
2024-05-06,8.979701860955515,2.094263010470243,63.5,33.3,20.2,26.9,4.434648767375602
2024-05-07,8.724224011358508,1.9446727954366547,58.6,33.2,24.3,28.2,4.527220982145609
2024-05-08,8.356434002498636,2.019467902953449,54.7,35.0,22.9,28.5,4.804166573657917
2024-05-09,7.6786149874512075,1.271516827785505,53.6,35.6,23.8,28.8,4.005125121131224
2024-05-10,7.4285405031134015,0.5235657526175608,79.0,30.4,21.0,24.9,2.533563509081487
2024-05-11,8.369693036551926,1.0471315052351216,69.7,35.8,20.2,26.4,3.678165602454048
2024-05-12,7.7195161801667895,1.121926612751916,60.4,36.8,21.4,28.0,3.792569223152903
2024-05-13,7.647342719058418,1.121926612751916,55.5,37.8,20.9,28.1,4.021598936303217
2024-05-14,8.010369775062385,1.0471315052351216,79.3,31.5,19.6,24.5,3.0088261371308116
2024-05-15,3.6391341468295857,0.6731559676511497,91.9,23.7,21.1,21.6,1.1836975882515506
2024-05-16,6.201634747937918,0.7479510751679441,84.1,29.6,20.4,23.2,2.2521885237148815
2024-05-17,7.837430633425615,1.271516827785505,65.2,36.2,20.3,27.2,3.8298204284231945
2024-05-18,7.797914108466995,1.121926612751916,70.5,30.2,23.4,26.3,3.1157319190894337
2024-05-19,7.039369033415269,0.8227461826847385,80.8,30.4,20.6,24.2,2.5776082640212308
2024-05-20,7.663795477534768,1.4959021503358882,74.0,33.8,21.3,25.5,3.6207323993580243
2024-05-21,3.4623761866648635,0.5235657526175608,85.4,24.2,21.3,22.5,1.162494752123815
2024-05-22,7.722865709671162,1.0471315052351216,76.3,31.6,18.2,24.0,3.014760227679809
2024-05-23,7.5609940590398255,1.4959021503358882,70.4,33.2,18.7,24.9,3.574403826478807
2024-05-24,6.856504942716187,1.645492365369477,62.8,34.8,20.2,26.0,3.8887688324980028
2024-05-25,4.455621759858516,1.121926612751916,80.7,28.1,19.4,22.3,1.9303693063927743
2024-05-26,2.644038440651522,0.5235657526175608,92.2,20.0,19.1,19.3,0.7951009713517111
2024-05-27,3.04126636520449,0.37397553758397206,91.1,22.0,18.4,19.9,0.914152741054015
2024-05-28,7.265204338870285,1.1967217202687106,78.5,31.5,18.2,23.4,2.968873814655281
2024-05-29,3.827419496900852,1.121926612751916,78.0,23.2,19.3,21.0,1.5495799976012408
2024-05-30,6.8507329834432324,0.8227461826847385,70.6,24.9,15.4,19.8,2.404298679755735
2024-05-31,5.3769942026881345,0.9723363977183274,77.8,24.6,14.2,18.7,1.9665148521318219
2024-06-01,6.496818988785659,0.9723363977183274,77.5,27.4,15.2,20.3,2.4305337593861287
2024-06-02,6.877921116815252,1.4959021503358882,70.8,28.7,14.2,21.3,2.981029184262185
2024-06-03,6.5768826951778365,1.5706972578526825,59.5,31.6,20.8,24.2,3.667339893311088
2024-06-04,3.627458346370728,1.0471315052351216,80.3,26.3,19.2,22.4,1.499260811068864
2024-06-05,4.086284631189755,0.6731559676511497,86.2,24.0,19.1,20.8,1.3707904477032562
2024-06-06,6.872597063541858,0.9723363977183274,80.5,29.7,16.5,21.4,2.63177537436482
2024-06-07,6.762355236702453,0.9723363977183274,76.7,30.6,16.9,22.1,2.731852736924982
2024-06-08,6.878694485608746,0.897541290201533,77.8,31.1,16.4,22.3,2.691452405133864
2024-06-09,6.61836169465458,2.019467902953449,69.6,28.4,17.4,23.1,3.117180462755759
2024-06-10,6.341066215773313,1.3463119353022994,58.9,32.9,21.6,25.2,3.49496912565832
2024-06-11,6.363666406464104,1.3463119353022994,61.6,32.7,19.4,24.3,3.4032515482624084
2024-06-12,6.495018598012914,1.121926612751916,73.3,30.6,15.7,21.8,2.829453773795987
2024-06-13,6.3629672933162995,2.019467902953449,61.8,30.9,15.8,23.0,3.7276737728930094
2024-06-14,6.1733157444490345,1.795082580403066,55.1,32.1,16.3,24.0,3.7980719153029243
2024-06-15,6.158643920412973,1.4211070428190937,54.6,32.6,17.6,24.7,3.4856805766907657
2024-06-16,6.213277804562032,1.4211070428190937,55.7,32.4,17.2,24.6,3.4378235660613026
2024-06-17,5.855875531883161,1.3463119353022994,52.6,32.7,18.8,25.1,3.4081730203859624
2024-06-18,5.762592863932097,1.3463119353022994,47.0,33.1,19.3,25.7,3.5472222841414367
2024-06-19,5.989646604211371,1.4959021503358882,59.6,33.2,16.1,23.1,3.5722109252891916
2024-06-20,6.000561347225453,1.1967217202687106,60.1,32.7,16.0,22.9,3.2153091064655492
2024-06-21,6.162401285465281,1.271516827785505,68.0,31.3,14.3,21.6,3.0438146209465144
2024-06-22,6.238821933455561,1.3463119353022994,66.7,32.1,15.4,22.8,3.195595975084493
2024-06-23,5.936722700431046,1.645492365369477,52.1,34.4,17.7,25.9,3.8867651009326156
2024-06-24,5.955483568567364,1.7202874728862712,50.7,33.4,22.5,27.4,3.891106536106993
2024-06-25,5.04037975975725,0.9723363977183274,75.3,28.7,21.7,24.4,2.1036338447419527
2024-06-26,6.642442721234908,1.271516827785505,68.2,32.0,19.3,25.4,3.0343373651907997
2024-06-27,4.266179674692918,1.0471315052351216,74.4,26.5,21.7,23.8,1.8307577072120533
2024-06-28,5.638938466324319,0.9723363977183274,70.8,31.7,19.7,24.9,2.4962426516755833
2024-06-29,5.6486010420893855,1.7202874728862712,69.0,28.2,21.5,24.4,2.7816560647985016
2024-06-30,2.354876719219085,0.9723363977183274,91.3,21.3,18.2,18.6,0.9036920189163472
2024-07-01,2.5386322530443115,0.4487706451007665,91.8,19.5,16.8,17.6,0.7620998350960678
2024-07-02,5.701719711681243,0.897541290201533,82.9,26.2,16.2,20.1,2.0236170671887095
2024-07-03,6.646984747902407,1.271516827785505,68.2,31.1,17.0,23.7,2.9878152393938935
2024-07-04,6.264414443520538,1.271516827785505,60.4,32.8,21.4,25.4,3.327728792229685
2024-07-05,5.680549618209539,0.9723363977183274,68.0,32.6,18.2,23.6,2.7358979907020515
2024-07-06,5.149095241509453,1.271516827785505,80.3,24.7,17.8,21.4,1.8676904711074072
2024-07-07,6.377458349656786,1.3463119353022994,75.5,30.5,16.8,21.8,2.900283523389087
2024-07-08,3.0865210301597936,0.897541290201533,81.0,23.1,19.9,21.1,1.2220915889970934
2024-07-09,2.9482323516339775,0.5235657526175608,88.8,21.8,19.1,19.8,0.9555146630853517
2024-07-10,6.119793533954123,0.9723363977183274,80.0,30.8,17.9,22.1,2.535751563920021
2024-07-11,3.0280319676753082,0.29918043006717765,89.4,22.5,18.6,20.6,0.90262621908605
2024-07-12,3.597829574624273,0.7479510751679441,87.5,24.2,20.2,21.2,1.2751996270326218
2024-07-13,3.3513316150377905,0.6731559676511497,87.9,22.0,19.6,20.4,1.0974710805672887
2024-07-14,7.09416863284118,1.271516827785505,80.3,30.5,18.8,21.6,3.0452395894719237
2024-07-15,5.205443624605474,0.897541290201533,85.0,23.2,16.6,19.6,1.672928074826851
2024-07-16,6.939669593532206,0.7479510751679441,82.5,27.6,13.9,19.2,2.3702767274039607
2024-07-17,6.2677416704953774,0.6731559676511497,79.0,26.6,18.8,21.0,2.19526574435774
2024-07-18,6.569914858078344,1.4211070428190937,81.0,28.8,16.5,20.3,2.7875326460547374
2024-07-19,6.4492470903533015,0.6731559676511497,78.4,24.6,18.4,20.2,2.1717299782231314
2024-07-20,6.966448923165871,0.897541290201533,80.2,25.6,12.5,18.2,2.343327773683929
2024-07-21,6.8793660563865995,0.7479510751679441,76.8,27.1,15.5,20.0,2.4266891229586216
2024-07-22,7.419155384611577,1.4959021503358882,73.4,29.2,14.6,20.7,3.1785304950936375
2024-07-23,6.669619499145092,0.4487706451007665,77.9,26.1,18.1,20.1,2.195924318496677
2024-07-24,7.258117145426641,0.9723363977183274,73.3,28.2,13.9,20.2,2.7485259238944577
2024-07-25,7.3471902852687245,1.271516827785505,69.7,31.1,14.0,21.6,3.2828000823050183
2024-07-26,6.902667732086495,1.121926612751916,65.4,32.0,14.8,22.3,3.2181406943808684
2024-07-27,6.62989742413624,1.121926612751916,62.2,31.7,15.7,22.6,3.1658822669279747
2024-07-28,7.297458663030864,1.4211070428190937,65.2,34.4,15.2,23.3,3.854590829459097
2024-07-29,6.404063126244036,1.3463119353022994,83.9,25.3,17.7,20.6,2.259530013775685
2024-07-30,3.191797494742448,0.897541290201533,88.3,22.9,17.2,19.1,1.1616847592795942
2024-07-31,6.374218181962607,0.7479510751679441,79.5,26.0,17.4,20.5,2.2024157059069998
2024-08-01,8.144195180945484,1.3463119353022994,75.4,28.4,15.1,21.1,3.09126794169971
2024-08-02,7.900760715161632,1.4211070428190937,67.0,29.0,15.7,21.5,3.41212579812375
2024-08-03,8.40909651752293,1.8698776879198602,66.8,30.5,16.4,23.2,3.8298755512788505
2024-08-04,8.46303138550952,1.8698776879198602,63.1,32.4,20.1,25.6,4.215750937078248
2024-08-05,8.209500993439416,1.7202874728862712,57.5,34.1,18.4,25.5,4.416566873446751
2024-08-06,8.367745696562519,1.3463119353022994,60.1,34.3,17.6,25.5,4.056276661883368
2024-08-07,7.729997533589985,1.7202874728862712,47.2,35.1,18.4,26.0,4.800867099898771
2024-08-08,7.135851115427436,1.4959021503358882,50.2,34.8,18.8,25.8,4.221099220183042
2024-08-09,7.014779844580387,0.897541290201533,77.0,30.1,17.0,22.2,2.6837037208265575
2024-08-10,2.899820405127845,1.1967217202687106,90.3,22.5,16.0,17.2,1.2339143144783864
2024-08-11,8.79290666866805,1.121926612751916,75.1,25.1,11.8,17.3,3.013992677761547
2024-08-12,7.873718051869782,2.094263010470243,60.3,25.0,14.0,19.1,3.6231373504675792
2024-08-13,7.710298031448502,1.271516827785505,65.1,22.9,9.3,16.0,2.7853776186527597
2024-08-14,8.653555020339294,1.271516827785505,71.1,26.7,11.1,17.5,3.275267985519631
2024-08-15,8.747343799249583,1.271516827785505,73.8,31.6,13.1,20.0,3.6974260545343935
2024-08-16,8.92354585622746,1.271516827785505,70.3,35.1,15.4,22.5,4.1620918024704965
2024-08-17,8.709842872276667,1.121926612751916,63.0,36.4,15.8,23.9,4.203601720126563
2024-08-18,8.687196878274403,1.271516827785505,59.1,35.6,16.7,24.3,4.33245564581114
2024-08-19,8.953071454169452,1.5706972578526825,59.3,35.4,15.7,24.6,4.759720543304919
2024-08-20,9.083953039891124,2.019467902953449,61.5,27.6,19.4,23.9,3.996932491593989
2024-08-21,8.231588493458831,0.5983608601343553,76.6,30.0,19.4,22.6,2.9035486971813014
2024-08-22,9.361932220876296,1.9446727954366547,57.4,35.1,16.9,25.6,5.072340260960634
2024-08-23,8.680255564344574,1.8698776879198602,42.0,38.1,20.8,28.6,5.717454959135214
2024-08-24,8.171165603699363,1.8698776879198602,76.4,30.9,19.4,23.2,3.6672304046531687
2024-08-25,2.8652541468762713,1.4211070428190937,86.0,21.1,19.1,19.1,1.238554638496348
2024-08-26,3.6851626338693206,1.0471315052351216,80.1,17.9,13.5,15.8,1.2404406094146982
2024-08-27,10.271131446716947,0.897541290201533,70.3,23.8,10.5,16.8,3.203760512186452
2024-08-28,9.99956318713896,1.0471315052351216,69.4,26.9,14.8,19.5,3.5309534452377545
2024-08-29,10.334034377993188,1.5706972578526825,68.7,29.7,13.2,20.6,4.140826557807299
2024-08-30,10.446066284580745,1.4959021503358882,67.8,33.1,15.5,22.2,4.56731843763114
2024-08-31,10.340417992890476,1.1967217202687106,82.7,27.8,13.7,19.9,3.359775096511612
2024-09-01,10.612385640676807,1.4211070428190937,62.3,35.1,17.9,25.3,4.808634327389941
2024-09-02,8.788131931469492,2.019467902953449,63.1,27.3,21.0,24.0,3.903367566435368
2024-09-03,8.080193207246156,0.9723363977183274,75.2,28.2,20.2,22.7,2.971409663147415
2024-09-04,9.87257555816395,1.1967217202687106,75.6,33.1,17.7,23.5,3.9171623745895205
2024-09-05,9.38379740300551,2.019467902953449,71.2,32.9,19.5,23.9,4.487390070345885
2024-09-06,4.387644637329179,0.5983608601343553,84.0,24.5,18.8,21.9,1.4032969702908
2024-09-07,9.222059777742428,1.121926612751916,80.1,33.3,18.6,23.1,3.6792169997952104
2024-09-08,9.198074914751517,1.0471315052351216,77.5,36.5,19.5,24.5,3.9514689984600024
2024-09-09,11.047829103880343,1.5706972578526825,68.4,36.7,19.1,25.8,5.175380128823692
2024-09-10,11.226324160889176,1.4211070428190937,68.1,37.0,18.3,25.3,5.171911725304204
2024-09-11,10.257095267880558,1.795082580403066,38.7,38.4,19.4,29.7,6.156884064866595
2024-09-12,10.191094243154375,2.019467902953449,33.9,38.6,19.3,30.0,6.599810116697962
2024-09-13,10.565171614912483,2.094263010470243,48.0,36.6,22.6,27.8,6.195483626424485
2024-09-14,10.0740368008604,2.094263010470243,52.3,34.9,18.3,26.5,5.532655582225239
2024-09-15,7.260035457895345,1.271516827785505,79.2,27.9,18.8,22.9,2.642524086137042
2024-09-16,7.661969959339532,1.7202874728862712,79.3,30.3,20.2,23.1,3.3326627738805654
2024-09-17,4.205964061051624,0.8227461826847385,89.6,21.5,18.2,19.6,1.2875924554618317
2024-09-18,6.136356953493609,0.897541290201533,76.5,26.0,17.4,21.3,2.1906837489766136
2024-09-19,10.908093736874502,1.4211070428190937,70.8,31.5,15.5,22.5,4.260007950872953
2024-09-20,11.376259464380873,1.7202874728862712,66.3,34.4,18.7,25.7,5.016809671479626
2024-09-21,8.890500067312136,1.5706972578526825,73.6,34.4,21.3,25.0,4.1382559525773015
2024-09-22,11.075312618056543,1.645492365369477,71.7,33.3,21.4,24.9,4.761244177033161
2024-09-23,12.575575728561361,1.3463119353022994,73.1,37.1,18.7,25.1,5.294349038185527
2024-09-24,12.871133823571125,1.4211070428190937,75.2,36.3,19.7,25.0,5.3115877319951865
2024-09-25,12.64992475750131,1.8698776879198602,61.6,37.8,19.9,27.5,6.165731065821678
2024-09-26,12.520284698448318,2.019467902953449,61.2,38.3,20.4,27.1,6.402356099232279
2024-09-27,9.609952719965472,2.019467902953449,70.5,33.2,21.1,25.5,4.537109864780599
2024-09-28,5.975586808771043,1.5706972578526825,74.8,25.5,21.7,22.2,2.61906311273824
2024-09-29,11.111628816889523,0.897541290201533,69.2,30.8,19.8,23.7,4.039345611246798
2024-09-30,13.736641694878177,1.8698776879198602,63.3,34.1,16.8,25.0,5.8089531697638925
2024-10-01,13.093527199040189,1.9446727954366547,47.1,38.8,21.6,29.4,6.93843853069414
2024-10-02,12.197683434626272,2.54303365557101,48.9,39.6,25.6,28.8,7.7492180140266
2024-10-03,5.861275259024623,1.1967217202687106,77.9,28.5,22.3,24.4,2.3850806657319055
2024-10-04,3.839158188270994,1.3463119353022994,91.1,23.4,19.7,20.6,1.3721532984480513
2024-10-05,7.291576105605134,1.121926612751916,75.8,27.1,18.3,21.5,2.756452489501503
2024-10-06,12.226079557660539,1.4211070428190937,60.8,30.2,18.6,22.8,4.841784149107941
2024-10-07,11.056974873166165,1.271516827785505,64.3,29.6,17.2,22.3,4.220601996475094
2024-10-08,11.538661587853376,1.3463119353022994,72.1,32.0,16.3,22.4,4.444277568772376
2024-10-09,7.629993058862707,1.3463119353022994,82.0,27.0,18.3,22.5,2.6099688754062584
2024-10-10,3.460417562706262,1.271516827785505,87.1,23.5,21.1,22.0,1.2936690771922787
2024-10-11,9.775304318244652,2.1690581179870376,73.0,30.5,20.8,24.9,4.146541597814579
2024-10-12,10.722400273023837,2.6178287630878043,66.9,33.0,22.9,26.5,5.24544339088891
2024-10-13,11.050624126210641,1.3463119353022994,73.5,28.9,21.2,24.1,3.998591323874094
2024-10-14,5.850176702164986,0.8227461826847385,74.7,26.3,20.2,22.7,2.157462884390498
2024-10-15,13.282916472708461,1.4211070428190937,58.0,31.0,20.7,24.3,5.306748558842373
2024-10-16,12.95046204600996,1.7202874728862712,70.7,32.9,17.4,23.1,5.247069938766186
2024-10-17,11.431709509947607,1.271516827785505,78.2,28.4,18.9,22.8,3.8691911666591783
2024-10-18,10.61962758216938,1.1967217202687106,79.7,30.7,18.9,23.0,3.8297960515785148
2024-10-19,2.672896620908986,0.6731559676511497,91.4,22.9,20.7,21.2,0.9022678346085445
2024-10-20,3.945823366766474,0.5983608601343553,93.8,22.3,18.3,20.2,1.140417544609195
2024-10-21,5.823130338117427,0.37397553758397206,87.9,26.7,20.0,22.9,1.795622857930048
2024-10-22,15.39488721457062,1.795082580403066,71.6,35.1,20.7,26.5,6.07296665566209
2024-10-23,14.983702470246593,1.645492365369477,68.0,34.5,22.1,27.2,5.854969407743872
2024-10-24,8.31310463602164,1.5706972578526825,80.8,34.4,22.8,25.3,3.8341575227875984
2024-10-25,8.561076748083865,1.9446727954366547,62.0,32.6,22.0,28.3,4.033007244167809
2024-10-26,14.001435326803914,1.5706972578526825,66.4,37.7,22.0,27.8,5.991463595538914
2024-10-27,3.526700573762508,0.7479510751679441,84.8,25.3,20.6,22.0,1.3145596774956354
2024-10-28,4.247878424549074,0.37397553758397206,83.9,23.9,20.3,21.8,1.3394892421926157
2024-10-29,7.321160826633758,0.8227461826847385,81.9,27.2,20.1,22.9,2.4724301338670114
2024-10-30,9.919994513388477,0.8227461826847385,77.8,29.7,20.6,23.7,3.4364909659743765
2024-10-31,14.769702504341264,1.121926612751916,74.7,29.1,17.4,23.2,4.732486842644607
2024-11-01,15.670816069365657,1.1967217202687106,72.0,32.5,19.9,25.1,5.4801093954422635
2024-11-02,14.850729123887094,1.1967217202687106,73.5,33.7,19.7,25.5,5.3103796289519165
2024-11-03,10.87850139160547,0.9723363977183274,74.2,32.9,20.9,25.8,3.9979382054420736
2024-11-04,6.346134974674714,0.4487706451007665,83.3,29.1,22.3,24.8,2.1151859312319723
2024-11-05,11.30652405807405,1.7202874728862712,74.9,31.4,22.7,25.9,4.414724401638364
2024-11-06,16.097710929690916,2.54303365557101,55.0,33.4,25.1,28.7,7.159032422516829
2024-11-07,12.358248276376475,2.094263010470243,61.8,34.5,23.7,28.3,5.669813057399425
2024-11-08,5.85551628583351,1.795082580403066,71.9,31.5,25.2,26.2,3.2550440024153233
2024-11-09,6.163714329073023,0.8227461826847385,84.7,25.2,21.1,22.4,2.0489070516747527
2024-11-10,8.373218638199214,0.8227461826847385,74.3,25.8,19.4,22.5,2.786387119170979
2024-11-11,17.183199130982196,1.271516827785505,69.2,33.2,19.7,24.5,6.165119594991345
2024-11-12,15.34597800014964,1.645492365369477,67.7,36.4,19.2,26.0,6.228571259902733
2024-11-13,4.114569063017661,0.9723363977183274,89.2,24.1,21.1,21.3,1.4804178560380064
2024-11-14,6.3152206924539245,0.5983608601343553,85.6,25.0,18.4,20.8,1.9901595452318432
2024-11-15,9.52625756033577,0.5983608601343553,85.8,28.2,20.0,22.6,3.0297936703570882
2024-11-16,3.6664352233335458,0.6731559676511497,93.6,24.3,21.5,22.6,1.1348329272893778
2024-11-17,14.597120679567901,1.121926612751916,73.5,31.2,19.7,24.6,4.962093816020844
2024-11-18,17.542092206194912,1.4959021503358882,71.4,33.6,20.8,25.7,6.302435712804878
2024-11-19,15.145193991566575,1.645492365369477,77.6,28.9,20.9,24.6,4.931897646225624
2024-11-20,16.526267264193514,0.897541290201533,78.6,32.7,21.3,25.4,5.4968637731491174
2024-11-21,10.747687053783164,0.897541290201533,83.0,28.9,22.1,24.8,3.4981279919165473
2024-11-22,6.280672587705069,0.897541290201533,84.5,25.9,21.4,23.1,2.101222600396599
2024-11-23,4.909243897180847,0.7479510751679441,88.0,24.0,20.1,21.1,1.6104035832155157
2024-11-24,12.284405400488396,0.897541290201533,80.0,26.8,17.9,21.8,3.7959426688369464
2024-11-25,15.030439297811087,0.897541290201533,70.5,30.9,18.1,23.5,5.032900354980392
2024-11-26,17.139402055666114,1.7202874728862712,61.5,35.1,18.6,25.9,6.7743783087232305
2024-11-27,17.01372123052061,1.271516827785505,57.5,38.5,21.2,28.7,6.8771251576040004
2024-11-28,15.413784592991917,1.4959021503358882,60.5,39.0,22.6,29.3,6.650147761984419
2024-11-29,6.672073548700974,0.6731559676511497,82.6,28.7,23.2,25.3,2.2840138137772428
2024-11-30,14.603082344149673,1.0471315052351216,83.9,30.9,22.9,25.6,4.771350493795792
2024-12-01,14.384785450732956,0.7479510751679441,79.7,32.0,23.8,26.4,4.813469831180936
2024-12-02,14.417188475361028,1.4211070428190937,70.5,37.9,21.9,28.4,5.784531682362151
2024-12-03,7.99015853770496,0.8227461826847385,81.8,29.8,24.4,26.0,2.7991916773182592
2024-12-04,5.682393204679122,1.121926612751916,91.7,24.7,22.2,22.9,1.7950631293705328
2024-12-05,6.378316215641987,0.5235657526175608,91.4,25.1,20.6,22.7,1.8964063935316122
2024-12-06,17.857381628728884,1.4211070428190937,66.5,37.2,22.1,29.1,6.86987107976631
2024-12-07,15.336936182939983,1.8698776879198602,46.9,37.9,26.1,30.3,7.411846147166829
2024-12-08,14.59100463477235,1.0471315052351216,77.4,33.4,23.2,27.1,5.066018510824326
2024-12-09,12.29989521422267,1.1967217202687106,81.8,34.1,23.5,26.2,4.575613715621689
2024-12-10,6.898118769168128,1.4211070428190937,84.3,30.3,23.5,25.4,2.753618330274573
2024-12-11,14.35406485764709,1.0471315052351216,80.4,28.5,20.7,23.6,4.595661494265159
2024-12-12,11.213517684388645,0.897541290201533,74.5,29.1,19.9,24.2,3.756109257752732
2024-12-13,14.165505677610284,1.121926612751916,73.8,31.7,20.4,25.1,4.907180492808671
2024-12-14,10.06871835524119,1.795082580403066,75.3,31.8,21.9,25.9,4.085322916406071
2024-12-15,11.927782705029045,1.8698776879198602,65.7,33.9,23.1,27.4,5.161842521004352
2024-12-16,11.98368031363697,1.4959021503358882,63.6,35.3,25.5,28.2,5.2437896367765795
2024-12-17,17.33570107756751,1.3463119353022994,77.0,28.9,21.0,24.8,5.481750328982746
2024-12-18,12.550273242721689,0.8227461826847385,79.0,28.5,20.7,24.1,4.006964240687016
2024-12-19,15.919153095720748,1.0471315052351216,77.0,32.4,21.5,25.6,5.396673466829469
2024-12-20,12.647532307605726,1.795082580403066,72.7,36.8,22.0,27.2,5.494674447226917
2024-12-21,6.268861903759967,1.0471315052351216,80.6,30.7,23.1,25.6,2.4800802326818387
2024-12-22,8.61709137128536,0.5983608601343553,85.7,31.3,23.3,25.6,2.9261714216875783
2024-12-23,10.614187155116191,0.897541290201533,87.2,29.6,23.2,24.7,3.5249749613813286
2024-12-24,6.842432480311794,0.9723363977183274,88.0,27.2,21.7,23.6,2.2665582593867484
2024-12-25,16.767116941227357,1.3463119353022994,72.8,34.2,22.7,27.6,5.999156926353364
2024-12-26,7.392255961835366,1.4959021503358882,73.5,32.1,26.7,27.5,3.4235541061751293
2024-12-27,6.601271915918705,0.8227461826847385,87.2,30.5,23.9,25.5,2.382764430388751
2024-12-28,15.150297782406849,1.121926612751916,79.9,31.2,22.5,26.0,5.0066516978715025
2024-12-29,11.53988191196062,0.7479510751679441,82.7,29.6,22.3,25.5,3.702704233186959
2024-12-30,13.653530377578312,0.9723363977183274,81.9,30.0,22.9,25.4,4.4567032458201545
2024-12-31,16.518977509760425,1.1967217202687106,78.2,32.0,21.2,25.5,5.528076484022022
2025-01-01,16.446956395345335,0.8227461826847385,77.8,31.6,22.1,25.9,5.362191656115749
2025-01-02,17.105827731277095,1.4959021503358882,70.7,35.2,20.6,26.4,6.369648675877045
2025-01-03,12.912989036796127,1.4959021503358882,70.0,35.1,22.6,27.2,5.2180768801090425
2025-01-04,10.570853604052216,1.271516827785505,66.5,33.8,24.7,27.7,4.399626080604999
2025-01-05,15.52547007637705,1.3463119353022994,72.0,30.4,23.8,26.2,5.394575654371447
2025-01-06,16.572414302402247,1.645492365369477,73.8,33.5,22.4,26.7,6.012982205934476
2025-01-07,11.067142972981877,0.897541290201533,80.8,30.1,22.6,25.5,3.709098050809268
2025-01-08,10.846781211539705,0.7479510751679441,85.5,29.8,23.0,25.2,3.5359178594407847
2025-01-09,7.744708784059826,0.7479510751679441,90.5,26.7,21.4,23.1,2.426620448265733
2025-01-10,14.903843570697234,0.8227461826847385,79.1,28.6,19.5,23.6,4.641554764336155
2025-01-11,15.673457200239051,0.9723363977183274,78.1,30.4,19.5,23.9,5.073983637183681
2025-01-12,7.048113520086985,0.5235657526175608,83.5,27.5,20.7,23.3,2.2753443908878914
2025-01-13,6.076150018374251,0.6731559676511497,85.1,25.4,20.5,22.5,1.9503379308330338
2025-01-14,6.925102911577769,0.5235657526175608,85.0,26.9,20.8,22.8,2.2303533576863503
2025-01-15,8.637577769598408,0.7479510751679441,85.0,27.3,21.2,23.6,2.760252524581279
2025-01-16,11.28288433523542,0.9723363977183274,78.8,32.5,22.8,26.6,3.9976970081613836
2025-01-17,17.610667031912435,1.7202874728862712,69.3,37.3,23.4,29.4,6.883167386323237
2025-01-18,16.69724140986031,1.3463119353022994,66.0,37.0,22.8,29.8,6.312226918234519
2025-01-19,16.098952517908813,0.897541290201533,71.3,38.1,23.3,29.1,5.926581387620689
2025-01-20,15.315636344736737,1.271516827785505,65.2,37.5,25.4,30.3,6.053132882460852
2025-01-21,17.573462227254254,1.3463119353022994,56.5,39.7,26.0,31.9,7.26738282062199
2025-01-22,13.617827204628139,1.121926612751916,62.5,36.5,25.6,30.2,5.399866035887356
2025-01-23,15.281568472499439,1.0471315052351216,76.5,35.4,23.8,28.0,5.467601956519498
2025-01-24,12.813706086703831,1.0471315052351216,77.3,34.8,22.7,27.3,4.669182662678434
2025-01-25,13.492528546187781,1.645492365369477,72.5,37.0,23.9,27.7,5.750784549466956
2025-01-26,13.49647055407925,1.4959021503358882,70.7,35.4,21.4,28.2,5.164965792241251
2025-01-27,8.83709060494705,0.897541290201533,77.6,30.6,23.9,26.1,3.194198733902634
2025-01-28,13.101718847015313,0.7479510751679441,78.8,33.1,22.3,26.4,4.449141445910915
2025-01-29,11.800991191124018,0.9723363977183274,74.2,34.9,24.8,27.4,4.51226758420926
2025-01-30,10.936110738677613,1.4211070428190937,77.1,33.1,24.0,26.9,4.2737536206753415
2025-01-31,9.351100395663757,1.7202874728862712,77.5,32.0,23.1,26.1,3.8546695782189686
2025-02-01,9.813888462470144,1.4211070428190937,75.7,33.3,22.9,26.8,3.9400878945543174
2025-02-02,14.515067471302757,1.4211070428190937,74.1,34.4,24.2,28.3,5.408306584852894
2025-02-03,11.685494336080273,0.9723363977183274,71.5,35.7,24.4,27.9,4.5498808547217
2025-02-04,16.87143795902917,0.8227461826847385,75.2,37.3,23.4,28.4,6.021081328175631
2025-02-05,17.102225881496736,1.0471315052351216,66.3,37.4,23.5,29.7,6.361948982766453
2025-02-06,16.625265893847832,1.0471315052351216,57.5,37.6,23.8,30.5,6.4268602430755335
2025-02-07,16.28804264209614,1.0471315052351216,68.2,36.8,23.4,29.1,6.0139767263740715
2025-02-08,16.498271334581588,0.8227461826847385,75.8,34.1,23.5,27.5,5.6436870467669715
2025-02-09,14.893091326781388,0.8227461826847385,70.0,34.9,23.3,28.1,5.296395415002462
2025-02-10,14.01901513662729,1.1967217202687106,65.9,36.2,23.8,28.7,5.53744493352547
2025-02-11,16.115802874963137,1.271516827785505,62.2,36.3,23.5,29.2,6.2700037776173705
2025-02-12,14.534400401793832,1.645492365369477,59.4,36.1,23.4,29.5,6.1037429578610665
2025-02-13,13.974106574281768,1.4959021503358882,63.8,37.9,25.0,29.4,6.02872768967102
2025-02-14,15.401366374704391,1.1967217202687106,72.1,35.1,24.1,28.5,5.639608284526773
2025-02-15,15.7656880532687,0.897541290201533,71.3,36.7,23.2,28.3,5.728181881990349
2025-02-16,16.709773220703177,1.1967217202687106,64.2,39.3,22.9,29.7,6.650931603940598
2025-02-17,15.81487347749154,1.3463119353022994,47.0,41.1,24.3,32.3,7.172258496562654
2025-02-18,15.004749133129216,1.271516827785505,59.6,39.7,23.1,30.0,6.343276413136839
2025-02-19,15.472664666090585,0.8227461826847385,66.2,37.7,24.6,29.8,5.770490850077058
2025-02-20,15.81321853686702,1.4959021503358882,60.3,38.6,23.0,29.6,6.647183317699769
2025-02-21,15.85845341526189,1.0471315052351216,72.8,35.0,23.1,28.2,5.6300818106706325
2025-02-22,15.824200724662763,1.121926612751916,67.7,36.2,23.9,28.6,5.985957466963754
2025-02-23,13.338228597813334,1.121926612751916,68.8,36.6,23.9,28.2,5.305352977936308
2025-02-24,14.826703436436372,1.271516827785505,62.5,36.5,23.1,28.8,5.914464543882242
2025-02-25,14.951899168608504,1.4959021503358882,58.1,37.4,24.3,29.3,6.396061514534053
2025-02-26,15.399221380046884,1.3463119353022994,60.6,37.6,23.4,29.2,6.331105668607706
2025-02-27,15.822261113176651,1.4211070428190937,62.8,38.4,22.5,29.1,6.555364244966178
2025-02-28,14.800460987097964,1.4211070428190937,60.3,37.9,23.4,29.1,6.289896010650272
2025-03-01,14.151568750485701,1.271516827785505,59.3,37.2,23.8,29.3,5.89943802603765
2025-03-02,15.09559708793614,1.7202874728862712,57.6,38.1,24.0,29.5,6.78672128070786
2025-03-03,13.060777355211382,0.9723363977183274,59.7,37.3,23.5,28.8,5.2781410145911325
2025-03-04,10.64072397962027,1.1967217202687106,69.3,33.5,21.1,26.6,4.19302221604419
2025-03-05,13.747904883619842,1.3463119353022994,61.4,36.2,22.2,27.9,5.694081558507593
2025-03-06,13.109100419922104,0.897541290201533,69.3,34.1,20.8,26.7,4.7313198495241
2025-03-07,13.846846588044011,0.9723363977183274,75.0,32.5,23.7,27.1,4.820677614638862
2025-03-08,12.546828684589515,0.8227461826847385,75.2,34.3,22.1,27.1,4.454280653510447
2025-03-09,13.8943019883788,1.1967217202687106,68.5,37.5,22.4,28.0,5.593561508647314
2025-03-10,14.264476919215006,1.4959021503358882,69.9,32.8,23.4,27.5,5.28885357223415
2025-03-11,12.789438494275485,1.121926612751916,71.6,36.1,22.6,27.2,5.011351058225299
2025-03-12,11.665815347150222,1.121926612751916,70.0,37.5,23.9,28.5,4.8252642329066004
2025-03-13,13.010256705602284,0.8227461826847385,80.2,35.1,23.0,27.0,4.6278884236910915
2025-03-14,12.20947412656895,0.9723363977183274,78.9,32.9,22.5,26.6,4.285948723476346
2025-03-15,11.60549754695056,0.8227461826847385,77.3,32.0,22.8,26.6,3.996362197106495
2025-03-16,6.213784472971837,0.6731559676511497,85.2,28.8,23.0,25.6,2.076464978410222
2025-03-17,6.065557862783973,0.29918043006717765,85.5,28.0,21.9,24.7,1.906396755692095
2025-03-18,13.359093671986788,1.121926612751916,73.5,34.9,21.7,26.9,4.995342064516002
2025-03-19,10.173604741398211,1.121926612751916,82.3,30.8,22.5,25.3,3.585205771436496
2025-03-20,8.187291168262199,0.7479510751679441,80.7,29.0,22.2,24.5,2.8200973389984267
2025-03-21,10.655467770213338,0.6731559676511497,79.8,30.3,21.0,24.6,3.534384994476325
2025-03-22,12.975734629339755,0.9723363977183274,72.3,33.3,22.2,26.7,4.669006944278271
2025-03-23,13.27931162720777,1.1967217202687106,75.1,34.7,21.7,26.6,4.997096519038942
2025-03-24,6.12090504337587,0.9723363977183274,86.1,29.1,21.9,24.9,2.139859652058425
2025-03-25,13.102788235584622,1.0471315052351216,76.7,32.0,22.4,26.4,4.517413584428111
2025-03-26,13.476193707659931,0.8227461826847385,79.6,31.7,22.1,26.2,4.460006935443355
2025-03-27,11.734340196961549,0.6731559676511497,76.7,32.7,21.5,26.1,4.0045028713387945
2025-03-28,12.84892160639264,0.897541290201533,73.3,33.6,21.9,26.8,4.571592791049732
2025-03-29,12.699394044063162,1.121926612751916,75.3,34.0,21.9,26.7,4.659185408733685
2025-03-30,11.523497212542964,1.0471315052351216,75.6,33.3,22.5,27.0,4.19790523376458
2025-03-31,6.273032038041002,0.4487706451007665,80.4,31.7,22.9,26.4,2.18506993583995
2025-04-01,11.188791713628879,0.8227461826847385,79.1,35.4,24.4,27.5,4.149461310733334
2025-04-02,12.571753612292884,1.4211070428190937,70.9,34.2,23.3,27.8,4.9352870320991755
2025-04-03,8.781529765565548,1.4211070428190937,66.8,34.6,24.3,28.5,3.960641550699388
2025-04-04,5.803615210972058,0.7479510751679441,87.5,30.7,23.8,25.5,2.129622365611684
2025-04-05,3.2745988155628094,0.897541290201533,90.7,24.3,22.0,22.2,1.1770725005660228
2025-04-06,5.402902378445558,0.6731559676511497,90.7,24.4,19.3,20.8,1.6947815665654793
2025-04-07,10.127872541363018,0.5983608601343553,81.2,26.7,18.7,22.1,3.1382959884041335
2025-04-08,11.89333197281114,0.9723363977183274,74.0,30.6,17.9,23.5,4.106085237663032
2025-04-09,10.645909679099297,1.3463119353022994,72.7,32.9,19.7,25.5,4.139632653188213
2025-04-10,6.778327556806687,0.897541290201533,84.5,29.3,22.5,24.0,2.487585621399353
2025-04-11,11.016889924557324,0.6731559676511497,83.9,28.9,19.9,23.4,3.49540626633277
2025-04-12,10.02980818128237,0.5983608601343553,78.5,30.5,19.4,24.2,3.3145366843721207
2025-04-13,10.760705410610866,1.3463119353022994,75.1,30.9,20.4,25.0,3.9675925579162934
2025-04-14,6.547069855910699,1.0471315052351216,78.7,28.1,22.6,24.8,2.423253349612751
2025-04-15,9.41169123872713,0.6731559676511497,80.2,28.7,20.0,23.6,3.0793484265253173
2025-04-16,4.498886408263636,0.6731559676511497,84.2,28.4,21.6,23.9,1.6560665543393218
2025-04-17,10.562209202671045,0.897541290201533,83.1,29.9,19.6,24.0,3.4686007882916154
2025-04-18,8.987720591565743,0.5235657526175608,82.7,31.2,21.7,25.2,2.998881419976105
2025-04-19,10.123649590041945,1.1967217202687106,80.8,32.4,22.3,26.0,3.7369907463567005
2025-04-20,8.176596182188131,0.897541290201533,85.1,28.4,21.3,23.9,2.73562985284139
2025-04-21,3.834786988328642,0.4487706451007665,92.3,23.9,20.2,21.4,1.1844318434103316
2025-04-22,5.076229577976394,0.29918043006717765,85.4,26.0,19.4,21.6,1.5942452572121115
2025-04-23,8.733098695655581,0.5235657526175608,80.4,28.6,20.5,23.7,2.8380610810970355
2025-04-24,9.16685126163177,1.1967217202687106,78.3,30.8,19.7,24.5,3.36552140449795
2025-04-25,3.513323966689475,0.5235657526175608,92.4,25.0,21.7,22.7,1.1250305834188075
2025-04-26,6.6548025631846235,0.4487706451007665,85.8,27.8,19.9,23.2,2.107866234461469
2025-04-27,9.05154835034351,0.8227461826847385,82.8,30.9,19.9,24.1,3.1157382376406697
2025-04-28,7.649557192182855,0.897541290201533,84.1,32.6,20.5,24.6,2.866982485362548
2025-04-29,4.992948207612648,0.5983608601343553,86.1,24.3,20.3,21.9,1.6001733914806535
2025-04-30,7.485785910967364,0.5983608601343553,80.8,26.6,18.8,21.9,2.429008415522845
2025-05-01,9.19129614956177,0.5983608601343553,79.5,27.4,17.4,21.9,2.898627946322348
2025-05-02,8.64740323515727,0.897541290201533,78.2,28.7,16.8,21.7,2.999933568777509
2025-05-03,9.011233976566349,1.0471315052351216,74.5,29.4,16.0,22.0,3.2669439630735813
2025-05-04,8.875697169318663,0.897541290201533,77.5,28.3,17.1,22.0,3.0229455699955654
2025-05-05,8.878597051305846,0.7479510751679441,78.0,29.8,17.5,22.5,3.0550481698217475
2025-05-06,7.867058029952386,1.1967217202687106,79.8,28.7,16.7,22.3,2.825978497970777
2025-05-07,8.634613238671806,1.121926612751916,74.1,30.5,20.2,24.4,3.3088262753509268
2025-05-08,8.841445299180192,1.645492365369477,74.8,30.4,18.7,24.1,3.547913375736303
2025-05-09,8.799433733521635,2.094263010470243,65.0,33.0,20.5,27.2,4.197160130423474
2025-05-10,8.489515504813326,1.4959021503358882,69.3,32.1,23.6,26.5,3.7570710494834363
2025-05-11,2.6445692006474957,0.897541290201533,92.2,24.2,20.1,20.7,1.0194787607139693
2025-05-12,6.2845368451329,0.5983608601343553,85.8,26.9,18.5,21.0,2.0843432235936823
2025-05-13,5.936429860965152,0.5235657526175608,82.9,25.7,17.9,21.6,1.8712635788071545
2025-05-14,7.597045261817274,0.7479510751679441,78.8,27.4,16.4,20.8,2.5840976270672202
2025-05-15,7.826759471049018,0.6731559676511497,75.2,28.7,18.3,21.9,2.7525599107642122
2025-05-16,7.236974046795304,0.9723363977183274,79.8,29.1,16.2,21.5,2.658410956372907
2025-05-17,7.9883889236668315,1.5706972578526825,74.8,29.7,15.4,21.9,3.3042370977588575
2025-05-18,7.769421118211058,1.9446727954366547,69.5,29.8,16.8,23.2,3.5175401022616435
2025-05-19,7.448211191274567,1.5706972578526825,63.3,30.5,19.2,24.4,3.5044667232875564
2025-05-20,7.557179437086548,1.1967217202687106,64.5,31.8,18.5,23.8,3.4209873439258374
2025-05-21,7.53880768491687,1.1967217202687106,74.5,28.4,16.3,22.0,2.8267518345315024
2025-05-22,7.465879384552345,0.8227461826847385,79.6,30.4,17.7,22.5,2.7413274651062824
2025-05-23,4.431386279839709,0.8227461826847385,90.2,26.9,18.0,21.2,1.549428420443104
2025-05-24,3.330451262910275,0.37397553758397206,89.7,22.4,19.4,20.4,1.021326037893013
2025-05-25,7.457115321997406,0.897541290201533,79.4,27.8,16.5,21.1,2.615052016173295
2025-05-26,6.998582483892913,1.4959021503358882,76.7,28.6,16.9,22.0,2.8395856610437495
2025-05-27,7.256573624645889,1.9446727954366547,73.6,29.4,17.6,23.6,3.1444166888720857
2025-05-28,6.401486580422338,1.8698776879198602,65.3,30.6,20.7,25.5,3.2999944927099314
2025-05-29,3.386462769066401,1.271516827785505,71.7,26.5,21.9,23.4,1.829172414400723
2025-05-30,3.022572028558461,0.37397553758397206,83.2,21.1,18.0,19.4,0.9519350251743192
2025-05-31,5.5171936753126225,0.5235657526175608,79.8,26.2,18.1,20.6,1.8806021800974444
2025-06-01,6.635586794264212,0.9723363977183274,83.1,27.3,16.8,21.1,2.3149123994763143
2025-06-02,5.229802108540939,0.6731559676511497,84.7,26.5,18.2,21.5,1.7810925238276627
2025-06-03,6.108931494961073,1.0471315052351216,81.7,28.8,16.5,21.5,2.33237123953795
2025-06-04,7.055801933775289,1.121926612751916,73.0,31.6,17.9,23.5,2.99199950297351
2025-06-05,6.8634718414261435,1.5706972578526825,72.7,32.8,18.3,24.2,3.3650788184316425
2025-06-06,5.823307402690389,0.9723363977183274,78.6,27.3,20.1,22.9,2.1886693785665203
2025-06-07,3.749444493942339,0.22438532255038324,87.3,25.1,19.5,21.5,1.15918619002806
2025-06-08,5.256458342128779,0.897541290201533,81.3,28.9,17.5,22.3,2.0093675787870016
2025-06-09,3.0396714789594257,0.4487706451007665,89.3,22.2,19.2,20.4,0.948956558456975
2025-06-10,4.619076532779459,0.5235657526175608,90.2,22.7,17.6,18.9,1.4254108085629722
2025-06-11,5.33499622177597,0.8227461826847385,84.0,22.9,14.6,17.8,1.7501131359475488
2025-06-12,3.997423541859917,0.6731559676511497,89.6,19.6,13.3,15.8,1.1694466758165165
2025-06-13,6.346919968534489,0.9723363977183274,80.3,23.5,11.9,17.0,2.1167761969198415
2025-06-14,5.959350917658641,1.4211070428190937,76.4,24.3,11.9,17.3,2.373666188617204
2025-06-15,5.6999142114805466,2.094263010470243,63.7,26.4,13.0,19.8,3.063823367225325
2025-06-16,5.966379677286854,1.271516827785505,58.8,28.7,18.8,21.9,3.052058427301217
2025-06-17,6.476988529521373,1.5706972578526825,72.2,28.3,13.7,20.3,2.924504645332842
2025-06-18,6.549595519708279,1.8698776879198602,66.2,28.6,15.8,22.5,3.1622736665883435
2025-06-19,6.424392540478876,1.121926612751916,65.9,30.0,18.0,23.4,2.8282913766565057
2025-06-20,6.344031487996043,1.271516827785505,68.8,30.4,17.0,22.7,2.941417863013256
2025-06-21,6.1095560924893535,1.271516827785505,65.9,28.3,19.4,22.6,2.813656635430883
2025-06-22,5.37919294590602,0.897541290201533,84.1,27.4,15.8,20.0,1.9998317703353303
2025-06-23,5.583690704292838,1.5706972578526825,63.3,32.0,17.0,24.8,3.106944567683494
2025-06-24,2.6401254821050513,1.271516827785505,84.5,23.5,19.8,19.1,1.4255936241943574
2025-06-25,5.656998374719372,0.6731559676511497,82.0,22.5,11.7,16.7,1.746524313884526
2025-06-26,6.445343914831741,1.8698776879198602,66.4,27.9,12.5,21.0,3.014225663915316
2025-06-27,5.790187615387155,1.271516827785505,67.5,29.6,20.1,23.7,2.754821631195211
2025-06-28,6.5946906887410375,0.9723363977183274,79.6,28.8,20.1,23.0,2.513675910221188
2025-06-29,6.491224981700892,2.094263010470243,59.2,31.7,20.5,25.5,3.9204439018577117
2025-06-30,6.1435644824611915,1.121926612751916,72.0,26.6,18.1,23.3,2.2757668949185925
2025-07-01,3.946554093243343,0.9723363977183274,85.7,23.2,20.4,21.0,1.424954765251615
2025-07-02,3.3228080281401042,0.9723363977183274,94.0,19.5,17.6,18.0,0.9954745969533922
2025-07-03,4.011853065386676,0.5983608601343553,88.9,20.8,16.3,17.7,1.2285868560670616
2025-07-04,5.432401673026176,0.8227461826847385,83.6,23.2,16.3,18.2,1.8451062017548885
2025-07-05,6.616246566806196,0.9723363977183274,78.2,24.9,12.4,17.7,2.312555982518209
2025-07-06,6.178631813697018,0.8227461826847385,83.0,23.8,12.5,17.6,1.9700469986317488
2025-07-07,6.937554472497171,0.5983608601343553,80.7,25.0,13.3,18.6,2.1679525645000024
2025-07-08,6.540141634178476,1.121926612751916,72.9,28.2,13.6,19.4,2.734774170843932
2025-07-09,4.8564599351959234,0.6731559676511497,85.2,23.1,15.0,18.4,1.543726851161829
2025-07-10,5.121873402740434,0.4487706451007665,83.5,24.5,13.4,18.4,1.5808274705291336
2025-07-11,6.493079705536356,0.897541290201533,77.4,26.9,14.0,20.0,2.3003162277905123
2025-07-12,5.6826187304239095,0.8227461826847385,77.3,26.7,17.7,21.0,2.118357539644992
2025-07-13,6.801105026533698,0.897541290201533,75.1,26.3,13.5,19.3,2.4333607427807533
2025-07-14,6.801757213997746,1.121926612751916,78.3,27.2,13.8,19.1,2.5995741293495556
2025-07-15,6.801419336971195,0.897541290201533,80.6,24.4,15.1,18.5,2.2762123918868915
2025-07-16,6.903149653425508,1.121926612751916,78.3,26.9,11.6,17.8,2.627980577861364
2025-07-17,6.656661411966239,1.271516827785505,72.3,28.9,12.8,19.4,2.941789229494935
2025-07-18,6.602193209552614,1.7202874728862712,64.5,30.7,15.3,21.4,3.5486497439691056
2025-07-19,6.161709489573352,0.7479510751679441,71.3,23.6,17.9,19.5,2.2050351310176786
2025-07-20,7.211840702768957,0.9723363977183274,78.8,25.1,11.9,17.7,2.434409561815469
2025-07-21,7.071430927178587,0.9723363977183274,75.1,27.3,15.5,20.5,2.6035229188389173
2025-07-22,6.847802720280159,1.121926612751916,78.6,30.9,14.5,20.4,2.9117112896659894
2025-07-23,6.814668797148192,1.0471315052351216,84.9,25.2,16.3,19.7,2.271790724134477
2025-07-24,3.013363406310445,0.29918043006717765,86.6,21.6,15.6,18.8,0.8852328645670736
2025-07-25,5.2383898201846995,0.8227461826847385,84.8,27.2,18.3,20.3,1.9885250970187875
2025-07-26,7.801470413360262,1.121926612751916,80.0,27.3,15.6,20.0,2.80282433612882
2025-07-27,7.7969854019564355,1.795082580403066,73.3,29.4,15.4,21.6,3.44040996319131
2025-07-28,4.1973914114298525,1.1967217202687106,58.1,27.4,19.8,24.5,2.203682735884362
2025-07-29,4.726664711482191,1.5706972578526825,63.5,25.1,18.5,20.2,2.5949698552740394
2025-07-30,7.736612518579384,1.121926612751916,72.3,22.0,10.3,16.0,2.519968938977919
2025-07-31,6.643372752070446,0.9723363977183274,76.7,23.2,11.0,16.6,2.2070093775768522
2025-08-01,7.718343270812249,1.271516827785505,75.8,25.2,11.5,17.5,2.783923343546485
2025-08-02,7.924811272174122,1.9446727954366547,67.8,28.0,11.8,19.5,3.600138430697362
2025-08-03,7.78979762929466,2.393443440537421,61.5,29.8,13.7,21.2,4.31784720522988
2025-08-04,7.617247590493549,1.9446727954366547,62.9,30.2,13.1,21.4,3.8516358116158855
2025-08-05,5.095469548742295,0.6731559676511497,85.4,23.3,15.9,19.3,1.5896748496111497
2025-08-06,7.814391689066763,0.6731559676511497,81.4,25.9,17.7,20.9,2.505479350451988
2025-08-07,8.398982644066454,1.121926612751916,79.1,29.1,15.7,20.7,3.120276017804534
2025-08-08,8.39845513266344,1.4211070428190937,74.0,33.6,16.7,22.5,3.9130823826101486
2025-08-09,3.1522656341732835,1.1967217202687106,86.9,20.4,17.6,18.7,1.12459141817604
2025-08-10,7.119764963317014,1.1967217202687106,71.7,22.6,13.8,18.2,2.4394148255871975
2025-08-11,7.115878846202998,1.1967217202687106,78.9,22.4,12.9,17.3,2.307617968092092
2025-08-12,7.995118453461506,0.8227461826847385,78.9,23.2,14.0,18.0,2.47093754321535
2025-08-13,8.946841011438309,1.0471315052351216,72.4,28.8,12.8,19.9,3.2928250310648486
2025-08-14,7.464448698327608,1.121926612751916,82.3,24.1,13.2,18.3,2.380953986230572
2025-08-15,6.120047419111681,0.7479510751679441,82.7,23.4,14.5,18.6,1.9062379891413628
2025-08-16,5.027737977356381,0.7479510751679441,77.8,23.8,16.2,19.7,1.7164308959072776
2025-08-17,8.046779016708218,1.121926612751916,76.8,26.8,14.3,20.1,2.792469048490268
2025-08-18,7.652137608030074,0.7479510751679441,78.7,26.6,17.1,21.0,2.5417788806665094
2025-08-19,7.703570614286484,1.4211070428190937,70.6,27.1,18.1,21.5,3.1356605136669295
2025-08-20,8.961782854114524,2.1690581179870376,60.5,31.4,15.8,23.5,4.580331675204139
2025-08-21,7.978201504549572,1.795082580403066,49.5,34.0,23.2,26.4,4.835666464399259
2025-08-22,9.35814068850619,1.3463119353022994,64.5,34.8,16.5,24.7,4.309531836654025
2025-08-23,9.07332706729923,2.8422140856381874,42.2,34.6,20.4,28.1,6.2494581939314005
2025-08-24,8.312957272683807,2.1690581179870376,63.7,28.4,21.5,24.2,4.0263774438209765
2025-08-25,9.55800809845846,1.1967217202687106,79.1,31.3,20.5,22.7,3.754854636611674
2025-08-26,4.823093776474008,0.897541290201533,86.9,24.2,19.9,21.2,1.6361032921920158
2025-08-27,9.334898687263056,0.9723363977183274,74.8,30.1,19.8,23.1,3.4802931977780207
2025-08-28,9.968491948345264,1.1967217202687106,78.5,30.0,17.8,22.1,3.6430788961430016
2025-08-29,7.012401823776738,0.6731559676511497,80.7,27.9,18.9,22.2,2.3901639323629333
2025-08-30,6.878479913172191,0.8227461826847385,85.2,26.1,18.0,20.9,2.271977330690646
2025-08-31,8.8627746193891,0.9723363977183274,80.9,27.3,16.5,21.2,2.9331937602551763
2025-09-01,7.498741260122641,1.5706972578526825,77.4,27.0,17.7,22.0,2.8215887243441515
2025-09-02,7.543219796694815,1.4211070428190937,74.3,27.4,19.4,22.4,2.9913666370590377
2025-09-03,10.928251172775518,2.094263010470243,60.2,29.4,14.3,22.0,4.788799280627228
2025-09-04,10.796240080310756,2.243853225503832,55.2,31.5,14.7,23.0,5.305159115609507
2025-09-05,10.677992929752495,2.1690581179870376,55.2,32.1,18.9,24.3,5.369721547805065
2025-09-09,11.089901833531947,2.692623870604599,59.3,34.9,19.6,25.8,6.073261834451991
2025-09-10,11.996451663662377,1.0471315052351216,74.4,26.7,16.0,21.5,3.79212961012193
2025-09-11,11.610439300966107,1.1967217202687106,74.7,29.2,16.1,21.2,4.064947274247562
2025-09-12,9.964210534588432,1.0471315052351216,71.7,26.8,17.5,21.1,3.470936092227752
2025-09-13,3.3746583880048964,0.4487706451007665,80.5,21.5,18.8,19.7,1.1175869125410267
2025-09-14,6.4499846019217175,0.7479510751679441,73.9,26.1,17.5,20.8,2.292854948139704
2025-09-15,10.597664156570533,1.0471315052351216,70.2,30.7,15.6,22.4,3.8627438140789625
2025-09-16,9.861049701929767,1.8698776879198602,79.8,31.9,16.3,21.5,4.257800874241695
2025-09-18,12.718210637356945,1.121926612751916,74.0,28.5,16.0,22.1,4.165047964229567
2025-09-20,12.43226716521049,2.019467902953449,63.0,34.4,21.9,26.0,5.739547065553964
2025-09-21,11.783623536857968,2.1690581179870376,45.9,38.9,20.7,30.5,6.652607471760846
2025-09-22,8.558963322068623,1.9446727954366547,66.7,39.0,21.4,26.7,5.235819167039678
2025-09-23,4.493985366919933,1.271516827785505,75.0,24.7,19.4,21.5,1.9384829225666869
2025-09-24,4.425119797484131,0.5983608601343553,74.4,23.8,19.1,20.2,1.6202505377751606
2025-09-25,4.303013088123244,0.6731559676511497,85.1,20.1,17.2,18.0,1.343180953648453
2025-09-26,8.766825663175709,0.8227461826847385,69.9,23.2,15.8,18.6,2.881125586888882
2025-09-27,11.46047045539886,0.7479510751679441,57.4,26.4,15.0,19.8,3.8638074672654286
2025-09-28,12.386891002075732,1.7202874728862712,57.6,29.9,12.7,20.8,5.065252625378826
2025-09-29,11.767627984814322,1.7202874728862712,56.1,31.4,17.7,23.5,5.198473168199509
2025-09-30,13.764200551109415,1.0471315052351216,71.8,31.6,15.4,22.1,4.781526344119914
2025-10-01,13.719474566482894,1.7202874728862712,68.9,31.3,17.8,23.1,5.263515754650985
2025-10-02,11.005834022756241,1.1967217202687106,74.0,29.5,17.5,22.6,3.9213401767475498
2025-10-03,11.472768833006516,1.7202874728862712,61.3,32.0,19.1,24.8,4.965397234910275
2025-10-04,10.187841196941715,1.795082580403066,55.0,33.1,18.9,24.9,5.0331900539002
2025-10-05,13.260839054565903,2.6178287630878043,45.0,34.0,20.7,27.1,7.035976046070864
2025-10-06,13.111967525043367,1.9446727954366547,40.6,38.3,22.2,29.0,7.142869653690575
2025-10-07,10.181584370879415,1.9446727954366547,65.2,28.8,21.8,24.2,4.409024817319434
2025-10-08,4.079201686079549,1.271516827785505,80.8,21.1,19.1,19.4,1.586137718911072
2025-10-09,4.566082315557874,0.8227461826847385,71.8,21.9,17.9,19.1,1.728959100431598
2025-10-10,5.919866493363349,0.6731559676511497,64.3,24.6,18.2,20.1,2.2135774343884758
2025-10-11,8.961416115213673,1.0471315052351216,61.4,27.1,18.9,21.4,3.484629515718001
2025-12-20,13.03197963806052,0.7479510751679441,86.7,29.4,21.5,24.2,4.104995403958769
2025-12-21,18.507675589572216,1.3463119353022994,67.1,34.2,20.3,26.8,6.527176289719018
2025-12-22,18.515527122319597,2.243853225503832,63.6,34.3,21.5,27.6,7.275460464816451
2025-12-24,18.096566964490375,1.1967217202687106,56.3,38.0,24.1,30.8,7.0338709796288095
2025-12-25,18.100638208590567,1.271516827785505,63.3,37.6,23.0,29.4,6.887012433750665
2025-12-26,18.222986156865737,1.1967217202687106,67.1,35.0,23.4,29.3,6.467137935833987
2025-12-27,18.323491372224186,1.1967217202687106,70.2,33.7,23.5,28.7,6.301629056694261
2025-12-28,18.30708204334119,1.1967217202687106,71.1,35.5,23.2,28.5,6.517214809151191
2025-12-29,16.395123154808246,1.271516827785505,71.6,33.9,22.0,27.1,5.811368027238378
2025-12-30,15.636881079900924,0.9723363977183274,77.2,37.3,23.4,28.1,5.714533338347897
2025-12-31,12.893171455512746,1.271516827785505,74.9,35.5,24.2,28.5,4.982847814562678
2026-01-01,15.552512957709082,0.9723363977183274,73.9,38.4,23.6,29.2,5.831396764733255
2026-01-02,12.219517707401259,1.3463119353022994,69.5,38.3,25.1,29.1,5.309042362721702
2026-01-03,12.874449703978042,0.8227461826847385,83.3,34.8,23.9,27.0,4.548961014294347
2026-01-04,11.482932054457619,1.4959021503358882,80.2,31.3,24.8,25.6,4.3808040084628574
2026-01-05,5.325696328934843,0.5235657526175608,86.7,24.3,20.1,21.9,1.6589144317953881
2026-01-06,10.088408547235392,1.1967217202687106,72.8,29.5,20.6,24.1,3.7362484647135563
2026-01-07,7.540077119385985,1.4211070428190937,76.0,28.5,20.7,24.6,2.8687461481680745
2026-01-09,18.156461200269856,1.4211070428190937,64.5,39.0,22.7,29.2,7.230388243219436
2026-01-10,18.38147893126615,2.094263010470243,60.5,37.8,23.0,30.1,7.800190059572426
2026-01-11,17.896861489272673,1.795082580403066,46.8,38.8,23.8,31.5,7.935374704008962
2026-01-12,17.326031754077814,1.5706972578526825,45.6,41.0,23.1,32.0,7.861980041585168
2026-01-13,16.219853521691427,1.121926612751916,68.4,36.1,23.5,28.5,6.012240454283689
2026-01-14,15.344036458402352,2.094263010470243,68.1,37.0,23.7,27.8,6.779184495428428
2026-01-15,13.764537703955218,1.7202874728862712,63.9,37.5,23.3,28.5,6.153999558333212
2026-01-16,12.925994989697664,1.7202874728862712,61.2,36.5,23.9,28.7,5.833502352206232
2026-01-17,12.785064851967526,1.795082580403066,68.1,37.0,24.1,28.1,5.802835494024469
2026-01-18,11.478593692079972,2.1690581179870376,63.4,33.5,23.2,27.6,5.2663889637380645
2026-01-19,9.356412446730108,1.8698776879198602,66.9,35.1,25.8,27.5,4.8340256167941735
2026-01-20,5.80077729915397,1.3463119353022994,90.0,25.9,20.8,22.4,1.9907788091995036
2026-01-28,16.61002617038361,1.4211070428190937,68.5,35.3,21.2,26.9,6.029194956634427
2026-01-29,15.700254345682737,1.5706972578526825,73.1,35.4,24.2,27.1,6.117166888811161
2026-01-30,9.018094113939172,1.4959021503358882,82.7,31.5,22.4,25.2,3.5015579425266536
2026-01-31,16.823317857954766,0.897541290201533,79.8,32.3,22.3,26.1,5.444869685019073
2026-02-02,8.979943182449885,1.1967217202687106,78.8,31.6,21.1,26.4,3.037096996714449
2026-02-04,12.749802160209704,0.9723363977183274,82.6,33.1,24.4,27.3,4.331218184629566
2026-02-05,12.94605315939212,0.9723363977183274,88.8,32.1,22.2,25.7,4.242429554384026
2026-02-11,9.077410372695791,1.1967217202687106,73.1,33.2,24.6,28.2,3.595824897713652
2026-02-12,13.823150440548167,1.795082580403066,64.9,35.1,25.2,29.3,5.754968361804421
2026-02-13,17.601269262363928,1.645492365369477,65.1,35.6,23.2,29.4,6.691727356046498
2026-02-14,16.939848935793577,1.3463119353022994,71.6,33.4,24.2,28.2,5.97515343697915
2026-02-15,17.604937043323094,0.897541290201533,82.0,34.4,23.8,27.8,5.886246968028313
2026-02-16,16.404270594947267,1.121926612751916,69.9,36.2,23.9,28.9,6.041308489962309
2026-02-17,16.839378277878716,1.3463119353022994,68.1,37.0,23.9,29.3,6.421922806790924
2026-02-18,15.523852753931278,1.121926612751916,73.2,36.6,24.8,28.4,5.8554348213927865
2026-02-19,15.9861958220631,1.1967217202687106,81.9,33.6,21.8,26.9,5.351666509418682
2026-02-21,10.591916239242764,0.7479510751679441,86.2,32.3,23.6,25.7,3.5816742184242796
2026-02-28,11.191167681503599,1.121926612751916,81.8,28.3,21.1,24.0,3.645084404225609
2026-03-03,12.500094321419978,0.7479510751679441,77.0,29.9,19.6,24.4,3.932184245427587
2026-03-04,10.959675920062192,0.7479510751679441,76.1,31.1,21.3,25.5,3.6517713000329146
2026-03-05,14.25242431195772,0.9723363977183274,75.0,32.9,22.2,26.6,4.9074005641130505
2026-03-06,14.513427255097511,1.0471315052351216,75.4,33.4,22.2,27.0,4.972126225567497
2026-03-08,12.763421975558613,1.271516827785505,80.4,33.6,23.0,27.3,4.526738534795425
2026-03-17,14.599575148103234,0.9723363977183274,75.1,32.9,21.3,26.0,4.93612389795267
2026-03-18,13.135583338172548,0.7479510751679441,83.3,31.5,23.1,26.1,4.311014981417788
2026-03-23,12.98758965170381,0.7479510751679441,79.1,31.3,20.5,24.8,4.238398946534668
2026-03-25,13.486247734767552,1.645492365369477,68.8,35.0,21.9,27.6,5.3787589120632395
2026-03-27,13.187191922723194,1.0471315052351216,72.5,33.8,22.2,27.1,4.796746467626285
2026-03-28,12.892310891333157,0.8227461826847385,72.2,33.0,21.6,26.4,4.407701633767872
2026-03-30,12.721735584671086,0.897541290201533,80.0,33.1,21.0,25.4,4.414656866907193
2026-04-02,10.917632770771744,1.645492365369477,79.4,34.3,22.3,26.1,4.415300014429932
2026-04-03,10.788513034271315,1.3463119353022994,78.8,34.4,20.9,26.5,4.132079194103288
2026-04-04,12.398258072900742,1.121926612751916,78.9,33.7,20.8,26.0,4.4552107796529405
2026-04-05,12.438648089957645,1.121926612751916,81.8,32.3,22.0,26.0,4.303881785483803
2026-04-06,12.12715514969685,0.8227461826847385,81.0,31.5,21.5,25.6,3.949733101436925
2026-04-07,12.217005743385368,1.0471315052351216,75.1,32.4,23.6,27.1,4.289312792361667
2026-04-08,9.521442817196139,1.5706972578526825,63.8,34.6,23.2,28.4,4.273027876178692
2026-04-09,10.8579015088546,1.7202874728862712,71.8,32.2,24.4,26.8,4.496792118863498
2026-04-18,9.787563153542594,0.9723363977183274,74.6,33.2,20.7,25.2,3.6156647475042205
2026-04-23,10.318407687447671,0.8227461826847385,75.8,30.9,18.8,23.8,3.493853243403661
2026-04-25,9.792060765592424,1.121926612751916,63.3,34.5,19.5,25.7,4.018232911013871
2026-04-26,9.858454680205359,1.271516827785505,66.8,35.4,21.7,27.3,4.260104205155563
2026-04-27,9.941749787051261,1.3463119353022994,74.2,35.5,21.7,27.1,4.169146004595139
2026-04-28,6.17409903127944,0.5235657526175608,89.8,30.5,23.6,25.9,2.0687895792005886
2026-04-30,9.869412670558381,1.1967217202687106,79.6,33.6,21.3,25.3,3.7735638534353226
2026-05-01,5.5737803567062025,0.5235657526175608,93.1,28.5,22.4,24.2,1.8047566113510076
2026-05-02,9.037273847760558,1.271516827785505,76.4,33.9,21.9,25.8,3.729652452293768
2026-05-03,4.0251776150582925,0.8227461826847385,93.9,24.9,21.2,22.2,1.308757664340278
2026-05-04,8.475070342022057,0.897541290201533,86.2,28.2,18.6,22.1,2.8197779303194612
2026-05-05,9.15676503836136,1.1967217202687106,71.6,32.2,18.4,24.3,3.5276858611500788
2026-05-08,6.980722245496303,1.3463119353022994,67.2,31.3,22.3,26.7,3.097342051200249
2026-05-09,8.741722594983122,1.5706972578526825,63.1,34.0,22.4,27.3,4.156739714264271
2026-05-10,4.591846164641771,1.0471315052351216,91.6,26.6,20.6,22.2,1.6441347139638418
2026-05-11,4.558856546362029,0.7479510751679441,88.5,21.7,18.1,19.4,1.4098071687036289
2026-05-12,7.906258526125441,0.5983608601343553,75.2,25.5,15.7,19.5,2.50815328972959
2026-05-13,8.236789220756163,1.121926612751916,84.0,29.8,15.4,20.8,3.0071346659831093
2026-05-14,6.522814764972058,0.7479510751679441,87.6,27.0,18.2,21.8,2.1093730034000227
2026-05-15,5.484042251449726,0.5983608601343553,88.0,26.2,19.6,22.7,1.7169001189897364
2026-05-16,7.554149796132208,0.8227461826847385,81.8,29.8,19.0,23.2,2.575692352363258
2026-05-19,3.8050296526473097,0.5983608601343553,93.9,24.6,21.6,22.4,1.1938038358379843
2026-05-20,2.9894042464516026,0.22438532255038324,99.1,23.3,19.7,20.9,0.8566101455907885
2026-05-24,7.604553180159574,0.9723363977183274,84.5,28.6,18.2,22.5,2.516051973360729
2026-05-26,6.848530496680285,0.8227461826847385,85.3,28.1,19.7,22.7,2.2797635073415004
2026-05-28,7.452972264618825,0.8227461826847385,76.8,25.9,18.1,21.8,2.4845571159549893
2026-05-29,5.1687283959240125,0.5983608601343553,88.2,24.7,17.6,20.4,1.630478037004094
2026-05-30,5.7467587980809505,0.6731559676511497,80.6,26.5,18.7,21.5,1.9506551179753966
2026-05-31,5.871864106319826,0.897541290201533,79.4,26.2,19.7,22.1,2.119750523496436
2026-06-01,6.30888847168386,0.7479510751679441,89.2,25.4,18.4,21.2,1.9817973580364463
2026-06-03,5.995009633142894,0.5235657526175608,89.2,25.5,16.8,20.3,1.8461829347006333
2026-06-09,6.312126462588368,1.0471315052351216,68.2,29.9,13.9,20.7,2.588617610252258
2026-06-10,6.333266303750616,0.8227461826847385,85.3,26.3,14.1,19.8,2.0677139875756683
2026-06-12,5.1763932200284515,1.3463119353022994,85.8,28.0,18.6,21.5,2.1648068196002246
2026-06-13,5.076899845933252,1.271516827785505,72.5,28.7,19.8,23.8,2.278619173025745
2026-06-14,5.279846991924463,0.5235657526175608,85.8,27.5,19.9,22.1,1.7981700563400382
2026-06-15,4.11721260820492,1.121926612751916,93.9,25.6,17.8,20.7,1.4202893887678723
2026-06-17,4.157664647840443,0.4487706451007665,93.3,22.3,17.8,19.0,1.2427056284829012
2026-06-18,6.194278210900416,0.7479510751679441,85.3,23.6,14.3,18.2,1.9376140627654508
2026-06-20,6.1409610456670105,1.7202874728862712,61.0,29.1,15.2,22.4,3.14865196657788
2026-06-21,3.2666441380565208,1.0471315052351216,85.5,24.9,19.8,21.0,1.3938176161402502
2026-06-22,6.960753490413292,1.121926612751916,84.5,29.4,15.6,21.5,2.5713933624073335
2026-06-23,6.495780818368389,1.7202874728862712,70.8,30.8,18.8,23.6,3.212765854880896
2026-06-24,2.509838735176999,0.6731559676511497,99.1,21.5,19.5,19.7,0.7394411898974923
2026-06-25,2.8665288020813877,0.7479510751679441,99.8,19.3,17.4,18.2,0.7313356233571191
2026-06-29,6.794092503000399,1.4211070428190937,72.4,30.5,19.6,23.7,3.0597629372535797
2026-07-01,6.986891475149746,1.3463119353022994,72.4,33.0,17.3,24.1,3.1568532953229376
2026-07-02,6.946152321813101,1.0471315052351216,69.8,31.9,18.7,24.0,2.906099744048576
2026-07-03,6.921595435001107,1.1967217202687106,78.9,30.5,17.5,22.3,2.7625792164264413
2026-07-04,4.31784794408994,0.8227461826847385,94.2,24.9,19.7,20.5,1.4434038271608178
2026-07-05,3.618671345223472,0.5235657526175608,94.7,22.3,17.6,18.7,1.099764054727807
2026-07-06,6.221458327683386,0.7479510751679441,82.1,24.9,15.0,19.5,1.9170780573875108
2026-07-09,5.916555348223493,0.5983608601343553,85.4,24.6,17.4,19.2,1.9155811279413284
2026-07-12,4.61665279137652,1.4959021503358882,77.8,29.4,18.6,22.2,2.3645227749973423
2026-07-13,4.937210450528683,1.121926612751916,72.6,22.4,16.6,19.3,1.8993431086791916
2026-07-14,5.093136867184468,0.6731559676511497,82.4,21.6,12.3,16.7,1.555135959576954
2026-07-15,6.760207645134614,1.0471315052351216,81.1,25.2,12.4,17.5,2.392197388722575
2026-07-16,6.909586503281065,1.9446727954366547,66.7,27.0,10.4,18.4,3.195383707776132
2026-07-17,6.613628521557359,2.9170091931549815,50.3,27.9,16.3,22.4,4.439553087173502
2026-07-18,6.594777463721852,3.0665994081885706,49.1,30.2,19.6,24.0,5.107510454323472
2026-07-19,6.939855118361041,2.692623870604599,50.8,29.4,21.3,25.1,4.5980372612801235
2026-07-20,7.023720447961457,1.8698776879198602,54.5,30.7,20.4,24.6,4.028603815170274
2026-07-21,6.95108990829694,1.795082580403066,50.8,32.1,19.8,25.3,4.140689509072005
2026-07-22,7.2646882015634935,1.645492365369477,63.8,33.4,20.7,24.3,4.008064420049786
2026-07-23,6.9130232922815384,1.1967217202687106,75.6,28.0,17.0,21.8,2.592310644613782
2026-07-24,3.104227678074482,0.4487706451007665,94.0,21.7,19.3,20.0,0.9231058555030653
2026-07-25,5.874308428620956,0.9723363977183274,89.6,24.2,17.9,20.3,1.8592865790780844
2026-07-26,8.17987859981034,0.6731559676511497,82.5,27.0,17.4,20.8,2.644420959668827
2026-07-28,8.177116255099264,1.271516827785505,72.1,32.6,15.8,23.1,3.3965911144708287
2026-07-29,7.1308988124906625,1.795082580403066,58.6,36.1,20.0,25.8,4.475322788721651
2026-07-30,6.297648920326524,1.4211070428190937,69.8,25.6,17.9,21.9,2.53608203840866
2026-07-31,6.991953296427095,0.6731559676511497,81.3,26.7,15.1,20.8,2.238504589983277
2026-08-01,8.279207521403837,2.019467902953449,67.2,27.9,15.3,21.8,3.610343854658569
2026-08-02,7.879116495952919,1.645492365369477,55.8,32.3,20.1,23.9,4.283549638496917
2026-08-03,8.57044319728874,0.8227461826847385,83.2,27.6,13.5,20.2,2.719316420982289
2026-08-04,7.353025099327539,1.0471315052351216,75.5,31.7,15.4,22.4,3.0345117335211986
2026-08-05,8.069192240798088,1.3463119353022994,57.2,33.2,18.0,25.1,3.9423254398071115
2026-08-06,5.917557480570787,1.5706972578526825,51.5,33.7,18.7,25.9,3.72821156364459
2026-08-07,7.341313779696141,2.019467902953449,57.8,33.2,20.4,25.6,4.320497450527781
2026-08-08,7.256361800729707,1.271516827785505,75.0,31.2,20.3,24.5,3.063600128155172
2026-08-09,8.37149385518727,2.019467902953449,70.8,30.3,20.3,25.3,3.636858240329172
2026-08-10,3.728467864840452,1.1967217202687106,94.9,23.0,19.9,20.4,1.2421030083874052
2026-08-11,3.8742783464563764,0.897541290201533,97.3,20.2,17.6,18.3,1.0777543477225215
2026-08-12,6.0847164125451965,0.897541290201533,84.8,24.5,17.3,20.0,2.0174120558750546
2026-08-13,8.824356964784403,1.645492365369477,76.2,33.3,17.3,23.4,3.88996143125223
2026-08-14,5.979749095306043,0.8227461826847385,88.1,26.6,20.9,23.0,1.98354398376823
2026-08-15,3.15296406934593,0.7479510751679441,97.1,23.5,20.7,21.1,0.9877624804692918
2026-08-16,8.378501885795709,1.4959021503358882,85.5,27.2,19.4,22.0,2.9399408264111955
2026-08-17,9.92990975139216,1.9446727954366547,74.3,29.9,17.2,23.1,4.000066825507693
2026-08-18,9.710163786556805,2.094263010470243,60.6,32.2,19.1,24.9,4.756426637386489
2026-08-19,9.630746411451355,1.5706972578526825,54.7,35.4,20.5,26.5,4.8855419542653165
2026-08-21,8.504220127985452,2.243853225503832,57.9,35.4,18.6,24.6,5.260608101986475
2026-08-22,4.165160807306658,0.7479510751679441,85.7,22.0,18.1,19.6,1.3680500104245021
2026-08-23,5.366646472134399,0.6731559676511497,81.7,24.2,17.7,20.2,1.7795953164308291
2026-08-24,2.789301747127771,0.29918043006717765,98.8,20.4,18.2,19.1,0.7569428261741876
2026-08-26,5.892033312073158,0.5235657526175608,93.0,25.4,18.6,20.9,1.797000887319779
2026-08-27,3.7996607311957518,0.897541290201533,97.7,22.3,19.6,20.6,1.0762347341235219
2026-08-28,11.245880349338083,1.5706972578526825,80.1,31.7,17.2,23.6,4.125788987310533
2026-08-29,10.023645951259592,1.9446727954366547,59.8,36.8,22.9,28.8,5.2040421198232645
2026-08-30,9.413085629610478,1.8698776879198602,75.8,28.7,24.0,25.5,3.703055181297561
